"gene","atlas","tissue","compartment","fraction","n_cells","qualifying"
"MYC","GSE125449","liver_biliary","epithelial",0.339028776978417,3094,TRUE
"IL6","GSE125449","liver_biliary","epithelial",0.0191815856777494,3094,TRUE
"SOCS3","GSE125449","liver_biliary","epithelial",0.0599331423113658,3094,TRUE
"ACVR1B","GSE125449","liver_biliary","epithelial",0.565826330532213,3094,TRUE
"ACVRL1","GSE125449","liver_biliary","epithelial",0.129855715871254,3094,TRUE
"BAK1","GSE125449","liver_biliary","epithelial",0.393153526970954,3094,TRUE
"CBL","GSE125449","liver_biliary","epithelial",0.261494252873563,3094,TRUE
"CCL7","GSE125449","liver_biliary","epithelial",NA,3094,TRUE
"CCR1","GSE125449","liver_biliary","epithelial",0.0255102040816327,3094,TRUE
"CD14","GSE125449","liver_biliary","epithelial",0.384599244649601,3094,TRUE
"CD36","GSE125449","liver_biliary","epithelial",0.116796695731987,3094,TRUE
"CD38","GSE125449","liver_biliary","epithelial",0.00834028356964137,3094,TRUE
"CD44","GSE125449","liver_biliary","epithelial",0.340002598414967,3094,TRUE
"CD9","GSE125449","liver_biliary","epithelial",0.291590354090354,3094,TRUE
"CNTFR","GSE125449","liver_biliary","epithelial",0.6,3094,TRUE
"CRLF2","GSE125449","liver_biliary","epithelial",NA,3094,TRUE
"CSF1","GSE125449","liver_biliary","epithelial",0.341307814992026,3094,TRUE
"CSF2","GSE125449","liver_biliary","epithelial",NA,3094,TRUE
"CSF2RA","GSE125449","liver_biliary","epithelial",0.189086294416244,3094,TRUE
"CSF2RB","GSE125449","liver_biliary","epithelial",0.00934579439252336,3094,TRUE
"CSF3R","GSE125449","liver_biliary","epithelial",0.051948051948052,3094,TRUE
"CXCL1","GSE125449","liver_biliary","epithelial",0.943118334179787,3094,TRUE
"CXCL10","GSE125449","liver_biliary","epithelial",0.197210383572259,3094,TRUE
"CXCL11","GSE125449","liver_biliary","epithelial",0.177676537585421,3094,TRUE
"CXCL13","GSE125449","liver_biliary","epithelial",0.0174804098854732,3094,TRUE
"CXCL3","GSE125449","liver_biliary","epithelial",0.42233601560595,3094,TRUE
"CXCL9","GSE125449","liver_biliary","epithelial",0.0647359454855196,3094,TRUE
"DNTT","GSE125449","liver_biliary","epithelial",NA,3094,TRUE
"EBI3","GSE125449","liver_biliary","epithelial",0.0927152317880795,3094,TRUE
"FAS","GSE125449","liver_biliary","epithelial",0.258345428156749,3094,TRUE
"GRB2","GSE125449","liver_biliary","epithelial",0.271166715158568,3094,TRUE
"HAX1","GSE125449","liver_biliary","epithelial",0.508145131432803,3094,TRUE
"IFNGR1","GSE125449","liver_biliary","epithelial",0.401040312093628,3094,TRUE
"IFNGR2","GSE125449","liver_biliary","epithelial",0.453435804701627,3094,TRUE
"IL10RB","GSE125449","liver_biliary","epithelial",0.356386292834891,3094,TRUE
"IL12RB1","GSE125449","liver_biliary","epithelial",0.0259067357512953,3094,TRUE
"IL13RA1","GSE125449","liver_biliary","epithelial",0.518131530424093,3094,TRUE
"IL15RA","GSE125449","liver_biliary","epithelial",0.462203023758099,3094,TRUE
"IL17RA","GSE125449","liver_biliary","epithelial",0.28158844765343,3094,TRUE
"IL17RB","GSE125449","liver_biliary","epithelial",0.865454545454545,3094,TRUE
"IL18R1","GSE125449","liver_biliary","epithelial",0.177142857142857,3094,TRUE
"IL1B","GSE125449","liver_biliary","epithelial",0.0175612988734261,3094,TRUE
"IL1R1","GSE125449","liver_biliary","epithelial",0.440567066521265,3094,TRUE
"IL1R2","GSE125449","liver_biliary","epithelial",0.73780487804878,3094,TRUE
"IL2RA","GSE125449","liver_biliary","epithelial",0.0305882352941176,3094,TRUE
"IL2RG","GSE125449","liver_biliary","epithelial",0.168787878787879,3094,TRUE
"IL3RA","GSE125449","liver_biliary","epithelial",0.014720314033366,3094,TRUE
"IL4R","GSE125449","liver_biliary","epithelial",0.286215978928885,3094,TRUE
"IL6ST","GSE125449","liver_biliary","epithelial",0.349191937534048,3094,TRUE
"IL7","GSE125449","liver_biliary","epithelial",0.460122699386503,3094,TRUE
"IL9R","GSE125449","liver_biliary","epithelial",NA,3094,TRUE
"INHBE","GSE125449","liver_biliary","epithelial",0.994838709677419,3094,TRUE
"IRF9","GSE125449","liver_biliary","epithelial",0.149293286219081,3094,TRUE
"ITGA4","GSE125449","liver_biliary","epithelial",0.0112994350282486,3094,TRUE
"ITGB3","GSE125449","liver_biliary","epithelial",NA,3094,TRUE
"JUN","GSE125449","liver_biliary","epithelial",0.192518525367535,3094,TRUE
"LEPR","GSE125449","liver_biliary","epithelial",0.725040916530278,3094,TRUE
"LTB","GSE125449","liver_biliary","epithelial",0.0863257163583605,3094,TRUE
"LTBR","GSE125449","liver_biliary","epithelial",0.573038985439173,3094,TRUE
"MAP3K8","GSE125449","liver_biliary","epithelial",0.343979283556323,3094,TRUE
"OSMR","GSE125449","liver_biliary","epithelial",0.627414903403864,3094,TRUE
"PDGFC","GSE125449","liver_biliary","epithelial",0.70746887966805,3094,TRUE
"PF4","GSE125449","liver_biliary","epithelial",0.921875,3094,TRUE
"PIK3R5","GSE125449","liver_biliary","epithelial",0.0384615384615385,3094,TRUE
"PLA2G2A","GSE125449","liver_biliary","epithelial",0.847303443794672,3094,TRUE
"PTPN1","GSE125449","liver_biliary","epithelial",0.26054303870595,3094,TRUE
"PTPN11","GSE125449","liver_biliary","epithelial",0.602873563218391,3094,TRUE
"PTPN2","GSE125449","liver_biliary","epithelial",0.325055432372506,3094,TRUE
"REG1A","GSE125449","liver_biliary","epithelial",0.977885548011639,3094,TRUE
"SOCS1","GSE125449","liver_biliary","epithelial",0.114928169893816,3094,TRUE
"STAM2","GSE125449","liver_biliary","epithelial",0.535135135135135,3094,TRUE
"STAT2","GSE125449","liver_biliary","epithelial",0.430485762144054,3094,TRUE
"STAT3","GSE125449","liver_biliary","epithelial",0.209789057350033,3094,TRUE
"TGFB1","GSE125449","liver_biliary","epithelial",0.236598890942699,3094,TRUE
"TLR2","GSE125449","liver_biliary","epithelial",0.14,3094,TRUE
"TNF","GSE125449","liver_biliary","epithelial",0.029445073612684,3094,TRUE
"TNFRSF12A","GSE125449","liver_biliary","epithelial",0.862310677181124,3094,TRUE
"TNFRSF1A","GSE125449","liver_biliary","epithelial",0.346330275229358,3094,TRUE
"TNFRSF1B","GSE125449","liver_biliary","epithelial",0.0632250580046404,3094,TRUE
"TNFRSF21","GSE125449","liver_biliary","epithelial",0.664290805416964,3094,TRUE
"ABCA1","GSE125449","liver_biliary","epithelial",0.458057395143488,3094,TRUE
"AKAP12","GSE125449","liver_biliary","epithelial",0.340227088402271,3094,TRUE
"BCL2L1","GSE125449","liver_biliary","epithelial",0.631473303894018,3094,TRUE
"BCL6","GSE125449","liver_biliary","epithelial",0.255813953488372,3094,TRUE
"CCND1","GSE125449","liver_biliary","epithelial",0.456212121212121,3094,TRUE
"CCND3","GSE125449","liver_biliary","epithelial",0.220962199312715,3094,TRUE
"CDK4","GSE125449","liver_biliary","epithelial",0.618535048569178,3094,TRUE
"CDKN1A","GSE125449","liver_biliary","epithelial",0.218433832456495,3094,TRUE
"CDKN1B","GSE125449","liver_biliary","epithelial",0.207766011094302,3094,TRUE
"CFLAR","GSE125449","liver_biliary","epithelial",0.37359128474831,3094,TRUE
"CISH","GSE125449","liver_biliary","epithelial",0.315136476426799,3094,TRUE
"COPS5","GSE125449","liver_biliary","epithelial",0.522851919561243,3094,TRUE
"CXCL8","GSE125449","liver_biliary","epithelial",0.599951641177537,3094,TRUE
"DDIT3","GSE125449","liver_biliary","epithelial",0.596046325878594,3094,TRUE
"DNMT1","GSE125449","liver_biliary","epithelial",0.299477930707167,3094,TRUE
"EPAS1","GSE125449","liver_biliary","epithelial",0.0909847434119279,3094,TRUE
"ESR2","GSE125449","liver_biliary","epithelial",0.180952380952381,3094,TRUE
"ETV6","GSE125449","liver_biliary","epithelial",0.314864864864865,3094,TRUE
"FGG","GSE125449","liver_biliary","epithelial",0.954657217240382,3094,TRUE
"FGL1","GSE125449","liver_biliary","epithelial",0.871517771373679,3094,TRUE
"FOS","GSE125449","liver_biliary","epithelial",0.184549220169914,3094,TRUE
"GFAP","GSE125449","liver_biliary","epithelial",0.65,3094,TRUE
"GREB1","GSE125449","liver_biliary","epithelial",0.711111111111111,3094,TRUE
"HSPA4","GSE125449","liver_biliary","epithelial",0.493645750595711,3094,TRUE
"HSPB1","GSE125449","liver_biliary","epithelial",0.478712207202559,3094,TRUE
"ICAM1","GSE125449","liver_biliary","epithelial",0.31626754748142,3094,TRUE
"IKBKE","GSE125449","liver_biliary","epithelial",0.47732181425486,3094,TRUE
"JAK2","GSE125449","liver_biliary","epithelial",0.29368029739777,3094,TRUE
"JUNB","GSE125449","liver_biliary","epithelial",0.0957529130732222,3094,TRUE
"KRT17","GSE125449","liver_biliary","epithelial",0.986564299424184,3094,TRUE
"LEP","GSE125449","liver_biliary","epithelial",NA,3094,TRUE
"LGALS3BP","GSE125449","liver_biliary","epithelial",0.647812971342383,3094,TRUE
"LTBP1","GSE125449","liver_biliary","epithelial",0.205623901581722,3094,TRUE
"MCL1","GSE125449","liver_biliary","epithelial",0.308281756557619,3094,TRUE
"MDC1","GSE125449","liver_biliary","epithelial",0.478260869565217,3094,TRUE
"MMP1","GSE125449","liver_biliary","epithelial",0.832,3094,TRUE
"MMP7","GSE125449","liver_biliary","epithelial",0.980885961513625,3094,TRUE
"MUC1","GSE125449","liver_biliary","epithelial",0.983526268922529,3094,TRUE
"NME1","GSE125449","liver_biliary","epithelial",0.690924183729939,3094,TRUE
"OAS1","GSE125449","liver_biliary","epithelial",0.458083832335329,3094,TRUE
"OPRM1","GSE125449","liver_biliary","epithelial",NA,3094,TRUE
"PAX3","GSE125449","liver_biliary","epithelial",NA,3094,TRUE
"PHB","GSE125449","liver_biliary","epithelial",0.625,3094,TRUE
"POU2F1","GSE125449","liver_biliary","epithelial",0.416539050535988,3094,TRUE
"PPARA","GSE125449","liver_biliary","epithelial",0.587671232876712,3094,TRUE
"PRDM1","GSE125449","liver_biliary","epithelial",0.026410998552822,3094,TRUE
"PROS1","GSE125449","liver_biliary","epithelial",0.574794520547945,3094,TRUE
"PSMB5","GSE125449","liver_biliary","epithelial",0.601697312588402,3094,TRUE
"PTGS2","GSE125449","liver_biliary","epithelial",0.109936575052854,3094,TRUE
"PTPN6","GSE125449","liver_biliary","epithelial",0.191769547325103,3094,TRUE
"ROR1","GSE125449","liver_biliary","epithelial",0.774509803921569,3094,TRUE
"S100A11","GSE125449","liver_biliary","epithelial",0.687152955133381,3094,TRUE
"S1PR1","GSE125449","liver_biliary","epithelial",0.0199203187250996,3094,TRUE
"SALL4","GSE125449","liver_biliary","epithelial",0.863636363636364,3094,TRUE
"SHH","GSE125449","liver_biliary","epithelial",0.970059880239521,3094,TRUE
"STK11","GSE125449","liver_biliary","epithelial",0.464190981432361,3094,TRUE
"TIMP1","GSE125449","liver_biliary","epithelial",0.291854261548471,3094,TRUE
"TNFRSF10B","GSE125449","liver_biliary","epithelial",0.520361990950226,3094,TRUE
"TP53","GSE125449","liver_biliary","epithelial",0.389306599832916,3094,TRUE
"TP63","GSE125449","liver_biliary","epithelial",0.470588235294118,3094,TRUE
"VDR","GSE125449","liver_biliary","epithelial",0.296153846153846,3094,TRUE
"VEGFA","GSE125449","liver_biliary","epithelial",0.881262868908717,3094,TRUE
"VEGFB","GSE125449","liver_biliary","epithelial",0.61090458488228,3094,TRUE
"ZFP36","GSE125449","liver_biliary","epithelial",0.108298292285248,3094,TRUE
"A2M","GSE125449","liver_biliary","epithelial",0.187052157973671,3094,TRUE
"HMOX1","GSE125449","liver_biliary","epithelial",0.252358490566038,3094,TRUE
"IFNAR1","GSE125449","liver_biliary","epithelial",0.364229765013055,3094,TRUE
"IRF1","GSE125449","liver_biliary","epithelial",0.134338085539715,3094,TRUE
"MYD88","GSE125449","liver_biliary","epithelial",0.400527009222661,3094,TRUE
"PIM1","GSE125449","liver_biliary","epithelial",0.13878842676311,3094,TRUE
"STAT1","GSE125449","liver_biliary","epithelial",0.455841584158416,3094,TRUE
"TYK2","GSE125449","liver_biliary","epithelial",0.383128295254833,3094,TRUE
"BCL2","GSE125449","liver_biliary","epithelial",0.227544910179641,3094,FALSE
"MMP9","GSE125449","liver_biliary","epithelial",0.0913173652694611,3094,FALSE
"HGF","GSE125449","liver_biliary","epithelial",0.109433962264151,3094,FALSE
"MYC","GSE125449","liver_biliary","fibroblast_stromal",0.26378896882494,981,TRUE
"IL6","GSE125449","liver_biliary","fibroblast_stromal",0.424552429667519,981,TRUE
"SOCS3","GSE125449","liver_biliary","fibroblast_stromal",0.144778732887615,981,TRUE
"ACVR1B","GSE125449","liver_biliary","fibroblast_stromal",0.137254901960784,981,TRUE
"ACVRL1","GSE125449","liver_biliary","fibroblast_stromal",0.0810210876803552,981,TRUE
"BAK1","GSE125449","liver_biliary","fibroblast_stromal",0.0809128630705394,981,TRUE
"CBL","GSE125449","liver_biliary","fibroblast_stromal",0.109195402298851,981,TRUE
"CCL7","GSE125449","liver_biliary","fibroblast_stromal",NA,981,TRUE
"CCR1","GSE125449","liver_biliary","fibroblast_stromal",0.0102040816326531,981,TRUE
"CD14","GSE125449","liver_biliary","fibroblast_stromal",0.0188837599664289,981,TRUE
"CD36","GSE125449","liver_biliary","fibroblast_stromal",0.434603028912345,981,TRUE
"CD38","GSE125449","liver_biliary","fibroblast_stromal",0.0108423686405338,981,TRUE
"CD44","GSE125449","liver_biliary","fibroblast_stromal",0.0732753020657399,981,TRUE
"CD9","GSE125449","liver_biliary","fibroblast_stromal",0.174145299145299,981,TRUE
"CNTFR","GSE125449","liver_biliary","fibroblast_stromal",0.4,981,TRUE
"CRLF2","GSE125449","liver_biliary","fibroblast_stromal",NA,981,TRUE
"CSF1","GSE125449","liver_biliary","fibroblast_stromal",0.212121212121212,981,TRUE
"CSF2","GSE125449","liver_biliary","fibroblast_stromal",NA,981,TRUE
"CSF2RA","GSE125449","liver_biliary","fibroblast_stromal",0.00888324873096447,981,TRUE
"CSF2RB","GSE125449","liver_biliary","fibroblast_stromal",0.00623052959501558,981,TRUE
"CSF3R","GSE125449","liver_biliary","fibroblast_stromal",0.0173160173160173,981,TRUE
"CXCL1","GSE125449","liver_biliary","fibroblast_stromal",0.0199762993059082,981,TRUE
"CXCL10","GSE125449","liver_biliary","fibroblast_stromal",0.108872530027121,981,TRUE
"CXCL11","GSE125449","liver_biliary","fibroblast_stromal",0.0592255125284738,981,TRUE
"CXCL13","GSE125449","liver_biliary","fibroblast_stromal",0,981,TRUE
"CXCL3","GSE125449","liver_biliary","fibroblast_stromal",0.0182882223847842,981,TRUE
"CXCL9","GSE125449","liver_biliary","fibroblast_stromal",0.145655877342419,981,TRUE
"DNTT","GSE125449","liver_biliary","fibroblast_stromal",NA,981,TRUE
"EBI3","GSE125449","liver_biliary","fibroblast_stromal",0.0132450331125828,981,TRUE
"FAS","GSE125449","liver_biliary","fibroblast_stromal",0.307692307692308,981,TRUE
"GRB2","GSE125449","liver_biliary","fibroblast_stromal",0.0526622054116963,981,TRUE
"HAX1","GSE125449","liver_biliary","fibroblast_stromal",0.0807108478341355,981,TRUE
"IFNGR1","GSE125449","liver_biliary","fibroblast_stromal",0.0793237971391417,981,TRUE
"IFNGR2","GSE125449","liver_biliary","fibroblast_stromal",0.0958408679927667,981,TRUE
"IL10RB","GSE125449","liver_biliary","fibroblast_stromal",0.0809968847352025,981,TRUE
"IL12RB1","GSE125449","liver_biliary","fibroblast_stromal",0.0440414507772021,981,TRUE
"IL13RA1","GSE125449","liver_biliary","fibroblast_stromal",0.0872771972956361,981,TRUE
"IL15RA","GSE125449","liver_biliary","fibroblast_stromal",0.116630669546436,981,TRUE
"IL17RA","GSE125449","liver_biliary","fibroblast_stromal",0.106498194945848,981,TRUE
"IL17RB","GSE125449","liver_biliary","fibroblast_stromal",0.00727272727272727,981,TRUE
"IL18R1","GSE125449","liver_biliary","fibroblast_stromal",0.0571428571428571,981,TRUE
"IL1B","GSE125449","liver_biliary","fibroblast_stromal",0.00198807157057654,981,TRUE
"IL1R1","GSE125449","liver_biliary","fibroblast_stromal",0.264994547437296,981,TRUE
"IL1R2","GSE125449","liver_biliary","fibroblast_stromal",0.016260162601626,981,TRUE
"IL2RA","GSE125449","liver_biliary","fibroblast_stromal",0.00705882352941176,981,TRUE
"IL2RG","GSE125449","liver_biliary","fibroblast_stromal",0.00484848484848485,981,TRUE
"IL3RA","GSE125449","liver_biliary","fibroblast_stromal",0.0117762512266928,981,TRUE
"IL4R","GSE125449","liver_biliary","fibroblast_stromal",0.0939420544337138,981,TRUE
"IL6ST","GSE125449","liver_biliary","fibroblast_stromal",0.120210641002361,981,TRUE
"IL7","GSE125449","liver_biliary","fibroblast_stromal",0.214723926380368,981,TRUE
"IL9R","GSE125449","liver_biliary","fibroblast_stromal",NA,981,TRUE
"INHBE","GSE125449","liver_biliary","fibroblast_stromal",0,981,TRUE
"IRF9","GSE125449","liver_biliary","fibroblast_stromal",0.0795053003533569,981,TRUE
"ITGA4","GSE125449","liver_biliary","fibroblast_stromal",0.077683615819209,981,TRUE
"ITGB3","GSE125449","liver_biliary","fibroblast_stromal",NA,981,TRUE
"JUN","GSE125449","liver_biliary","fibroblast_stromal",0.239013565456299,981,TRUE
"LEPR","GSE125449","liver_biliary","fibroblast_stromal",0.027823240589198,981,TRUE
"LTB","GSE125449","liver_biliary","fibroblast_stromal",0.00616612259702575,981,TRUE
"LTBR","GSE125449","liver_biliary","fibroblast_stromal",0.137623297322687,981,TRUE
"MAP3K8","GSE125449","liver_biliary","fibroblast_stromal",0.054380664652568,981,TRUE
"OSMR","GSE125449","liver_biliary","fibroblast_stromal",0.176632934682613,981,TRUE
"PDGFC","GSE125449","liver_biliary","fibroblast_stromal",0.188796680497925,981,TRUE
"PF4","GSE125449","liver_biliary","fibroblast_stromal",0.015625,981,TRUE
"PIK3R5","GSE125449","liver_biliary","fibroblast_stromal",0,981,TRUE
"PLA2G2A","GSE125449","liver_biliary","fibroblast_stromal",0.0630279402209227,981,TRUE
"PTPN1","GSE125449","liver_biliary","fibroblast_stromal",0.073367995378394,981,TRUE
"PTPN11","GSE125449","liver_biliary","fibroblast_stromal",0.0758620689655172,981,TRUE
"PTPN2","GSE125449","liver_biliary","fibroblast_stromal",0.0842572062084257,981,TRUE
"REG1A","GSE125449","liver_biliary","fibroblast_stromal",0.00252182347235694,981,TRUE
"SOCS1","GSE125449","liver_biliary","fibroblast_stromal",0.0537164272329794,981,TRUE
"STAM2","GSE125449","liver_biliary","fibroblast_stromal",0.0918918918918919,981,TRUE
"STAT2","GSE125449","liver_biliary","fibroblast_stromal",0.134003350083752,981,TRUE
"STAT3","GSE125449","liver_biliary","fibroblast_stromal",0.130191166776533,981,TRUE
"TGFB1","GSE125449","liver_biliary","fibroblast_stromal",0.119839802834258,981,TRUE
"TLR2","GSE125449","liver_biliary","fibroblast_stromal",0,981,TRUE
"TNF","GSE125449","liver_biliary","fibroblast_stromal",0.00566251415628539,981,TRUE
"TNFRSF12A","GSE125449","liver_biliary","fibroblast_stromal",0.0891225434973088,981,TRUE
"TNFRSF1A","GSE125449","liver_biliary","fibroblast_stromal",0.200688073394495,981,TRUE
"TNFRSF1B","GSE125449","liver_biliary","fibroblast_stromal",0.052784222737819,981,TRUE
"TNFRSF21","GSE125449","liver_biliary","fibroblast_stromal",0.198146828225232,981,TRUE
"ABCA1","GSE125449","liver_biliary","fibroblast_stromal",0.124724061810155,981,TRUE
"AKAP12","GSE125449","liver_biliary","fibroblast_stromal",0.236415247364152,981,TRUE
"BCL2L1","GSE125449","liver_biliary","fibroblast_stromal",0.0847049377759936,981,TRUE
"BCL6","GSE125449","liver_biliary","fibroblast_stromal",0.116279069767442,981,TRUE
"CCND1","GSE125449","liver_biliary","fibroblast_stromal",0.164393939393939,981,TRUE
"CCND3","GSE125449","liver_biliary","fibroblast_stromal",0.0652920962199313,981,TRUE
"CDK4","GSE125449","liver_biliary","fibroblast_stromal",0.102914150695721,981,TRUE
"CDKN1A","GSE125449","liver_biliary","fibroblast_stromal",0.124848239579118,981,TRUE
"CDKN1B","GSE125449","liver_biliary","fibroblast_stromal",0.13464447806354,981,TRUE
"CFLAR","GSE125449","liver_biliary","fibroblast_stromal",0.0576634109691961,981,TRUE
"CISH","GSE125449","liver_biliary","fibroblast_stromal",0.161290322580645,981,TRUE
"COPS5","GSE125449","liver_biliary","fibroblast_stromal",0.103290676416819,981,TRUE
"CXCL8","GSE125449","liver_biliary","fibroblast_stromal",0.0048358822462673,981,TRUE
"DDIT3","GSE125449","liver_biliary","fibroblast_stromal",0.0802715654952077,981,TRUE
"DNMT1","GSE125449","liver_biliary","fibroblast_stromal",0.0560037968675842,981,TRUE
"EPAS1","GSE125449","liver_biliary","fibroblast_stromal",0.182662968099861,981,TRUE
"ESR2","GSE125449","liver_biliary","fibroblast_stromal",0.0476190476190476,981,TRUE
"ETV6","GSE125449","liver_biliary","fibroblast_stromal",0.0837837837837838,981,TRUE
"FGG","GSE125449","liver_biliary","fibroblast_stromal",0.00115707260630605,981,TRUE
"FGL1","GSE125449","liver_biliary","fibroblast_stromal",0.00144092219020173,981,TRUE
"FOS","GSE125449","liver_biliary","fibroblast_stromal",0.260207532017414,981,TRUE
"GFAP","GSE125449","liver_biliary","fibroblast_stromal",0.05,981,TRUE
"GREB1","GSE125449","liver_biliary","fibroblast_stromal",0.0666666666666667,981,TRUE
"HSPA4","GSE125449","liver_biliary","fibroblast_stromal",0.0988880063542494,981,TRUE
"HSPB1","GSE125449","liver_biliary","fibroblast_stromal",0.171189763698277,981,TRUE
"ICAM1","GSE125449","liver_biliary","fibroblast_stromal",0.0478943022295623,981,TRUE
"IKBKE","GSE125449","liver_biliary","fibroblast_stromal",0.0388768898488121,981,TRUE
"JAK2","GSE125449","liver_biliary","fibroblast_stromal",0.0966542750929368,981,TRUE
"JUNB","GSE125449","liver_biliary","fibroblast_stromal",0.205479605683717,981,TRUE
"KRT17","GSE125449","liver_biliary","fibroblast_stromal",0.00413406171563561,981,TRUE
"LEP","GSE125449","liver_biliary","fibroblast_stromal",NA,981,TRUE
"LGALS3BP","GSE125449","liver_biliary","fibroblast_stromal",0.230266465560583,981,TRUE
"LTBP1","GSE125449","liver_biliary","fibroblast_stromal",0.627416520210896,981,TRUE
"MCL1","GSE125449","liver_biliary","fibroblast_stromal",0.0741968759210139,981,TRUE
"MDC1","GSE125449","liver_biliary","fibroblast_stromal",0.0767263427109974,981,TRUE
"MMP1","GSE125449","liver_biliary","fibroblast_stromal",0,981,TRUE
"MMP7","GSE125449","liver_biliary","fibroblast_stromal",0.00154978690430066,981,TRUE
"MUC1","GSE125449","liver_biliary","fibroblast_stromal",0.00422974176313446,981,TRUE
"NME1","GSE125449","liver_biliary","fibroblast_stromal",0.0536801328168235,981,TRUE
"OAS1","GSE125449","liver_biliary","fibroblast_stromal",0.0508982035928144,981,TRUE
"OPRM1","GSE125449","liver_biliary","fibroblast_stromal",NA,981,TRUE
"PAX3","GSE125449","liver_biliary","fibroblast_stromal",NA,981,TRUE
"PHB","GSE125449","liver_biliary","fibroblast_stromal",0.0677941176470588,981,TRUE
"POU2F1","GSE125449","liver_biliary","fibroblast_stromal",0.0964777947932619,981,TRUE
"PPARA","GSE125449","liver_biliary","fibroblast_stromal",0.0958904109589041,981,TRUE
"PRDM1","GSE125449","liver_biliary","fibroblast_stromal",0.0148335745296671,981,TRUE
"PROS1","GSE125449","liver_biliary","fibroblast_stromal",0.194520547945205,981,TRUE
"PSMB5","GSE125449","liver_biliary","fibroblast_stromal",0.10975954738331,981,TRUE
"PTGS2","GSE125449","liver_biliary","fibroblast_stromal",0.251585623678647,981,TRUE
"PTPN6","GSE125449","liver_biliary","fibroblast_stromal",0.00905349794238683,981,TRUE
"ROR1","GSE125449","liver_biliary","fibroblast_stromal",0.127450980392157,981,TRUE
"S100A11","GSE125449","liver_biliary","fibroblast_stromal",0.0599429898996556,981,TRUE
"S1PR1","GSE125449","liver_biliary","fibroblast_stromal",0.00597609561752988,981,TRUE
"SALL4","GSE125449","liver_biliary","fibroblast_stromal",0,981,TRUE
"SHH","GSE125449","liver_biliary","fibroblast_stromal",0,981,TRUE
"STK11","GSE125449","liver_biliary","fibroblast_stromal",0.122015915119363,981,TRUE
"TIMP1","GSE125449","liver_biliary","fibroblast_stromal",0.590513988288874,981,TRUE
"TNFRSF10B","GSE125449","liver_biliary","fibroblast_stromal",0.0452488687782805,981,TRUE
"TP53","GSE125449","liver_biliary","fibroblast_stromal",0.10359231411863,981,TRUE
"TP63","GSE125449","liver_biliary","fibroblast_stromal",0.117647058823529,981,TRUE
"VDR","GSE125449","liver_biliary","fibroblast_stromal",0.0769230769230769,981,TRUE
"VEGFA","GSE125449","liver_biliary","fibroblast_stromal",0.0229924502402196,981,TRUE
"VEGFB","GSE125449","liver_biliary","fibroblast_stromal",0.110285006195787,981,TRUE
"ZFP36","GSE125449","liver_biliary","fibroblast_stromal",0.167682141937698,981,TRUE
"A2M","GSE125449","liver_biliary","fibroblast_stromal",0.14864189301783,981,TRUE
"HMOX1","GSE125449","liver_biliary","fibroblast_stromal",0.0361635220125786,981,TRUE
"IFNAR1","GSE125449","liver_biliary","fibroblast_stromal",0.102697998259356,981,TRUE
"IRF1","GSE125449","liver_biliary","fibroblast_stromal",0.0654175152749491,981,TRUE
"MYD88","GSE125449","liver_biliary","fibroblast_stromal",0.0513833992094862,981,TRUE
"PIM1","GSE125449","liver_biliary","fibroblast_stromal",0.066003616636528,981,TRUE
"STAT1","GSE125449","liver_biliary","fibroblast_stromal",0.0564356435643564,981,TRUE
"TYK2","GSE125449","liver_biliary","fibroblast_stromal",0.0632688927943761,981,TRUE
"BCL2","GSE125449","liver_biliary","fibroblast_stromal",0.0802395209580838,981,FALSE
"MMP9","GSE125449","liver_biliary","fibroblast_stromal",0.062874251497006,981,FALSE
"HGF","GSE125449","liver_biliary","fibroblast_stromal",0.726415094339623,981,FALSE
"MYC","GSE125449","liver_biliary","myeloid",0.0203836930455636,752,TRUE
"IL6","GSE125449","liver_biliary","myeloid",0.051150895140665,752,TRUE
"SOCS3","GSE125449","liver_biliary","myeloid",0.065425023877746,752,TRUE
"ACVR1B","GSE125449","liver_biliary","myeloid",0.0336134453781513,752,TRUE
"ACVRL1","GSE125449","liver_biliary","myeloid",0.0432852386237514,752,TRUE
"BAK1","GSE125449","liver_biliary","myeloid",0.112033195020747,752,TRUE
"CBL","GSE125449","liver_biliary","myeloid",0.129310344827586,752,TRUE
"CCL7","GSE125449","liver_biliary","myeloid",NA,752,TRUE
"CCR1","GSE125449","liver_biliary","myeloid",0.806122448979592,752,TRUE
"CD14","GSE125449","liver_biliary","myeloid",0.540495174150231,752,TRUE
"CD36","GSE125449","liver_biliary","myeloid",0.0628728774667279,752,TRUE
"CD38","GSE125449","liver_biliary","myeloid",0.125938281901585,752,TRUE
"CD44","GSE125449","liver_biliary","myeloid",0.184097700402754,752,TRUE
"CD9","GSE125449","liver_biliary","myeloid",0.0784493284493284,752,TRUE
"CNTFR","GSE125449","liver_biliary","myeloid",0,752,TRUE
"CRLF2","GSE125449","liver_biliary","myeloid",NA,752,TRUE
"CSF1","GSE125449","liver_biliary","myeloid",0.036682615629984,752,TRUE
"CSF2","GSE125449","liver_biliary","myeloid",NA,752,TRUE
"CSF2RA","GSE125449","liver_biliary","myeloid",0.66751269035533,752,TRUE
"CSF2RB","GSE125449","liver_biliary","myeloid",0.40809968847352,752,TRUE
"CSF3R","GSE125449","liver_biliary","myeloid",0.857142857142857,752,TRUE
"CXCL1","GSE125449","liver_biliary","myeloid",0.0228542407313357,752,TRUE
"CXCL10","GSE125449","liver_biliary","myeloid",0.55366137156141,752,TRUE
"CXCL11","GSE125449","liver_biliary","myeloid",0.521640091116173,752,TRUE
"CXCL13","GSE125449","liver_biliary","myeloid",0.0500301386377336,752,TRUE
"CXCL3","GSE125449","liver_biliary","myeloid",0.434040477932212,752,TRUE
"CXCL9","GSE125449","liver_biliary","myeloid",0.656729131175468,752,TRUE
"DNTT","GSE125449","liver_biliary","myeloid",NA,752,TRUE
"EBI3","GSE125449","liver_biliary","myeloid",0.649006622516556,752,TRUE
"FAS","GSE125449","liver_biliary","myeloid",0.0478955007256894,752,TRUE
"GRB2","GSE125449","liver_biliary","myeloid",0.213267384346814,752,TRUE
"HAX1","GSE125449","liver_biliary","myeloid",0.0520177711958534,752,TRUE
"IFNGR1","GSE125449","liver_biliary","myeloid",0.204421326397919,752,TRUE
"IFNGR2","GSE125449","liver_biliary","myeloid",0.237341772151899,752,TRUE
"IL10RB","GSE125449","liver_biliary","myeloid",0.168847352024922,752,TRUE
"IL12RB1","GSE125449","liver_biliary","myeloid",0.158031088082902,752,TRUE
"IL13RA1","GSE125449","liver_biliary","myeloid",0.188076213890596,752,TRUE
"IL15RA","GSE125449","liver_biliary","myeloid",0.0647948164146868,752,TRUE
"IL17RA","GSE125449","liver_biliary","myeloid",0.205776173285199,752,TRUE
"IL17RB","GSE125449","liver_biliary","myeloid",0.0145454545454545,752,TRUE
"IL18R1","GSE125449","liver_biliary","myeloid",0.102857142857143,752,TRUE
"IL1B","GSE125449","liver_biliary","myeloid",0.948972829688535,752,TRUE
"IL1R1","GSE125449","liver_biliary","myeloid",0.0305343511450382,752,TRUE
"IL1R2","GSE125449","liver_biliary","myeloid",0.136178861788618,752,TRUE
"IL2RA","GSE125449","liver_biliary","myeloid",0.207058823529412,752,TRUE
"IL2RG","GSE125449","liver_biliary","myeloid",0.105757575757576,752,TRUE
"IL3RA","GSE125449","liver_biliary","myeloid",0.070657507360157,752,TRUE
"IL4R","GSE125449","liver_biliary","myeloid",0.057945566286216,752,TRUE
"IL6ST","GSE125449","liver_biliary","myeloid",0.0294171055020883,752,TRUE
"IL7","GSE125449","liver_biliary","myeloid",0.134969325153374,752,TRUE
"IL9R","GSE125449","liver_biliary","myeloid",NA,752,TRUE
"INHBE","GSE125449","liver_biliary","myeloid",0.00129032258064516,752,TRUE
"IRF9","GSE125449","liver_biliary","myeloid",0.0512367491166078,752,TRUE
"ITGA4","GSE125449","liver_biliary","myeloid",0.201977401129944,752,TRUE
"ITGB3","GSE125449","liver_biliary","myeloid",NA,752,TRUE
"JUN","GSE125449","liver_biliary","myeloid",0.0308557993316338,752,TRUE
"LEPR","GSE125449","liver_biliary","myeloid",0.0122749590834697,752,TRUE
"LTB","GSE125449","liver_biliary","myeloid",0.0729960101559666,752,TRUE
"LTBR","GSE125449","liver_biliary","myeloid",0.0643494598403006,752,TRUE
"MAP3K8","GSE125449","liver_biliary","myeloid",0.264566249460509,752,TRUE
"OSMR","GSE125449","liver_biliary","myeloid",0.00367985280588776,752,TRUE
"PDGFC","GSE125449","liver_biliary","myeloid",0.0746887966804979,752,TRUE
"PF4","GSE125449","liver_biliary","myeloid",0,752,TRUE
"PIK3R5","GSE125449","liver_biliary","myeloid",0.397435897435897,752,TRUE
"PLA2G2A","GSE125449","liver_biliary","myeloid",0.00584795321637427,752,TRUE
"PTPN1","GSE125449","liver_biliary","myeloid",0.155979202772964,752,TRUE
"PTPN11","GSE125449","liver_biliary","myeloid",0.0494252873563218,752,TRUE
"PTPN2","GSE125449","liver_biliary","myeloid",0.134811529933481,752,TRUE
"REG1A","GSE125449","liver_biliary","myeloid",0.00193986420950533,752,TRUE
"SOCS1","GSE125449","liver_biliary","myeloid",0.0693316677076827,752,TRUE
"STAM2","GSE125449","liver_biliary","myeloid",0.0720720720720721,752,TRUE
"STAT2","GSE125449","liver_biliary","myeloid",0.0988274706867672,752,TRUE
"STAT3","GSE125449","liver_biliary","myeloid",0.0471324983520105,752,TRUE
"TGFB1","GSE125449","liver_biliary","myeloid",0.111521873074553,752,TRUE
"TLR2","GSE125449","liver_biliary","myeloid",0.82,752,TRUE
"TNF","GSE125449","liver_biliary","myeloid",0.263873159682899,752,TRUE
"TNFRSF12A","GSE125449","liver_biliary","myeloid",0.00826135936913256,752,TRUE
"TNFRSF1A","GSE125449","liver_biliary","myeloid",0.0736811926605505,752,TRUE
"TNFRSF1B","GSE125449","liver_biliary","myeloid",0.218677494199536,752,TRUE
"TNFRSF21","GSE125449","liver_biliary","myeloid",0.0392017106200998,752,TRUE
"ABCA1","GSE125449","liver_biliary","myeloid",0.27924944812362,752,TRUE
"AKAP12","GSE125449","liver_biliary","myeloid",0.00283860502838605,752,TRUE
"BCL2L1","GSE125449","liver_biliary","myeloid",0.0305098354074669,752,TRUE
"BCL6","GSE125449","liver_biliary","myeloid",0.0770348837209302,752,TRUE
"CCND1","GSE125449","liver_biliary","myeloid",0.0240909090909091,752,TRUE
"CCND3","GSE125449","liver_biliary","myeloid",0.074914089347079,752,TRUE
"CDK4","GSE125449","liver_biliary","myeloid",0.0425308479915988,752,TRUE
"CDKN1A","GSE125449","liver_biliary","myeloid",0.0781060299473897,752,TRUE
"CDKN1B","GSE125449","liver_biliary","myeloid",0.0741301059001513,752,TRUE
"CFLAR","GSE125449","liver_biliary","myeloid",0.139368895567243,752,TRUE
"CISH","GSE125449","liver_biliary","myeloid",0.0818858560794045,752,TRUE
"COPS5","GSE125449","liver_biliary","myeloid",0.0594149908592322,752,TRUE
"CXCL8","GSE125449","liver_biliary","myeloid",0.357794837695702,752,TRUE
"DDIT3","GSE125449","liver_biliary","myeloid",0.0393370607028754,752,TRUE
"DNMT1","GSE125449","liver_biliary","myeloid",0.145704793545325,752,TRUE
"EPAS1","GSE125449","liver_biliary","myeloid",0.00929264909847434,752,TRUE
"ESR2","GSE125449","liver_biliary","myeloid",0.0476190476190476,752,TRUE
"ETV6","GSE125449","liver_biliary","myeloid",0.175675675675676,752,TRUE
"FGG","GSE125449","liver_biliary","myeloid",0.00133786520104137,752,TRUE
"FGL1","GSE125449","liver_biliary","myeloid",0.00156099903938521,752,TRUE
"FOS","GSE125449","liver_biliary","myeloid",0.0657783507333362,752,TRUE
"GFAP","GSE125449","liver_biliary","myeloid",0.1,752,TRUE
"GREB1","GSE125449","liver_biliary","myeloid",0,752,TRUE
"HSPA4","GSE125449","liver_biliary","myeloid",0.0698967434471803,752,TRUE
"HSPB1","GSE125449","liver_biliary","myeloid",0.0317201527190176,752,TRUE
"ICAM1","GSE125449","liver_biliary","myeloid",0.122763556289568,752,TRUE
"IKBKE","GSE125449","liver_biliary","myeloid",0.120950323974082,752,TRUE
"JAK2","GSE125449","liver_biliary","myeloid",0.29368029739777,752,TRUE
"JUNB","GSE125449","liver_biliary","myeloid",0.0720333755761661,752,TRUE
"KRT17","GSE125449","liver_biliary","myeloid",0.00383877159309021,752,TRUE
"LEP","GSE125449","liver_biliary","myeloid",NA,752,TRUE
"LGALS3BP","GSE125449","liver_biliary","myeloid",0.044746103569633,752,TRUE
"LTBP1","GSE125449","liver_biliary","myeloid",0.00439367311072056,752,TRUE
"MCL1","GSE125449","liver_biliary","myeloid",0.12709991158267,752,TRUE
"MDC1","GSE125449","liver_biliary","myeloid",0.0716112531969309,752,TRUE
"MMP1","GSE125449","liver_biliary","myeloid",0.016,752,TRUE
"MMP7","GSE125449","liver_biliary","myeloid",0.0018080847216841,752,TRUE
"MUC1","GSE125449","liver_biliary","myeloid",0.00244879786286732,752,TRUE
"NME1","GSE125449","liver_biliary","myeloid",0.0352794687327061,752,TRUE
"OAS1","GSE125449","liver_biliary","myeloid",0.143712574850299,752,TRUE
"OPRM1","GSE125449","liver_biliary","myeloid",NA,752,TRUE
"PAX3","GSE125449","liver_biliary","myeloid",NA,752,TRUE
"PHB","GSE125449","liver_biliary","myeloid",0.0569117647058824,752,TRUE
"POU2F1","GSE125449","liver_biliary","myeloid",0.0658499234303216,752,TRUE
"PPARA","GSE125449","liver_biliary","myeloid",0.026027397260274,752,TRUE
"PRDM1","GSE125449","liver_biliary","myeloid",0.0770622286541245,752,TRUE
"PROS1","GSE125449","liver_biliary","myeloid",0.00821917808219178,752,TRUE
"PSMB5","GSE125449","liver_biliary","myeloid",0.0336633663366337,752,TRUE
"PTGS2","GSE125449","liver_biliary","myeloid",0.399577167019027,752,TRUE
"PTPN6","GSE125449","liver_biliary","myeloid",0.330864197530864,752,TRUE
"ROR1","GSE125449","liver_biliary","myeloid",0.00980392156862745,752,TRUE
"S100A11","GSE125449","liver_biliary","myeloid",0.125850620355572,752,TRUE
"S1PR1","GSE125449","liver_biliary","myeloid",0.0112881806108898,752,TRUE
"SALL4","GSE125449","liver_biliary","myeloid",0,752,TRUE
"SHH","GSE125449","liver_biliary","myeloid",0,752,TRUE
"STK11","GSE125449","liver_biliary","myeloid",0.0610079575596817,752,TRUE
"TIMP1","GSE125449","liver_biliary","myeloid",0.0347039687703318,752,TRUE
"TNFRSF10B","GSE125449","liver_biliary","myeloid",0.08710407239819,752,TRUE
"TP53","GSE125449","liver_biliary","myeloid",0.0743525480367586,752,TRUE
"TP63","GSE125449","liver_biliary","myeloid",0.0588235294117647,752,TRUE
"VDR","GSE125449","liver_biliary","myeloid",0.257692307692308,752,TRUE
"VEGFA","GSE125449","liver_biliary","myeloid",0.0569663692518874,752,TRUE
"VEGFB","GSE125449","liver_biliary","myeloid",0.0855018587360595,752,TRUE
"ZFP36","GSE125449","liver_biliary","myeloid",0.074143997253926,752,TRUE
"A2M","GSE125449","liver_biliary","myeloid",0.0365772371271455,752,TRUE
"HMOX1","GSE125449","liver_biliary","myeloid",0.564465408805031,752,TRUE
"IFNAR1","GSE125449","liver_biliary","myeloid",0.0996518711923412,752,TRUE
"IRF1","GSE125449","liver_biliary","myeloid",0.0607739307535642,752,TRUE
"MYD88","GSE125449","liver_biliary","myeloid",0.24901185770751,752,TRUE
"PIM1","GSE125449","liver_biliary","myeloid",0.069620253164557,752,TRUE
"STAT1","GSE125449","liver_biliary","myeloid",0.182970297029703,752,TRUE
"TYK2","GSE125449","liver_biliary","myeloid",0.124780316344464,752,TRUE
"BCL2","GSE125449","liver_biliary","myeloid",0.088622754491018,752,FALSE
"MMP9","GSE125449","liver_biliary","myeloid",0.660179640718563,752,FALSE
"HGF","GSE125449","liver_biliary","myeloid",0.0792452830188679,752,FALSE
"MYC","GSE125449","liver_biliary","lymphoid",0.0944244604316547,3828,TRUE
"IL6","GSE125449","liver_biliary","lymphoid",0.0626598465473146,3828,TRUE
"SOCS3","GSE125449","liver_biliary","lymphoid",0.190624005093919,3828,TRUE
"ACVR1B","GSE125449","liver_biliary","lymphoid",0.0448179271708683,3828,TRUE
"ACVRL1","GSE125449","liver_biliary","lymphoid",0.00443951165371809,3828,TRUE
"BAK1","GSE125449","liver_biliary","lymphoid",0.308091286307054,3828,TRUE
"CBL","GSE125449","liver_biliary","lymphoid",0.186781609195402,3828,TRUE
"CCL7","GSE125449","liver_biliary","lymphoid",NA,3828,TRUE
"CCR1","GSE125449","liver_biliary","lymphoid",0.137755102040816,3828,TRUE
"CD14","GSE125449","liver_biliary","lymphoid",0.00713386487620646,3828,TRUE
"CD36","GSE125449","liver_biliary","lymphoid",0.0057365764111978,3828,TRUE
"CD38","GSE125449","liver_biliary","lymphoid",0.798165137614679,3828,TRUE
"CD44","GSE125449","liver_biliary","lymphoid",0.373262309990906,3828,TRUE
"CD9","GSE125449","liver_biliary","lymphoid",0.0311355311355311,3828,TRUE
"CNTFR","GSE125449","liver_biliary","lymphoid",0,3828,TRUE
"CRLF2","GSE125449","liver_biliary","lymphoid",NA,3828,TRUE
"CSF1","GSE125449","liver_biliary","lymphoid",0.271132376395534,3828,TRUE
"CSF2","GSE125449","liver_biliary","lymphoid",NA,3828,TRUE
"CSF2RA","GSE125449","liver_biliary","lymphoid",0.0532994923857868,3828,TRUE
"CSF2RB","GSE125449","liver_biliary","lymphoid",0.196261682242991,3828,TRUE
"CSF3R","GSE125449","liver_biliary","lymphoid",0.0303030303030303,3828,TRUE
"CXCL1","GSE125449","liver_biliary","lymphoid",0.00287794142542746,3828,TRUE
"CXCL10","GSE125449","liver_biliary","lymphoid",0.1170089112747,3828,TRUE
"CXCL11","GSE125449","liver_biliary","lymphoid",0.0136674259681093,3828,TRUE
"CXCL13","GSE125449","liver_biliary","lymphoid",0.930681133212779,3828,TRUE
"CXCL3","GSE125449","liver_biliary","lymphoid",0.00463301633747866,3828,TRUE
"CXCL9","GSE125449","liver_biliary","lymphoid",0.0119250425894378,3828,TRUE
"DNTT","GSE125449","liver_biliary","lymphoid",NA,3828,TRUE
"EBI3","GSE125449","liver_biliary","lymphoid",0.218543046357616,3828,TRUE
"FAS","GSE125449","liver_biliary","lymphoid",0.3033381712627,3828,TRUE
"GRB2","GSE125449","liver_biliary","lymphoid",0.334594122781495,3828,TRUE
"HAX1","GSE125449","liver_biliary","lymphoid",0.238985560903369,3828,TRUE
"IFNGR1","GSE125449","liver_biliary","lymphoid",0.0775032509752926,3828,TRUE
"IFNGR2","GSE125449","liver_biliary","lymphoid",0.081374321880651,3828,TRUE
"IL10RB","GSE125449","liver_biliary","lymphoid",0.214953271028037,3828,TRUE
"IL12RB1","GSE125449","liver_biliary","lymphoid",0.743523316062176,3828,TRUE
"IL13RA1","GSE125449","liver_biliary","lymphoid",0.0190534726490473,3828,TRUE
"IL15RA","GSE125449","liver_biliary","lymphoid",0.114470842332613,3828,TRUE
"IL17RA","GSE125449","liver_biliary","lymphoid",0.24187725631769,3828,TRUE
"IL17RB","GSE125449","liver_biliary","lymphoid",0.0690909090909091,3828,TRUE
"IL18R1","GSE125449","liver_biliary","lymphoid",0.6,3828,TRUE
"IL1B","GSE125449","liver_biliary","lymphoid",0.00927766732935719,3828,TRUE
"IL1R1","GSE125449","liver_biliary","lymphoid",0.0283533260632497,3828,TRUE
"IL1R2","GSE125449","liver_biliary","lymphoid",0.0955284552845529,3828,TRUE
"IL2RA","GSE125449","liver_biliary","lymphoid",0.734117647058824,3828,TRUE
"IL2RG","GSE125449","liver_biliary","lymphoid",0.693636363636364,3828,TRUE
"IL3RA","GSE125449","liver_biliary","lymphoid",0.0117762512266928,3828,TRUE
"IL4R","GSE125449","liver_biliary","lymphoid",0.319578577699737,3828,TRUE
"IL6ST","GSE125449","liver_biliary","lymphoid",0.0715453059742146,3828,TRUE
"IL7","GSE125449","liver_biliary","lymphoid",0.128834355828221,3828,TRUE
"IL9R","GSE125449","liver_biliary","lymphoid",NA,3828,TRUE
"INHBE","GSE125449","liver_biliary","lymphoid",0.00129032258064516,3828,TRUE
"IRF9","GSE125449","liver_biliary","lymphoid",0.404593639575972,3828,TRUE
"ITGA4","GSE125449","liver_biliary","lymphoid",0.648305084745763,3828,TRUE
"ITGB3","GSE125449","liver_biliary","lymphoid",NA,3828,TRUE
"JUN","GSE125449","liver_biliary","lymphoid",0.24921077311213,3828,TRUE
"LEPR","GSE125449","liver_biliary","lymphoid",0.0229132569558101,3828,TRUE
"LTB","GSE125449","liver_biliary","lymphoid",0.805041712005803,3828,TRUE
"LTBR","GSE125449","liver_biliary","lymphoid",0.0117426021606388,3828,TRUE
"MAP3K8","GSE125449","liver_biliary","lymphoid",0.203280103582218,3828,TRUE
"OSMR","GSE125449","liver_biliary","lymphoid",0.00643974241030359,3828,TRUE
"PDGFC","GSE125449","liver_biliary","lymphoid",0.004149377593361,3828,TRUE
"PF4","GSE125449","liver_biliary","lymphoid",0,3828,TRUE
"PIK3R5","GSE125449","liver_biliary","lymphoid",0.512820512820513,3828,TRUE
"PLA2G2A","GSE125449","liver_biliary","lymphoid",0.0344379467186485,3828,TRUE
"PTPN1","GSE125449","liver_biliary","lymphoid",0.366262276140959,3828,TRUE
"PTPN11","GSE125449","liver_biliary","lymphoid",0.0954022988505747,3828,TRUE
"PTPN2","GSE125449","liver_biliary","lymphoid",0.32860310421286,3828,TRUE
"REG1A","GSE125449","liver_biliary","lymphoid",0.00562560620756547,3828,TRUE
"SOCS1","GSE125449","liver_biliary","lymphoid",0.70893191755153,3828,TRUE
"STAM2","GSE125449","liver_biliary","lymphoid",0.126126126126126,3828,TRUE
"STAT2","GSE125449","liver_biliary","lymphoid",0.159128978224456,3828,TRUE
"STAT3","GSE125449","liver_biliary","lymphoid",0.232366512854318,3828,TRUE
"TGFB1","GSE125449","liver_biliary","lymphoid",0.27449168207024,3828,TRUE
"TLR2","GSE125449","liver_biliary","lymphoid",0.0266666666666667,3828,TRUE
"TNF","GSE125449","liver_biliary","lymphoid",0.668176670441676,3828,TRUE
"TNFRSF12A","GSE125449","liver_biliary","lymphoid",0.010764801602203,3828,TRUE
"TNFRSF1A","GSE125449","liver_biliary","lymphoid",0.0335435779816514,3828,TRUE
"TNFRSF1B","GSE125449","liver_biliary","lymphoid",0.425174013921114,3828,TRUE
"TNFRSF21","GSE125449","liver_biliary","lymphoid",0.00855310049893086,3828,TRUE
"ABCA1","GSE125449","liver_biliary","lymphoid",0.0242825607064018,3828,TRUE
"AKAP12","GSE125449","liver_biliary","lymphoid",0.0048661800486618,3828,TRUE
"BCL2L1","GSE125449","liver_biliary","lymphoid",0.108390204737053,3828,TRUE
"BCL6","GSE125449","liver_biliary","lymphoid",0.191860465116279,3828,TRUE
"CCND1","GSE125449","liver_biliary","lymphoid",0.00909090909090909,3828,TRUE
"CCND3","GSE125449","liver_biliary","lymphoid",0.456701030927835,3828,TRUE
"CDK4","GSE125449","liver_biliary","lymphoid",0.11315305854555,3828,TRUE
"CDKN1A","GSE125449","liver_biliary","lymphoid",0.169566976932416,3828,TRUE
"CDKN1B","GSE125449","liver_biliary","lymphoid",0.371154815935451,3828,TRUE
"CFLAR","GSE125449","liver_biliary","lymphoid",0.235349361382419,3828,TRUE
"CISH","GSE125449","liver_biliary","lymphoid",0.317617866004963,3828,TRUE
"COPS5","GSE125449","liver_biliary","lymphoid",0.139853747714808,3828,TRUE
"CXCL8","GSE125449","liver_biliary","lymphoid",0.00767696306594934,3828,TRUE
"DDIT3","GSE125449","liver_biliary","lymphoid",0.137180511182109,3828,TRUE
"DNMT1","GSE125449","liver_biliary","lymphoid",0.302800189843379,3828,TRUE
"EPAS1","GSE125449","liver_biliary","lymphoid",0.00693481276005548,3828,TRUE
"ESR2","GSE125449","liver_biliary","lymphoid",0.504761904761905,3828,TRUE
"ETV6","GSE125449","liver_biliary","lymphoid",0.182432432432432,3828,TRUE
"FGG","GSE125449","liver_biliary","lymphoid",0.00343505929997107,3828,TRUE
"FGL1","GSE125449","liver_biliary","lymphoid",0.00912584053794428,3828,TRUE
"FOS","GSE125449","liver_biliary","lymphoid",0.100860137791115,3828,TRUE
"GFAP","GSE125449","liver_biliary","lymphoid",0.1,3828,TRUE
"GREB1","GSE125449","liver_biliary","lymphoid",0.1,3828,TRUE
"HSPA4","GSE125449","liver_biliary","lymphoid",0.183478951548848,3828,TRUE
"HSPB1","GSE125449","liver_biliary","lymphoid",0.106428645134661,3828,TRUE
"ICAM1","GSE125449","liver_biliary","lymphoid",0.083402146985962,3828,TRUE
"IKBKE","GSE125449","liver_biliary","lymphoid",0.34341252699784,3828,TRUE
"JAK2","GSE125449","liver_biliary","lymphoid",0.130111524163569,3828,TRUE
"JUNB","GSE125449","liver_biliary","lymphoid",0.189453497370103,3828,TRUE
"KRT17","GSE125449","liver_biliary","lymphoid",0.00413406171563561,3828,TRUE
"LEP","GSE125449","liver_biliary","lymphoid",NA,3828,TRUE
"LGALS3BP","GSE125449","liver_biliary","lymphoid",0.0268979386626445,3828,TRUE
"LTBP1","GSE125449","liver_biliary","lymphoid",0.00966608084358524,3828,TRUE
"MCL1","GSE125449","liver_biliary","lymphoid",0.230916592985558,3828,TRUE
"MDC1","GSE125449","liver_biliary","lymphoid",0.191815856777494,3828,TRUE
"MMP1","GSE125449","liver_biliary","lymphoid",0,3828,TRUE
"MMP7","GSE125449","liver_biliary","lymphoid",0.00142063799560894,3828,TRUE
"MUC1","GSE125449","liver_biliary","lymphoid",0.00445235975066785,3828,TRUE
"NME1","GSE125449","liver_biliary","lymphoid",0.13682899833979,3828,TRUE
"OAS1","GSE125449","liver_biliary","lymphoid",0.229540918163673,3828,TRUE
"OPRM1","GSE125449","liver_biliary","lymphoid",NA,3828,TRUE
"PAX3","GSE125449","liver_biliary","lymphoid",NA,3828,TRUE
"PHB","GSE125449","liver_biliary","lymphoid",0.116911764705882,3828,TRUE
"POU2F1","GSE125449","liver_biliary","lymphoid",0.169984686064319,3828,TRUE
"PPARA","GSE125449","liver_biliary","lymphoid",0.105479452054795,3828,TRUE
"PRDM1","GSE125449","liver_biliary","lymphoid",0.724674384949349,3828,TRUE
"PROS1","GSE125449","liver_biliary","lymphoid",0.00493150684931507,3828,TRUE
"PSMB5","GSE125449","liver_biliary","lymphoid",0.0787835926449788,3828,TRUE
"PTGS2","GSE125449","liver_biliary","lymphoid",0.00634249471458774,3828,TRUE
"PTPN6","GSE125449","liver_biliary","lymphoid",0.367078189300412,3828,TRUE
"ROR1","GSE125449","liver_biliary","lymphoid",0.00980392156862745,3828,TRUE
"S100A11","GSE125449","liver_biliary","lymphoid",0.0523965662124532,3828,TRUE
"S1PR1","GSE125449","liver_biliary","lymphoid",0.118193891102258,3828,TRUE
"SALL4","GSE125449","liver_biliary","lymphoid",0.0681818181818182,3828,TRUE
"SHH","GSE125449","liver_biliary","lymphoid",0,3828,TRUE
"STK11","GSE125449","liver_biliary","lymphoid",0.107427055702918,3828,TRUE
"TIMP1","GSE125449","liver_biliary","lymphoid",0.0179700715679896,3828,TRUE
"TNFRSF10B","GSE125449","liver_biliary","lymphoid",0.0690045248868778,3828,TRUE
"TP53","GSE125449","liver_biliary","lymphoid",0.173767752715121,3828,TRUE
"TP63","GSE125449","liver_biliary","lymphoid",0.235294117647059,3828,TRUE
"VDR","GSE125449","liver_biliary","lymphoid",0.311538461538462,3828,TRUE
"VEGFA","GSE125449","liver_biliary","lymphoid",0.014070006863418,3828,TRUE
"VEGFB","GSE125449","liver_biliary","lymphoid",0.100371747211896,3828,TRUE
"ZFP36","GSE125449","liver_biliary","lymphoid",0.168711919677336,3828,TRUE
"A2M","GSE125449","liver_biliary","lymphoid",0.00683219463422763,3828,TRUE
"HMOX1","GSE125449","liver_biliary","lymphoid",0.0723270440251572,3828,TRUE
"IFNAR1","GSE125449","liver_biliary","lymphoid",0.212793733681462,3828,TRUE
"IRF1","GSE125449","liver_biliary","lymphoid",0.383951120162933,3828,TRUE
"MYD88","GSE125449","liver_biliary","lymphoid",0.155467720685112,3828,TRUE
"PIM1","GSE125449","liver_biliary","lymphoid",0.565551537070524,3828,TRUE
"STAT1","GSE125449","liver_biliary","lymphoid",0.232277227722772,3828,TRUE
"TYK2","GSE125449","liver_biliary","lymphoid",0.179261862917399,3828,TRUE
"BCL2","GSE125449","liver_biliary","lymphoid",0.517365269461078,3828,FALSE
"MMP9","GSE125449","liver_biliary","lymphoid",0.101796407185629,3828,FALSE
"HGF","GSE125449","liver_biliary","lymphoid",0.0188679245283019,3828,FALSE
"MYC","GSE125449","liver_biliary","endothelial",0.261390887290168,1097,TRUE
"IL6","GSE125449","liver_biliary","endothelial",0.441176470588235,1097,TRUE
"SOCS3","GSE125449","liver_biliary","endothelial",0.528096147723655,1097,TRUE
"ACVR1B","GSE125449","liver_biliary","endothelial",0.207282913165266,1097,TRUE
"ACVRL1","GSE125449","liver_biliary","endothelial",0.732519422863485,1097,TRUE
"BAK1","GSE125449","liver_biliary","endothelial",0.0902489626556017,1097,TRUE
"CBL","GSE125449","liver_biliary","endothelial",0.270114942528736,1097,TRUE
"CCL7","GSE125449","liver_biliary","endothelial",NA,1097,TRUE
"CCR1","GSE125449","liver_biliary","endothelial",0,1097,TRUE
"CD14","GSE125449","liver_biliary","endothelial",0.0442719261435166,1097,TRUE
"CD36","GSE125449","liver_biliary","endothelial",0.346718678292795,1097,TRUE
"CD38","GSE125449","liver_biliary","endothelial",0.00250208507089241,1097,TRUE
"CD44","GSE125449","liver_biliary","endothelial",0.0101338183707938,1097,TRUE
"CD9","GSE125449","liver_biliary","endothelial",0.403006715506716,1097,TRUE
"CNTFR","GSE125449","liver_biliary","endothelial",0,1097,TRUE
"CRLF2","GSE125449","liver_biliary","endothelial",NA,1097,TRUE
"CSF1","GSE125449","liver_biliary","endothelial",0.130781499202552,1097,TRUE
"CSF2","GSE125449","liver_biliary","endothelial",NA,1097,TRUE
"CSF2RA","GSE125449","liver_biliary","endothelial",0.0304568527918782,1097,TRUE
"CSF2RB","GSE125449","liver_biliary","endothelial",0.274143302180685,1097,TRUE
"CSF3R","GSE125449","liver_biliary","endothelial",0.0173160173160173,1097,TRUE
"CXCL1","GSE125449","liver_biliary","endothelial",0.01066531234129,1097,TRUE
"CXCL10","GSE125449","liver_biliary","endothelial",0.0166602092212321,1097,TRUE
"CXCL11","GSE125449","liver_biliary","endothelial",0.218678815489749,1097,TRUE
"CXCL13","GSE125449","liver_biliary","endothelial",0.00120554550934298,1097,TRUE
"CXCL3","GSE125449","liver_biliary","endothelial",0.120214581809315,1097,TRUE
"CXCL9","GSE125449","liver_biliary","endothelial",0.11839863713799,1097,TRUE
"DNTT","GSE125449","liver_biliary","endothelial",NA,1097,TRUE
"EBI3","GSE125449","liver_biliary","endothelial",0.00662251655629139,1097,TRUE
"FAS","GSE125449","liver_biliary","endothelial",0.0653120464441219,1097,TRUE
"GRB2","GSE125449","liver_biliary","endothelial",0.0974687227233052,1097,TRUE
"HAX1","GSE125449","liver_biliary","endothelial",0.0997778600518327,1097,TRUE
"IFNGR1","GSE125449","liver_biliary","endothelial",0.193498049414824,1097,TRUE
"IFNGR2","GSE125449","liver_biliary","endothelial",0.114828209764919,1097,TRUE
"IL10RB","GSE125449","liver_biliary","endothelial",0.1601246105919,1097,TRUE
"IL12RB1","GSE125449","liver_biliary","endothelial",0.0129533678756477,1097,TRUE
"IL13RA1","GSE125449","liver_biliary","endothelial",0.161032575291948,1097,TRUE
"IL15RA","GSE125449","liver_biliary","endothelial",0.23110151187905,1097,TRUE
"IL17RA","GSE125449","liver_biliary","endothelial",0.149819494584838,1097,TRUE
"IL17RB","GSE125449","liver_biliary","endothelial",0.00363636363636364,1097,TRUE
"IL18R1","GSE125449","liver_biliary","endothelial",0.00571428571428571,1097,TRUE
"IL1B","GSE125449","liver_biliary","endothelial",0.0102717031146455,1097,TRUE
"IL1R1","GSE125449","liver_biliary","endothelial",0.208287895310796,1097,TRUE
"IL1R2","GSE125449","liver_biliary","endothelial",0.00813008130081301,1097,TRUE
"IL2RA","GSE125449","liver_biliary","endothelial",0.00941176470588235,1097,TRUE
"IL2RG","GSE125449","liver_biliary","endothelial",0.00454545454545455,1097,TRUE
"IL3RA","GSE125449","liver_biliary","endothelial",0.855740922473013,1097,TRUE
"IL4R","GSE125449","liver_biliary","endothelial",0.226514486391572,1097,TRUE
"IL6ST","GSE125449","liver_biliary","endothelial",0.41674232794625,1097,TRUE
"IL7","GSE125449","liver_biliary","endothelial",0.0306748466257669,1097,TRUE
"IL9R","GSE125449","liver_biliary","endothelial",NA,1097,TRUE
"INHBE","GSE125449","liver_biliary","endothelial",0,1097,TRUE
"IRF9","GSE125449","liver_biliary","endothelial",0.290636042402827,1097,TRUE
"ITGA4","GSE125449","liver_biliary","endothelial",0.0169491525423729,1097,TRUE
"ITGB3","GSE125449","liver_biliary","endothelial",NA,1097,TRUE
"JUN","GSE125449","liver_biliary","endothelial",0.27121666424505,1097,TRUE
"LEPR","GSE125449","liver_biliary","endothelial",0.196399345335516,1097,TRUE
"LTB","GSE125449","liver_biliary","endothelial",0.0103373231773667,1097,TRUE
"LTBR","GSE125449","liver_biliary","endothelial",0.192108971348051,1097,TRUE
"MAP3K8","GSE125449","liver_biliary","endothelial",0.115235217954251,1097,TRUE
"OSMR","GSE125449","liver_biliary","endothelial",0.176632934682613,1097,TRUE
"PDGFC","GSE125449","liver_biliary","endothelial",0.020746887966805,1097,TRUE
"PF4","GSE125449","liver_biliary","endothelial",0.0625,1097,TRUE
"PIK3R5","GSE125449","liver_biliary","endothelial",0.0128205128205128,1097,TRUE
"PLA2G2A","GSE125449","liver_biliary","endothelial",0.00779727095516569,1097,TRUE
"PTPN1","GSE125449","liver_biliary","endothelial",0.111496244945118,1097,TRUE
"PTPN11","GSE125449","liver_biliary","endothelial",0.159770114942529,1097,TRUE
"PTPN2","GSE125449","liver_biliary","endothelial",0.0966740576496674,1097,TRUE
"REG1A","GSE125449","liver_biliary","endothelial",0.0017458777885548,1097,TRUE
"SOCS1","GSE125449","liver_biliary","endothelial",0.0362273579013117,1097,TRUE
"STAM2","GSE125449","liver_biliary","endothelial",0.14954954954955,1097,TRUE
"STAT2","GSE125449","liver_biliary","endothelial",0.149916247906198,1097,TRUE
"STAT3","GSE125449","liver_biliary","endothelial",0.365029663810152,1097,TRUE
"TGFB1","GSE125449","liver_biliary","endothelial",0.238139248305607,1097,TRUE
"TLR2","GSE125449","liver_biliary","endothelial",0,1097,TRUE
"TNF","GSE125449","liver_biliary","endothelial",0.0158550396375991,1097,TRUE
"TNFRSF12A","GSE125449","liver_biliary","endothelial",0.0199023657529103,1097,TRUE
"TNFRSF1A","GSE125449","liver_biliary","endothelial",0.326834862385321,1097,TRUE
"TNFRSF1B","GSE125449","liver_biliary","endothelial",0.220997679814385,1097,TRUE
"TNFRSF21","GSE125449","liver_biliary","endothelial",0.0555951532430506,1097,TRUE
"ABCA1","GSE125449","liver_biliary","endothelial",0.0949227373068433,1097,TRUE
"AKAP12","GSE125449","liver_biliary","endothelial",0.403487429034874,1097,TRUE
"BCL2L1","GSE125449","liver_biliary","endothelial",0.135688478522682,1097,TRUE
"BCL6","GSE125449","liver_biliary","endothelial",0.331395348837209,1097,TRUE
"CCND1","GSE125449","liver_biliary","endothelial",0.335,1097,TRUE
"CCND3","GSE125449","liver_biliary","endothelial",0.160137457044674,1097,TRUE
"CDK4","GSE125449","liver_biliary","endothelial",0.110265161459701,1097,TRUE
"CDKN1A","GSE125449","liver_biliary","endothelial",0.394273573452044,1097,TRUE
"CDKN1B","GSE125449","liver_biliary","endothelial",0.196167423096319,1097,TRUE
"CFLAR","GSE125449","liver_biliary","endothelial",0.175995492111195,1097,TRUE
"CISH","GSE125449","liver_biliary","endothelial",0.0992555831265509,1097,TRUE
"COPS5","GSE125449","liver_biliary","endothelial",0.147166361974406,1097,TRUE
"CXCL8","GSE125449","liver_biliary","endothelial",0.0272018376352536,1097,TRUE
"DDIT3","GSE125449","liver_biliary","endothelial",0.132188498402556,1097,TRUE
"DNMT1","GSE125449","liver_biliary","endothelial",0.166587565258662,1097,TRUE
"EPAS1","GSE125449","liver_biliary","endothelial",0.702080443828017,1097,TRUE
"ESR2","GSE125449","liver_biliary","endothelial",0.180952380952381,1097,TRUE
"ETV6","GSE125449","liver_biliary","endothelial",0.202702702702703,1097,TRUE
"FGG","GSE125449","liver_biliary","endothelial",0.00361585189470639,1097,TRUE
"FGL1","GSE125449","liver_biliary","endothelial",0.0026416906820365,1097,TRUE
"FOS","GSE125449","liver_biliary","endothelial",0.377646984234329,1097,TRUE
"GFAP","GSE125449","liver_biliary","endothelial",0.1,1097,TRUE
"GREB1","GSE125449","liver_biliary","endothelial",0.0555555555555556,1097,TRUE
"HSPA4","GSE125449","liver_biliary","endothelial",0.128673550436855,1097,TRUE
"HSPB1","GSE125449","liver_biliary","endothelial",0.20051594262718,1097,TRUE
"ICAM1","GSE125449","liver_biliary","endothelial",0.421414808698046,1097,TRUE
"IKBKE","GSE125449","liver_biliary","endothelial",0.0107991360691145,1097,TRUE
"JAK2","GSE125449","liver_biliary","endothelial",0.148698884758364,1097,TRUE
"JUNB","GSE125449","liver_biliary","endothelial",0.426076911862012,1097,TRUE
"KRT17","GSE125449","liver_biliary","endothelial",0.0010335154289089,1097,TRUE
"LEP","GSE125449","liver_biliary","endothelial",NA,1097,TRUE
"LGALS3BP","GSE125449","liver_biliary","endothelial",0.0299145299145299,1097,TRUE
"LTBP1","GSE125449","liver_biliary","endothelial",0.146748681898067,1097,TRUE
"MCL1","GSE125449","liver_biliary","endothelial",0.239242558208075,1097,TRUE
"MDC1","GSE125449","liver_biliary","endothelial",0.161125319693095,1097,TRUE
"MMP1","GSE125449","liver_biliary","endothelial",0.112,1097,TRUE
"MMP7","GSE125449","liver_biliary","endothelial",0.000516595634766886,1097,TRUE
"MUC1","GSE125449","liver_biliary","endothelial",0.0031166518254675,1097,TRUE
"NME1","GSE125449","liver_biliary","endothelial",0.0594908688433868,1097,TRUE
"OAS1","GSE125449","liver_biliary","endothelial",0.0908183632734531,1097,TRUE
"OPRM1","GSE125449","liver_biliary","endothelial",NA,1097,TRUE
"PAX3","GSE125449","liver_biliary","endothelial",NA,1097,TRUE
"PHB","GSE125449","liver_biliary","endothelial",0.103088235294118,1097,TRUE
"POU2F1","GSE125449","liver_biliary","endothelial",0.211332312404288,1097,TRUE
"PPARA","GSE125449","liver_biliary","endothelial",0.143835616438356,1097,TRUE
"PRDM1","GSE125449","liver_biliary","endothelial",0.131693198263386,1097,TRUE
"PROS1","GSE125449","liver_biliary","endothelial",0.185205479452055,1097,TRUE
"PSMB5","GSE125449","liver_biliary","endothelial",0.161103253182461,1097,TRUE
"PTGS2","GSE125449","liver_biliary","endothelial",0.219873150105708,1097,TRUE
"PTPN6","GSE125449","liver_biliary","endothelial",0.0806584362139918,1097,TRUE
"ROR1","GSE125449","liver_biliary","endothelial",0.0686274509803922,1097,TRUE
"S100A11","GSE125449","liver_biliary","endothelial",0.0661712609777397,1097,TRUE
"S1PR1","GSE125449","liver_biliary","endothelial",0.836653386454183,1097,TRUE
"SALL4","GSE125449","liver_biliary","endothelial",0,1097,TRUE
"SHH","GSE125449","liver_biliary","endothelial",0,1097,TRUE
"STK11","GSE125449","liver_biliary","endothelial",0.222811671087533,1097,TRUE
"TIMP1","GSE125449","liver_biliary","endothelial",0.0591932335718933,1097,TRUE
"TNFRSF10B","GSE125449","liver_biliary","endothelial",0.263574660633484,1097,TRUE
"TP53","GSE125449","liver_biliary","endothelial",0.235588972431078,1097,TRUE
"TP63","GSE125449","liver_biliary","endothelial",0.0588235294117647,1097,TRUE
"VDR","GSE125449","liver_biliary","endothelial",0.0230769230769231,1097,TRUE
"VEGFA","GSE125449","liver_biliary","endothelial",0.00789293067947838,1097,TRUE
"VEGFB","GSE125449","liver_biliary","endothelial",0.0619578686493185,1097,TRUE
"ZFP36","GSE125449","liver_biliary","endothelial",0.46302811865328,1097,TRUE
"A2M","GSE125449","liver_biliary","endothelial",0.609898350274954,1097,TRUE
"HMOX1","GSE125449","liver_biliary","endothelial",0.0534591194968553,1097,TRUE
"IFNAR1","GSE125449","liver_biliary","endothelial",0.196257615317668,1097,TRUE
"IRF1","GSE125449","liver_biliary","endothelial",0.341099796334012,1097,TRUE
"MYD88","GSE125449","liver_biliary","endothelial",0.111989459815547,1097,TRUE
"PIM1","GSE125449","liver_biliary","endothelial",0.135623869801085,1097,TRUE
"STAT1","GSE125449","liver_biliary","endothelial",0.0536633663366337,1097,TRUE
"TYK2","GSE125449","liver_biliary","endothelial",0.226713532513181,1097,TRUE
"BCL2","GSE125449","liver_biliary","endothelial",0.0658682634730539,1097,FALSE
"MMP9","GSE125449","liver_biliary","endothelial",0.0179640718562874,1097,FALSE
"HGF","GSE125449","liver_biliary","endothelial",0.0584905660377358,1097,FALSE
"MYC","GSE125449","liver_biliary","other",0.0209832134292566,194,TRUE
"IL6","GSE125449","liver_biliary","other",0.00127877237851662,194,TRUE
"SOCS3","GSE125449","liver_biliary","other",0.0111429481056988,194,TRUE
"ACVR1B","GSE125449","liver_biliary","other",0.0112044817927171,194,TRUE
"ACVRL1","GSE125449","liver_biliary","other",0.00887902330743618,194,TRUE
"BAK1","GSE125449","liver_biliary","other",0.0155601659751037,194,TRUE
"CBL","GSE125449","liver_biliary","other",0.0431034482758621,194,TRUE
"CCL7","GSE125449","liver_biliary","other",NA,194,TRUE
"CCR1","GSE125449","liver_biliary","other",0.0204081632653061,194,TRUE
"CD14","GSE125449","liver_biliary","other",0.00461603021401595,194,TRUE
"CD36","GSE125449","liver_biliary","other",0.0332721431849472,194,TRUE
"CD38","GSE125449","liver_biliary","other",0.0542118432026689,194,TRUE
"CD44","GSE125449","liver_biliary","other",0.0192282707548395,194,TRUE
"CD9","GSE125449","liver_biliary","other",0.0216727716727717,194,TRUE
"CNTFR","GSE125449","liver_biliary","other",0,194,TRUE
"CRLF2","GSE125449","liver_biliary","other",NA,194,TRUE
"CSF1","GSE125449","liver_biliary","other",0.00797448165869218,194,TRUE
"CSF2","GSE125449","liver_biliary","other",NA,194,TRUE
"CSF2RA","GSE125449","liver_biliary","other",0.050761421319797,194,TRUE
"CSF2RB","GSE125449","liver_biliary","other",0.105919003115265,194,TRUE
"CSF3R","GSE125449","liver_biliary","other",0.025974025974026,194,TRUE
"CXCL1","GSE125449","liver_biliary","other",0.000507872016251904,194,TRUE
"CXCL10","GSE125449","liver_biliary","other",0.0065865943432778,194,TRUE
"CXCL11","GSE125449","liver_biliary","other",0.00911161731207289,194,TRUE
"CXCL13","GSE125449","liver_biliary","other",0.000602772754671489,194,TRUE
"CXCL3","GSE125449","liver_biliary","other",0.000487685930260912,194,TRUE
"CXCL9","GSE125449","liver_biliary","other",0.00255536626916525,194,TRUE
"DNTT","GSE125449","liver_biliary","other",NA,194,TRUE
"EBI3","GSE125449","liver_biliary","other",0.0198675496688742,194,TRUE
"FAS","GSE125449","liver_biliary","other",0.0174165457184325,194,TRUE
"GRB2","GSE125449","liver_biliary","other",0.0308408495781205,194,TRUE
"HAX1","GSE125449","liver_biliary","other",0.0203628285820067,194,TRUE
"IFNGR1","GSE125449","liver_biliary","other",0.0442132639791938,194,TRUE
"IFNGR2","GSE125449","liver_biliary","other",0.0171790235081374,194,TRUE
"IL10RB","GSE125449","liver_biliary","other",0.0186915887850467,194,TRUE
"IL12RB1","GSE125449","liver_biliary","other",0.0155440414507772,194,TRUE
"IL13RA1","GSE125449","liver_biliary","other",0.0264290104486785,194,TRUE
"IL15RA","GSE125449","liver_biliary","other",0.0107991360691145,194,TRUE
"IL17RA","GSE125449","liver_biliary","other",0.0144404332129964,194,TRUE
"IL17RB","GSE125449","liver_biliary","other",0.04,194,TRUE
"IL18R1","GSE125449","liver_biliary","other",0.0571428571428571,194,TRUE
"IL1B","GSE125449","liver_biliary","other",0.0119284294234592,194,TRUE
"IL1R1","GSE125449","liver_biliary","other",0.0272628135223555,194,TRUE
"IL1R2","GSE125449","liver_biliary","other",0.00609756097560976,194,TRUE
"IL2RA","GSE125449","liver_biliary","other",0.0117647058823529,194,TRUE
"IL2RG","GSE125449","liver_biliary","other",0.0224242424242424,194,TRUE
"IL3RA","GSE125449","liver_biliary","other",0.0353287536800785,194,TRUE
"IL4R","GSE125449","liver_biliary","other",0.0158033362598771,194,TRUE
"IL6ST","GSE125449","liver_biliary","other",0.0128926820410387,194,TRUE
"IL7","GSE125449","liver_biliary","other",0.0306748466257669,194,TRUE
"IL9R","GSE125449","liver_biliary","other",NA,194,TRUE
"INHBE","GSE125449","liver_biliary","other",0.00258064516129032,194,TRUE
"IRF9","GSE125449","liver_biliary","other",0.0247349823321555,194,TRUE
"ITGA4","GSE125449","liver_biliary","other",0.0437853107344633,194,TRUE
"ITGB3","GSE125449","liver_biliary","other",NA,194,TRUE
"JUN","GSE125449","liver_biliary","other",0.0171846724873526,194,TRUE
"LEPR","GSE125449","liver_biliary","other",0.0155482815057283,194,TRUE
"LTB","GSE125449","liver_biliary","other",0.019133115705477,194,TRUE
"LTBR","GSE125449","liver_biliary","other",0.0211366838891498,194,TRUE
"MAP3K8","GSE125449","liver_biliary","other",0.0185584807941303,194,TRUE
"OSMR","GSE125449","liver_biliary","other",0.00919963201471941,194,TRUE
"PDGFC","GSE125449","liver_biliary","other",0.004149377593361,194,TRUE
"PF4","GSE125449","liver_biliary","other",0,194,TRUE
"PIK3R5","GSE125449","liver_biliary","other",0.0384615384615385,194,TRUE
"PLA2G2A","GSE125449","liver_biliary","other",0.041585445094217,194,TRUE
"PTPN1","GSE125449","liver_biliary","other",0.0323512420566147,194,TRUE
"PTPN11","GSE125449","liver_biliary","other",0.0166666666666667,194,TRUE
"PTPN2","GSE125449","liver_biliary","other",0.0305986696230599,194,TRUE
"REG1A","GSE125449","liver_biliary","other",0.0102812803103783,194,TRUE
"SOCS1","GSE125449","liver_biliary","other",0.0168644597126796,194,TRUE
"STAM2","GSE125449","liver_biliary","other",0.0252252252252252,194,TRUE
"STAT2","GSE125449","liver_biliary","other",0.0276381909547739,194,TRUE
"STAT3","GSE125449","liver_biliary","other",0.0154911008569545,194,TRUE
"TGFB1","GSE125449","liver_biliary","other",0.0194085027726433,194,TRUE
"TLR2","GSE125449","liver_biliary","other",0.0133333333333333,194,TRUE
"TNF","GSE125449","liver_biliary","other",0.0169875424688562,194,TRUE
"TNFRSF12A","GSE125449","liver_biliary","other",0.00963825259732132,194,TRUE
"TNFRSF1A","GSE125449","liver_biliary","other",0.0189220183486239,194,TRUE
"TNFRSF1B","GSE125449","liver_biliary","other",0.0191415313225058,194,TRUE
"TNFRSF21","GSE125449","liver_biliary","other",0.0342124019957235,194,TRUE
"ABCA1","GSE125449","liver_biliary","other",0.0187637969094923,194,TRUE
"AKAP12","GSE125449","liver_biliary","other",0.0121654501216545,194,TRUE
"BCL2L1","GSE125449","liver_biliary","other",0.00923323966278603,194,TRUE
"BCL6","GSE125449","liver_biliary","other",0.0276162790697674,194,TRUE
"CCND1","GSE125449","liver_biliary","other",0.0112121212121212,194,TRUE
"CCND3","GSE125449","liver_biliary","other",0.0219931271477663,194,TRUE
"CDK4","GSE125449","liver_biliary","other",0.0126017327382515,194,TRUE
"CDKN1A","GSE125449","liver_biliary","other",0.0147713476325374,194,TRUE
"CDKN1B","GSE125449","liver_biliary","other",0.016137165910237,194,TRUE
"CFLAR","GSE125449","liver_biliary","other",0.0180315552216379,194,TRUE
"CISH","GSE125449","liver_biliary","other",0.0248138957816377,194,TRUE
"COPS5","GSE125449","liver_biliary","other",0.0274223034734918,194,TRUE
"CXCL8","GSE125449","liver_biliary","other",0.00253883817929033,194,TRUE
"DDIT3","GSE125449","liver_biliary","other",0.0149760383386581,194,TRUE
"DNMT1","GSE125449","liver_biliary","other",0.0294257237778832,194,TRUE
"EPAS1","GSE125449","liver_biliary","other",0.00804438280166436,194,TRUE
"ESR2","GSE125449","liver_biliary","other",0.0380952380952381,194,TRUE
"ETV6","GSE125449","liver_biliary","other",0.0405405405405405,194,TRUE
"FGG","GSE125449","liver_biliary","other",0.0357969337575933,194,TRUE
"FGL1","GSE125449","liver_biliary","other",0.113712776176753,194,TRUE
"FOS","GSE125449","liver_biliary","other",0.0109577750538907,194,TRUE
"GFAP","GSE125449","liver_biliary","other",0,194,TRUE
"GREB1","GSE125449","liver_biliary","other",0.0666666666666667,194,TRUE
"HSPA4","GSE125449","liver_biliary","other",0.0254169976171565,194,TRUE
"HSPB1","GSE125449","liver_biliary","other",0.0114332886183056,194,TRUE
"ICAM1","GSE125449","liver_biliary","other",0.00825763831544178,194,TRUE
"IKBKE","GSE125449","liver_biliary","other",0.00863930885529158,194,TRUE
"JAK2","GSE125449","liver_biliary","other",0.0371747211895911,194,TRUE
"JUNB","GSE125449","liver_biliary","other",0.0112036964347797,194,TRUE
"KRT17","GSE125449","liver_biliary","other",0.000295290122545401,194,TRUE
"LEP","GSE125449","liver_biliary","other",NA,194,TRUE
"LGALS3BP","GSE125449","liver_biliary","other",0.0203619909502262,194,TRUE
"LTBP1","GSE125449","liver_biliary","other",0.00615114235500879,194,TRUE
"MCL1","GSE125449","liver_biliary","other",0.0202623047450634,194,TRUE
"MDC1","GSE125449","liver_biliary","other",0.020460358056266,194,TRUE
"MMP1","GSE125449","liver_biliary","other",0.04,194,TRUE
"MMP7","GSE125449","liver_biliary","other",0.0138189332300142,194,TRUE
"MUC1","GSE125449","liver_biliary","other",0.00222617987533393,194,TRUE
"NME1","GSE125449","liver_biliary","other",0.0237963475373547,194,TRUE
"OAS1","GSE125449","liver_biliary","other",0.0269461077844311,194,TRUE
"OPRM1","GSE125449","liver_biliary","other",NA,194,TRUE
"PAX3","GSE125449","liver_biliary","other",NA,194,TRUE
"PHB","GSE125449","liver_biliary","other",0.0302941176470588,194,TRUE
"POU2F1","GSE125449","liver_biliary","other",0.0398162327718224,194,TRUE
"PPARA","GSE125449","liver_biliary","other",0.0410958904109589,194,TRUE
"PRDM1","GSE125449","liver_biliary","other",0.0253256150506512,194,TRUE
"PROS1","GSE125449","liver_biliary","other",0.0323287671232877,194,TRUE
"PSMB5","GSE125449","liver_biliary","other",0.014992927864215,194,TRUE
"PTGS2","GSE125449","liver_biliary","other",0.0126849894291755,194,TRUE
"PTPN6","GSE125449","liver_biliary","other",0.0205761316872428,194,TRUE
"ROR1","GSE125449","liver_biliary","other",0.00980392156862745,194,TRUE
"S100A11","GSE125449","liver_biliary","other",0.00848560742119919,194,TRUE
"S1PR1","GSE125449","liver_biliary","other",0.00796812749003984,194,TRUE
"SALL4","GSE125449","liver_biliary","other",0.0681818181818182,194,TRUE
"SHH","GSE125449","liver_biliary","other",0.029940119760479,194,TRUE
"STK11","GSE125449","liver_biliary","other",0.0225464190981432,194,TRUE
"TIMP1","GSE125449","liver_biliary","other",0.00576447625243982,194,TRUE
"TNFRSF10B","GSE125449","liver_biliary","other",0.0147058823529412,194,TRUE
"TP53","GSE125449","liver_biliary","other",0.0233918128654971,194,TRUE
"TP63","GSE125449","liver_biliary","other",0.0588235294117647,194,TRUE
"VDR","GSE125449","liver_biliary","other",0.0346153846153846,194,TRUE
"VEGFA","GSE125449","liver_biliary","other",0.01681537405628,194,TRUE
"VEGFB","GSE125449","liver_biliary","other",0.0309789343246592,194,TRUE
"ZFP36","GSE125449","liver_biliary","other",0.0181355301925112,194,TRUE
"A2M","GSE125449","liver_biliary","other",0.0109981669721713,194,TRUE
"HMOX1","GSE125449","liver_biliary","other",0.0212264150943396,194,TRUE
"IFNAR1","GSE125449","liver_biliary","other",0.0243690165361184,194,TRUE
"IRF1","GSE125449","liver_biliary","other",0.0144195519348269,194,TRUE
"MYD88","GSE125449","liver_biliary","other",0.0316205533596838,194,TRUE
"PIM1","GSE125449","liver_biliary","other",0.0244122965641953,194,TRUE
"STAT1","GSE125449","liver_biliary","other",0.0188118811881188,194,TRUE
"TYK2","GSE125449","liver_biliary","other",0.0228471001757469,194,TRUE
"BCL2","GSE125449","liver_biliary","other",0.0203592814371257,194,FALSE
"MMP9","GSE125449","liver_biliary","other",0.0658682634730539,194,FALSE
"HGF","GSE125449","liver_biliary","other",0.00754716981132075,194,FALSE
"MYC","GSE178341","colorectal","epithelial",0.932359625636996,113216,TRUE
"IL6","GSE178341","colorectal","epithelial",0.0215985407511815,113216,TRUE
"SOCS3","GSE178341","colorectal","epithelial",0.183101828876503,113216,TRUE
"ACVR1B","GSE178341","colorectal","epithelial",0.904079135574819,113216,TRUE
"ACVRL1","GSE178341","colorectal","epithelial",0.611214087117702,113216,TRUE
"BAK1","GSE178341","colorectal","epithelial",0.801003483657722,113216,TRUE
"CBL","GSE178341","colorectal","epithelial",0.535477723290027,113216,TRUE
"CCL7","GSE178341","colorectal","epithelial",0.0159385344721893,113216,TRUE
"CCR1","GSE178341","colorectal","epithelial",0.0294908812714395,113216,TRUE
"CD14","GSE178341","colorectal","epithelial",0.0304761159579046,113216,TRUE
"CD36","GSE178341","colorectal","epithelial",0.0370005858230814,113216,TRUE
"CD38","GSE178341","colorectal","epithelial",0.0499754002195057,113216,TRUE
"CD44","GSE178341","colorectal","epithelial",0.574910727426239,113216,TRUE
"CD9","GSE178341","colorectal","epithelial",0.916303682675112,113216,TRUE
"CNTFR","GSE178341","colorectal","epithelial",0.95742016280526,113216,TRUE
"CRLF2","GSE178341","colorectal","epithelial",0.212765957446809,113216,TRUE
"CSF1","GSE178341","colorectal","epithelial",0.206298745337403,113216,TRUE
"CSF2","GSE178341","colorectal","epithelial",0.115422885572139,113216,TRUE
"CSF2RA","GSE178341","colorectal","epithelial",0.130118932819029,113216,TRUE
"CSF2RB","GSE178341","colorectal","epithelial",0.0247853676745054,113216,TRUE
"CSF3R","GSE178341","colorectal","epithelial",0.0999280296739191,113216,TRUE
"CXCL1","GSE178341","colorectal","epithelial",0.744556599574105,113216,TRUE
"CXCL10","GSE178341","colorectal","epithelial",0.204569476505754,113216,TRUE
"CXCL11","GSE178341","colorectal","epithelial",0.823638081242784,113216,TRUE
"CXCL13","GSE178341","colorectal","epithelial",0.0164614071454701,113216,TRUE
"CXCL3","GSE178341","colorectal","epithelial",0.748906012249007,113216,TRUE
"CXCL9","GSE178341","colorectal","epithelial",0.0594138145432988,113216,TRUE
"DNTT","GSE178341","colorectal","epithelial",0.297297297297297,113216,TRUE
"EBI3","GSE178341","colorectal","epithelial",0.014959202175884,113216,TRUE
"FAS","GSE178341","colorectal","epithelial",0.620139338950097,113216,TRUE
"GRB2","GSE178341","colorectal","epithelial",0.502517190569745,113216,TRUE
"HAX1","GSE178341","colorectal","epithelial",0.749203370497111,113216,TRUE
"IFNGR1","GSE178341","colorectal","epithelial",0.558324493597324,113216,TRUE
"IFNGR2","GSE178341","colorectal","epithelial",0.683684689637768,113216,TRUE
"IL10RB","GSE178341","colorectal","epithelial",0.660421469623665,113216,TRUE
"IL12RB1","GSE178341","colorectal","epithelial",0.0772185689172472,113216,TRUE
"IL13RA1","GSE178341","colorectal","epithelial",0.796593711130993,113216,TRUE
"IL15RA","GSE178341","colorectal","epithelial",0.701955847585127,113216,TRUE
"IL17RA","GSE178341","colorectal","epithelial",0.537567684124778,113216,TRUE
"IL17RB","GSE178341","colorectal","epithelial",0.967002926228246,113216,TRUE
"IL18R1","GSE178341","colorectal","epithelial",0.201044386422977,113216,TRUE
"IL1B","GSE178341","colorectal","epithelial",0.049663651979414,113216,TRUE
"IL1R1","GSE178341","colorectal","epithelial",0.147743561860511,113216,TRUE
"IL1R2","GSE178341","colorectal","epithelial",0.581128918066551,113216,TRUE
"IL2RA","GSE178341","colorectal","epithelial",0.021428326533411,113216,TRUE
"IL2RG","GSE178341","colorectal","epithelial",0.464276112692247,113216,TRUE
"IL3RA","GSE178341","colorectal","epithelial",0.157321912694983,113216,TRUE
"IL4R","GSE178341","colorectal","epithelial",0.632864665327615,113216,TRUE
"IL6ST","GSE178341","colorectal","epithelial",0.432665468018953,113216,TRUE
"IL7","GSE178341","colorectal","epithelial",0.870343661411449,113216,TRUE
"IL9R","GSE178341","colorectal","epithelial",0.174216027874564,113216,TRUE
"INHBE","GSE178341","colorectal","epithelial",0.813953488372093,113216,TRUE
"IRF9","GSE178341","colorectal","epithelial",0.55366214218519,113216,TRUE
"ITGA4","GSE178341","colorectal","epithelial",0.0177041690462593,113216,TRUE
"ITGB3","GSE178341","colorectal","epithelial",0.0591313448456306,113216,TRUE
"JUN","GSE178341","colorectal","epithelial",0.70580526572381,113216,TRUE
"LEPR","GSE178341","colorectal","epithelial",0.566637839915441,113216,TRUE
"LTB","GSE178341","colorectal","epithelial",0.043800691224231,113216,TRUE
"LTBR","GSE178341","colorectal","epithelial",0.901502255389148,113216,TRUE
"MAP3K8","GSE178341","colorectal","epithelial",0.469543924089379,113216,TRUE
"OSMR","GSE178341","colorectal","epithelial",0.489956331877729,113216,TRUE
"PDGFC","GSE178341","colorectal","epithelial",0.188066992323796,113216,TRUE
"PF4","GSE178341","colorectal","epithelial",0.979482724052663,113216,TRUE
"PIK3R5","GSE178341","colorectal","epithelial",0.034730748991405,113216,TRUE
"PLA2G2A","GSE178341","colorectal","epithelial",0.963706793585792,113216,TRUE
"PTPN1","GSE178341","colorectal","epithelial",0.580850074011419,113216,TRUE
"PTPN11","GSE178341","colorectal","epithelial",0.829407269586019,113216,TRUE
"PTPN2","GSE178341","colorectal","epithelial",0.610158900196394,113216,TRUE
"REG1A","GSE178341","colorectal","epithelial",0.997060543169283,113216,TRUE
"SOCS1","GSE178341","colorectal","epithelial",0.317712401284388,113216,TRUE
"STAM2","GSE178341","colorectal","epithelial",0.759911188427028,113216,TRUE
"STAT2","GSE178341","colorectal","epithelial",0.586832665119223,113216,TRUE
"STAT3","GSE178341","colorectal","epithelial",0.662749078476414,113216,TRUE
"TGFB1","GSE178341","colorectal","epithelial",0.155965090401912,113216,TRUE
"TLR2","GSE178341","colorectal","epithelial",0.0661951661454832,113216,TRUE
"TNF","GSE178341","colorectal","epithelial",0.181768787093538,113216,TRUE
"TNFRSF12A","GSE178341","colorectal","epithelial",0.931655748247215,113216,TRUE
"TNFRSF1A","GSE178341","colorectal","epithelial",0.692257065208141,113216,TRUE
"TNFRSF1B","GSE178341","colorectal","epithelial",0.224806759312557,113216,TRUE
"TNFRSF21","GSE178341","colorectal","epithelial",0.853696109470285,113216,TRUE
"ABCA1","GSE178341","colorectal","epithelial",0.165528484738701,113216,TRUE
"AKAP12","GSE178341","colorectal","epithelial",0.446861564918315,113216,TRUE
"BCL2L1","GSE178341","colorectal","epithelial",0.854757534489905,113216,TRUE
"BCL6","GSE178341","colorectal","epithelial",0.418506925088976,113216,TRUE
"CCND1","GSE178341","colorectal","epithelial",0.938196723035504,113216,TRUE
"CCND3","GSE178341","colorectal","epithelial",0.54431278947518,113216,TRUE
"CDK4","GSE178341","colorectal","epithelial",0.875469769081615,113216,TRUE
"CDKN1A","GSE178341","colorectal","epithelial",0.733773431205402,113216,TRUE
"CDKN1B","GSE178341","colorectal","epithelial",0.69870338014477,113216,TRUE
"CFLAR","GSE178341","colorectal","epithelial",0.492231231129355,113216,TRUE
"CISH","GSE178341","colorectal","epithelial",0.636156060756478,113216,TRUE
"COPS5","GSE178341","colorectal","epithelial",0.839434572512177,113216,TRUE
"CXCL8","GSE178341","colorectal","epithelial",0.159464144717979,113216,TRUE
"DDIT3","GSE178341","colorectal","epithelial",0.826577720671727,113216,TRUE
"DNMT1","GSE178341","colorectal","epithelial",0.714627649089609,113216,TRUE
"EPAS1","GSE178341","colorectal","epithelial",0.497488912421234,113216,TRUE
"ESR2","GSE178341","colorectal","epithelial",0.168304278922345,113216,TRUE
"ETV6","GSE178341","colorectal","epithelial",0.721162293783963,113216,TRUE
"FGG","GSE178341","colorectal","epithelial",0.998278829604131,113216,TRUE
"FGL1","GSE178341","colorectal","epithelial",0.979455857856746,113216,TRUE
"FOS","GSE178341","colorectal","epithelial",0.605152831770714,113216,TRUE
"GFAP","GSE178341","colorectal","epithelial",0.906693711967546,113216,TRUE
"GREB1","GSE178341","colorectal","epithelial",0.516449410304159,113216,TRUE
"HSPA4","GSE178341","colorectal","epithelial",0.788627382273355,113216,TRUE
"HSPB1","GSE178341","colorectal","epithelial",0.828075607756075,113216,TRUE
"ICAM1","GSE178341","colorectal","epithelial",0.227013221153846,113216,TRUE
"IKBKE","GSE178341","colorectal","epithelial",0.715935273000054,113216,TRUE
"JAK2","GSE178341","colorectal","epithelial",0.560003439824569,113216,TRUE
"JUNB","GSE178341","colorectal","epithelial",0.581211145218766,113216,TRUE
"KRT17","GSE178341","colorectal","epithelial",0.989865142669188,113216,TRUE
"LEP","GSE178341","colorectal","epithelial",0.282608695652174,113216,TRUE
"LGALS3BP","GSE178341","colorectal","epithelial",0.933220049358798,113216,TRUE
"LTBP1","GSE178341","colorectal","epithelial",0.648816983783373,113216,TRUE
"MCL1","GSE178341","colorectal","epithelial",0.585304271788062,113216,TRUE
"MDC1","GSE178341","colorectal","epithelial",0.790355329949239,113216,TRUE
"MMP1","GSE178341","colorectal","epithelial",0.124966476071961,113216,TRUE
"MMP7","GSE178341","colorectal","epithelial",0.857076197648908,113216,TRUE
"MUC1","GSE178341","colorectal","epithelial",0.990029210338987,113216,TRUE
"NME1","GSE178341","colorectal","epithelial",0.880697949428438,113216,TRUE
"OAS1","GSE178341","colorectal","epithelial",0.850483058161873,113216,TRUE
"OPRM1","GSE178341","colorectal","epithelial",0.0309072781655035,113216,TRUE
"PAX3","GSE178341","colorectal","epithelial",0.984848484848485,113216,TRUE
"PHB","GSE178341","colorectal","epithelial",0.911709166941723,113216,TRUE
"POU2F1","GSE178341","colorectal","epithelial",0.804625631266925,113216,TRUE
"PPARA","GSE178341","colorectal","epithelial",0.893003622030468,113216,TRUE
"PRDM1","GSE178341","colorectal","epithelial",0.112344856045456,113216,TRUE
"PROS1","GSE178341","colorectal","epithelial",0.72831383259365,113216,TRUE
"PSMB5","GSE178341","colorectal","epithelial",0.854543845371752,113216,TRUE
"PTGS2","GSE178341","colorectal","epithelial",0.279412979716611,113216,TRUE
"PTPN6","GSE178341","colorectal","epithelial",0.329176838370888,113216,TRUE
"ROR1","GSE178341","colorectal","epithelial",0.710888145670754,113216,TRUE
"S100A11","GSE178341","colorectal","epithelial",0.776506538574631,113216,TRUE
"S1PR1","GSE178341","colorectal","epithelial",0.0183615026110394,113216,TRUE
"SALL4","GSE178341","colorectal","epithelial",0.9121478339897,113216,TRUE
"SHH","GSE178341","colorectal","epithelial",0.992175716440422,113216,TRUE
"STK11","GSE178341","colorectal","epithelial",0.829224425874494,113216,TRUE
"TIMP1","GSE178341","colorectal","epithelial",0.521295663286992,113216,TRUE
"TNFRSF10B","GSE178341","colorectal","epithelial",0.855018695531986,113216,TRUE
"TP53","GSE178341","colorectal","epithelial",0.828437512961964,113216,TRUE
"TP63","GSE178341","colorectal","epithelial",0.454326923076923,113216,TRUE
"VDR","GSE178341","colorectal","epithelial",0.861370301252999,113216,TRUE
"VEGFA","GSE178341","colorectal","epithelial",0.811168740183283,113216,TRUE
"VEGFB","GSE178341","colorectal","epithelial",0.626505607885585,113216,TRUE
"ZFP36","GSE178341","colorectal","epithelial",0.533314839590667,113216,TRUE
"A2M","GSE178341","colorectal","epithelial",0.0221928214758226,113216,TRUE
"HMOX1","GSE178341","colorectal","epithelial",0.140920052782454,113216,TRUE
"IFNAR1","GSE178341","colorectal","epithelial",0.637432294068452,113216,TRUE
"IRF1","GSE178341","colorectal","epithelial",0.617699216544325,113216,TRUE
"MYD88","GSE178341","colorectal","epithelial",0.694363142215021,113216,TRUE
"PIM1","GSE178341","colorectal","epithelial",0.468520021999319,113216,TRUE
"STAT1","GSE178341","colorectal","epithelial",0.619851492246188,113216,TRUE
"TYK2","GSE178341","colorectal","epithelial",0.67504103293577,113216,TRUE
"BCL2","GSE178341","colorectal","epithelial",0.292361621529937,113216,FALSE
"MMP9","GSE178341","colorectal","epithelial",0.0258217574857735,113216,FALSE
"HGF","GSE178341","colorectal","epithelial",0.0194331983805668,113216,FALSE
"MYC","GSE178341","colorectal","fibroblast_stromal",0.0210685061711549,9607,TRUE
"IL6","GSE178341","colorectal","fibroblast_stromal",0.230826631290938,9607,TRUE
"SOCS3","GSE178341","colorectal","fibroblast_stromal",0.170261559115912,9607,TRUE
"ACVR1B","GSE178341","colorectal","fibroblast_stromal",0.0178192910196977,9607,TRUE
"ACVRL1","GSE178341","colorectal","fibroblast_stromal",0.289879518072289,9607,TRUE
"BAK1","GSE178341","colorectal","fibroblast_stromal",0.018238672167596,9607,TRUE
"CBL","GSE178341","colorectal","fibroblast_stromal",0.072047783949613,9607,TRUE
"CCL7","GSE178341","colorectal","fibroblast_stromal",0.00968572479463811,9607,TRUE
"CCR1","GSE178341","colorectal","fibroblast_stromal",0.00557735495175341,9607,TRUE
"CD14","GSE178341","colorectal","fibroblast_stromal",0.00374368403788223,9607,TRUE
"CD36","GSE178341","colorectal","fibroblast_stromal",0.254551845342707,9607,TRUE
"CD38","GSE178341","colorectal","fibroblast_stromal",0.00187336789917875,9607,TRUE
"CD44","GSE178341","colorectal","fibroblast_stromal",0.0172549748642515,9607,TRUE
"CD9","GSE178341","colorectal","fibroblast_stromal",0.0181264969542367,9607,TRUE
"CNTFR","GSE178341","colorectal","fibroblast_stromal",0.0363180964308078,9607,TRUE
"CRLF2","GSE178341","colorectal","fibroblast_stromal",0.0212765957446809,9607,TRUE
"CSF1","GSE178341","colorectal","fibroblast_stromal",0.127204136995592,9607,TRUE
"CSF2","GSE178341","colorectal","fibroblast_stromal",0.345024875621891,9607,TRUE
"CSF2RA","GSE178341","colorectal","fibroblast_stromal",0.00221793635486982,9607,TRUE
"CSF2RB","GSE178341","colorectal","fibroblast_stromal",0.165546845837999,9607,TRUE
"CSF3R","GSE178341","colorectal","fibroblast_stromal",0.00697558545092177,9607,TRUE
"CXCL1","GSE178341","colorectal","fibroblast_stromal",0.0749648094900083,9607,TRUE
"CXCL10","GSE178341","colorectal","fibroblast_stromal",0.0392430430481216,9607,TRUE
"CXCL11","GSE178341","colorectal","fibroblast_stromal",0.0318883174136664,9607,TRUE
"CXCL13","GSE178341","colorectal","fibroblast_stromal",0.00801876658479512,9607,TRUE
"CXCL3","GSE178341","colorectal","fibroblast_stromal",0.00981047699846012,9607,TRUE
"CXCL9","GSE178341","colorectal","fibroblast_stromal",0.0289333275495597,9607,TRUE
"DNTT","GSE178341","colorectal","fibroblast_stromal",0,9607,TRUE
"EBI3","GSE178341","colorectal","fibroblast_stromal",0.00897552130553037,9607,TRUE
"FAS","GSE178341","colorectal","fibroblast_stromal",0.0478775113415425,9607,TRUE
"GRB2","GSE178341","colorectal","fibroblast_stromal",0.0245437887260088,9607,TRUE
"HAX1","GSE178341","colorectal","fibroblast_stromal",0.0258233064723847,9607,TRUE
"IFNGR1","GSE178341","colorectal","fibroblast_stromal",0.0396646144944601,9607,TRUE
"IFNGR2","GSE178341","colorectal","fibroblast_stromal",0.0298194698560626,9607,TRUE
"IL10RB","GSE178341","colorectal","fibroblast_stromal",0.0281520927363055,9607,TRUE
"IL12RB1","GSE178341","colorectal","fibroblast_stromal",0.00924539358031122,9607,TRUE
"IL13RA1","GSE178341","colorectal","fibroblast_stromal",0.0316298252122111,9607,TRUE
"IL15RA","GSE178341","colorectal","fibroblast_stromal",0.085633577942215,9607,TRUE
"IL17RA","GSE178341","colorectal","fibroblast_stromal",0.0459293689204083,9607,TRUE
"IL17RB","GSE178341","colorectal","fibroblast_stromal",0.00215616818111813,9607,TRUE
"IL18R1","GSE178341","colorectal","fibroblast_stromal",0.0431377000794642,9607,TRUE
"IL1B","GSE178341","colorectal","fibroblast_stromal",0.00998161721619694,9607,TRUE
"IL1R1","GSE178341","colorectal","fibroblast_stromal",0.489150313874747,9607,TRUE
"IL1R2","GSE178341","colorectal","fibroblast_stromal",0.00439810345197486,9607,TRUE
"IL2RA","GSE178341","colorectal","fibroblast_stromal",0.00181712209003326,9607,TRUE
"IL2RG","GSE178341","colorectal","fibroblast_stromal",0.00238251953758726,9607,TRUE
"IL3RA","GSE178341","colorectal","fibroblast_stromal",0.395269341086794,9607,TRUE
"IL4R","GSE178341","colorectal","fibroblast_stromal",0.064885185386244,9607,TRUE
"IL6ST","GSE178341","colorectal","fibroblast_stromal",0.257189402894635,9607,TRUE
"IL7","GSE178341","colorectal","fibroblast_stromal",0.0233252101258268,9607,TRUE
"IL9R","GSE178341","colorectal","fibroblast_stromal",0.00261324041811847,9607,TRUE
"INHBE","GSE178341","colorectal","fibroblast_stromal",0.0426356589147287,9607,TRUE
"IRF9","GSE178341","colorectal","fibroblast_stromal",0.0443488778390001,9607,TRUE
"ITGA4","GSE178341","colorectal","fibroblast_stromal",0.0319817247287264,9607,TRUE
"ITGB3","GSE178341","colorectal","fibroblast_stromal",0.331763474620618,9607,TRUE
"JUN","GSE178341","colorectal","fibroblast_stromal",0.0450145440719203,9607,TRUE
"LEPR","GSE178341","colorectal","fibroblast_stromal",0.280196021908331,9607,TRUE
"LTB","GSE178341","colorectal","fibroblast_stromal",0.0032694211431251,9607,TRUE
"LTBR","GSE178341","colorectal","fibroblast_stromal",0.0302285193527864,9607,TRUE
"MAP3K8","GSE178341","colorectal","fibroblast_stromal",0.0525893859227193,9607,TRUE
"OSMR","GSE178341","colorectal","fibroblast_stromal",0.501310043668122,9607,TRUE
"PDGFC","GSE178341","colorectal","fibroblast_stromal",0.24808094905792,9607,TRUE
"PF4","GSE178341","colorectal","fibroblast_stromal",0.00728463543407071,9607,TRUE
"PIK3R5","GSE178341","colorectal","fibroblast_stromal",0.00210489387826697,9607,TRUE
"PLA2G2A","GSE178341","colorectal","fibroblast_stromal",0.0318631988992598,9607,TRUE
"PTPN1","GSE178341","colorectal","fibroblast_stromal",0.030492704588708,9607,TRUE
"PTPN11","GSE178341","colorectal","fibroblast_stromal",0.0383414180344209,9607,TRUE
"PTPN2","GSE178341","colorectal","fibroblast_stromal",0.025790849036698,9607,TRUE
"REG1A","GSE178341","colorectal","fibroblast_stromal",0.000550180695733859,9607,TRUE
"SOCS1","GSE178341","colorectal","fibroblast_stromal",0.0227274918761511,9607,TRUE
"STAM2","GSE178341","colorectal","fibroblast_stromal",0.0420023805163889,9607,TRUE
"STAT2","GSE178341","colorectal","fibroblast_stromal",0.0649794260392488,9607,TRUE
"STAT3","GSE178341","colorectal","fibroblast_stromal",0.0610800332740607,9607,TRUE
"TGFB1","GSE178341","colorectal","fibroblast_stromal",0.13503368919792,9607,TRUE
"TLR2","GSE178341","colorectal","fibroblast_stromal",0.00216266767980828,9607,TRUE
"TNF","GSE178341","colorectal","fibroblast_stromal",0.00455571344980356,9607,TRUE
"TNFRSF12A","GSE178341","colorectal","fibroblast_stromal",0.041099614674774,9607,TRUE
"TNFRSF1A","GSE178341","colorectal","fibroblast_stromal",0.0901158007614141,9607,TRUE
"TNFRSF1B","GSE178341","colorectal","fibroblast_stromal",0.0354617218978702,9607,TRUE
"TNFRSF21","GSE178341","colorectal","fibroblast_stromal",0.0136625374498013,9607,TRUE
"ABCA1","GSE178341","colorectal","fibroblast_stromal",0.0502853002445431,9607,TRUE
"AKAP12","GSE178341","colorectal","fibroblast_stromal",0.382244196044712,9607,TRUE
"BCL2L1","GSE178341","colorectal","fibroblast_stromal",0.022138670140328,9607,TRUE
"BCL6","GSE178341","colorectal","fibroblast_stromal",0.0848591398310536,9607,TRUE
"CCND1","GSE178341","colorectal","fibroblast_stromal",0.0327328369510348,9607,TRUE
"CCND3","GSE178341","colorectal","fibroblast_stromal",0.0434840261794486,9607,TRUE
"CDK4","GSE178341","colorectal","fibroblast_stromal",0.0264833421470122,9607,TRUE
"CDKN1A","GSE178341","colorectal","fibroblast_stromal",0.0490680934977988,9607,TRUE
"CDKN1B","GSE178341","colorectal","fibroblast_stromal",0.0204674137228886,9607,TRUE
"CFLAR","GSE178341","colorectal","fibroblast_stromal",0.0578620619466024,9607,TRUE
"CISH","GSE178341","colorectal","fibroblast_stromal",0.0130712465667295,9607,TRUE
"COPS5","GSE178341","colorectal","fibroblast_stromal",0.0300232947654159,9607,TRUE
"CXCL8","GSE178341","colorectal","fibroblast_stromal",0.0402453871364737,9607,TRUE
"DDIT3","GSE178341","colorectal","fibroblast_stromal",0.018242395266838,9607,TRUE
"DNMT1","GSE178341","colorectal","fibroblast_stromal",0.0306429902962925,9607,TRUE
"EPAS1","GSE178341","colorectal","fibroblast_stromal",0.407676903236629,9607,TRUE
"ESR2","GSE178341","colorectal","fibroblast_stromal",0.0215530903328051,9607,TRUE
"ETV6","GSE178341","colorectal","fibroblast_stromal",0.035890538737703,9607,TRUE
"FGG","GSE178341","colorectal","fibroblast_stromal",0,9607,TRUE
"FGL1","GSE178341","colorectal","fibroblast_stromal",0.00499722376457524,9607,TRUE
"FOS","GSE178341","colorectal","fibroblast_stromal",0.0530984201170807,9607,TRUE
"GFAP","GSE178341","colorectal","fibroblast_stromal",0.0304259634888438,9607,TRUE
"GREB1","GSE178341","colorectal","fibroblast_stromal",0.151458721291124,9607,TRUE
"HSPA4","GSE178341","colorectal","fibroblast_stromal",0.0306734930924617,9607,TRUE
"HSPB1","GSE178341","colorectal","fibroblast_stromal",0.0593411133344322,9607,TRUE
"ICAM1","GSE178341","colorectal","fibroblast_stromal",0.162778627622378,9607,TRUE
"IKBKE","GSE178341","colorectal","fibroblast_stromal",0.0161013770562075,9607,TRUE
"JAK2","GSE178341","colorectal","fibroblast_stromal",0.0494904759857247,9607,TRUE
"JUNB","GSE178341","colorectal","fibroblast_stromal",0.0757914675176793,9607,TRUE
"KRT17","GSE178341","colorectal","fibroblast_stromal",0.00278554395197763,9607,TRUE
"LEP","GSE178341","colorectal","fibroblast_stromal",0.0193236714975845,9607,TRUE
"LGALS3BP","GSE178341","colorectal","fibroblast_stromal",0.0256494328091795,9607,TRUE
"LTBP1","GSE178341","colorectal","fibroblast_stromal",0.340815008924841,9607,TRUE
"MCL1","GSE178341","colorectal","fibroblast_stromal",0.0486433267480649,9607,TRUE
"MDC1","GSE178341","colorectal","fibroblast_stromal",0.0336475707034083,9607,TRUE
"MMP1","GSE178341","colorectal","fibroblast_stromal",0.606134074256842,9607,TRUE
"MMP7","GSE178341","colorectal","fibroblast_stromal",0.00249680736107928,9607,TRUE
"MUC1","GSE178341","colorectal","fibroblast_stromal",0.00180662264660399,9607,TRUE
"NME1","GSE178341","colorectal","fibroblast_stromal",0.01804416487733,9607,TRUE
"OAS1","GSE178341","colorectal","fibroblast_stromal",0.00919341815853217,9607,TRUE
"OPRM1","GSE178341","colorectal","fibroblast_stromal",0.00598205383848455,9607,TRUE
"PAX3","GSE178341","colorectal","fibroblast_stromal",0,9607,TRUE
"PHB","GSE178341","colorectal","fibroblast_stromal",0.0153729121128971,9607,TRUE
"POU2F1","GSE178341","colorectal","fibroblast_stromal",0.0279440825587353,9607,TRUE
"PPARA","GSE178341","colorectal","fibroblast_stromal",0.0180968360498562,9607,TRUE
"PRDM1","GSE178341","colorectal","fibroblast_stromal",0.0472716884106276,9607,TRUE
"PROS1","GSE178341","colorectal","fibroblast_stromal",0.186679494739456,9607,TRUE
"PSMB5","GSE178341","colorectal","fibroblast_stromal",0.044260911424211,9607,TRUE
"PTGS2","GSE178341","colorectal","fibroblast_stromal",0.0311893254017433,9607,TRUE
"PTPN6","GSE178341","colorectal","fibroblast_stromal",0.00592739598517712,9607,TRUE
"ROR1","GSE178341","colorectal","fibroblast_stromal",0.238573021181717,9607,TRUE
"S100A11","GSE178341","colorectal","fibroblast_stromal",0.0256949300689237,9607,TRUE
"S1PR1","GSE178341","colorectal","fibroblast_stromal",0.823123139985401,9607,TRUE
"SALL4","GSE178341","colorectal","fibroblast_stromal",0.0663435322629506,9607,TRUE
"SHH","GSE178341","colorectal","fibroblast_stromal",0.00150829562594268,9607,TRUE
"STK11","GSE178341","colorectal","fibroblast_stromal",0.0358606682735248,9607,TRUE
"TIMP1","GSE178341","colorectal","fibroblast_stromal",0.168251491778697,9607,TRUE
"TNFRSF10B","GSE178341","colorectal","fibroblast_stromal",0.0528276082813205,9607,TRUE
"TP53","GSE178341","colorectal","fibroblast_stromal",0.0361607698369903,9607,TRUE
"TP63","GSE178341","colorectal","fibroblast_stromal",0.0480769230769231,9607,TRUE
"VDR","GSE178341","colorectal","fibroblast_stromal",0.00679818715009331,9607,TRUE
"VEGFA","GSE178341","colorectal","fibroblast_stromal",0.0124260332741976,9607,TRUE
"VEGFB","GSE178341","colorectal","fibroblast_stromal",0.0599364362865894,9607,TRUE
"ZFP36","GSE178341","colorectal","fibroblast_stromal",0.0673278009063299,9607,TRUE
"A2M","GSE178341","colorectal","fibroblast_stromal",0.670367248516922,9607,TRUE
"HMOX1","GSE178341","colorectal","fibroblast_stromal",0.0163580106474951,9607,TRUE
"IFNAR1","GSE178341","colorectal","fibroblast_stromal",0.047153810681319,9607,TRUE
"IRF1","GSE178341","colorectal","fibroblast_stromal",0.0433415090344438,9607,TRUE
"MYD88","GSE178341","colorectal","fibroblast_stromal",0.0251790100872838,9607,TRUE
"PIM1","GSE178341","colorectal","fibroblast_stromal",0.0353167640049237,9607,TRUE
"STAT1","GSE178341","colorectal","fibroblast_stromal",0.0263006098353878,9607,TRUE
"TYK2","GSE178341","colorectal","fibroblast_stromal",0.0419301892986104,9607,TRUE
"BCL2","GSE178341","colorectal","fibroblast_stromal",0.0238876010629276,9607,FALSE
"MMP9","GSE178341","colorectal","fibroblast_stromal",0.0113019724293164,9607,FALSE
"HGF","GSE178341","colorectal","fibroblast_stromal",0.386032388663968,9607,FALSE
"MYC","GSE178341","colorectal","myeloid",0.0170289053787626,41882,TRUE
"IL6","GSE178341","colorectal","myeloid",0.707196749854904,41882,TRUE
"SOCS3","GSE178341","colorectal","myeloid",0.43225948001609,41882,TRUE
"ACVR1B","GSE178341","colorectal","myeloid",0.0649869888155514,41882,TRUE
"ACVRL1","GSE178341","colorectal","myeloid",0.094050046339203,41882,TRUE
"BAK1","GSE178341","colorectal","myeloid",0.0754633978146884,41882,TRUE
"CBL","GSE178341","colorectal","myeloid",0.213493852697144,41882,TRUE
"CCL7","GSE178341","colorectal","myeloid",0.972454942989088,41882,TRUE
"CCR1","GSE178341","colorectal","myeloid",0.891340292687742,41882,TRUE
"CD14","GSE178341","colorectal","myeloid",0.961395515403575,41882,TRUE
"CD36","GSE178341","colorectal","myeloid",0.703503222026948,41882,TRUE
"CD38","GSE178341","colorectal","myeloid",0.209438746546569,41882,TRUE
"CD44","GSE178341","colorectal","myeloid",0.272584605612747,41882,TRUE
"CD9","GSE178341","colorectal","myeloid",0.0585031128392623,41882,TRUE
"CNTFR","GSE178341","colorectal","myeloid",0.00313087038196619,41882,TRUE
"CRLF2","GSE178341","colorectal","myeloid",0.670212765957447,41882,TRUE
"CSF1","GSE178341","colorectal","myeloid",0.295227195659546,41882,TRUE
"CSF2","GSE178341","colorectal","myeloid",0.0256218905472637,41882,TRUE
"CSF2RA","GSE178341","colorectal","myeloid",0.855480552876889,41882,TRUE
"CSF2RB","GSE178341","colorectal","myeloid",0.61578947368421,41882,TRUE
"CSF3R","GSE178341","colorectal","myeloid",0.824669213308974,41882,TRUE
"CXCL1","GSE178341","colorectal","myeloid",0.176092108904101,41882,TRUE
"CXCL10","GSE178341","colorectal","myeloid",0.7473089639194,41882,TRUE
"CXCL11","GSE178341","colorectal","myeloid",0.141387635142227,41882,TRUE
"CXCL13","GSE178341","colorectal","myeloid",0.0358899321220989,41882,TRUE
"CXCL3","GSE178341","colorectal","myeloid",0.237727003410287,41882,TRUE
"CXCL9","GSE178341","colorectal","myeloid",0.906187191833312,41882,TRUE
"DNTT","GSE178341","colorectal","myeloid",0.027027027027027,41882,TRUE
"EBI3","GSE178341","colorectal","myeloid",0.762375339981868,41882,TRUE
"FAS","GSE178341","colorectal","myeloid",0.0649438323612011,41882,TRUE
"GRB2","GSE178341","colorectal","myeloid",0.301444196765906,41882,TRUE
"HAX1","GSE178341","colorectal","myeloid",0.0692718107223019,41882,TRUE
"IFNGR1","GSE178341","colorectal","myeloid",0.34985052810021,41882,TRUE
"IFNGR2","GSE178341","colorectal","myeloid",0.2433867202639,41882,TRUE
"IL10RB","GSE178341","colorectal","myeloid",0.21976166509725,41882,TRUE
"IL12RB1","GSE178341","colorectal","myeloid",0.281398528550036,41882,TRUE
"IL13RA1","GSE178341","colorectal","myeloid",0.163424400462609,41882,TRUE
"IL15RA","GSE178341","colorectal","myeloid",0.1106573735761,41882,TRUE
"IL17RA","GSE178341","colorectal","myeloid",0.327279697158465,41882,TRUE
"IL17RB","GSE178341","colorectal","myeloid",0.0168258124133682,41882,TRUE
"IL18R1","GSE178341","colorectal","myeloid",0.168577591100011,41882,TRUE
"IL1B","GSE178341","colorectal","myeloid",0.933041798231369,41882,TRUE
"IL1R1","GSE178341","colorectal","myeloid",0.191883742770995,41882,TRUE
"IL1R2","GSE178341","colorectal","myeloid",0.288022140696402,41882,TRUE
"IL2RA","GSE178341","colorectal","myeloid",0.388829841944663,41882,TRUE
"IL2RG","GSE178341","colorectal","myeloid",0.142130732647934,41882,TRUE
"IL3RA","GSE178341","colorectal","myeloid",0.422851754351499,41882,TRUE
"IL4R","GSE178341","colorectal","myeloid",0.153900439715542,41882,TRUE
"IL6ST","GSE178341","colorectal","myeloid",0.130149301175138,41882,TRUE
"IL7","GSE178341","colorectal","myeloid",0.0441637240761924,41882,TRUE
"IL9R","GSE178341","colorectal","myeloid",0.206445993031359,41882,TRUE
"INHBE","GSE178341","colorectal","myeloid",0.0155038759689922,41882,TRUE
"IRF9","GSE178341","colorectal","myeloid",0.0781884155355463,41882,TRUE
"ITGA4","GSE178341","colorectal","myeloid",0.402929418483556,41882,TRUE
"ITGB3","GSE178341","colorectal","myeloid",0.594453165881737,41882,TRUE
"JUN","GSE178341","colorectal","myeloid",0.0704866140887387,41882,TRUE
"LEPR","GSE178341","colorectal","myeloid",0.113289132314788,41882,TRUE
"LTB","GSE178341","colorectal","myeloid",0.158790531270081,41882,TRUE
"LTBR","GSE178341","colorectal","myeloid",0.0621249376687243,41882,TRUE
"MAP3K8","GSE178341","colorectal","myeloid",0.334907516725699,41882,TRUE
"OSMR","GSE178341","colorectal","myeloid",0.00368753032508491,41882,TRUE
"PDGFC","GSE178341","colorectal","myeloid",0.55780414049779,41882,TRUE
"PF4","GSE178341","colorectal","myeloid",0.00995789614382143,41882,TRUE
"PIK3R5","GSE178341","colorectal","myeloid",0.654709700052622,41882,TRUE
"PLA2G2A","GSE178341","colorectal","myeloid",0.00206933356567956,41882,TRUE
"PTPN1","GSE178341","colorectal","myeloid",0.198367519560161,41882,TRUE
"PTPN11","GSE178341","colorectal","myeloid",0.0679613263339757,41882,TRUE
"PTPN2","GSE178341","colorectal","myeloid",0.175504374218889,41882,TRUE
"REG1A","GSE178341","colorectal","myeloid",0.00173648939309998,41882,TRUE
"SOCS1","GSE178341","colorectal","myeloid",0.195358076118295,41882,TRUE
"STAM2","GSE178341","colorectal","myeloid",0.128776780809376,41882,TRUE
"STAT2","GSE178341","colorectal","myeloid",0.234675036927622,41882,TRUE
"STAT3","GSE178341","colorectal","myeloid",0.108598597299917,41882,TRUE
"TGFB1","GSE178341","colorectal","myeloid",0.408834056343517,41882,TRUE
"TLR2","GSE178341","colorectal","myeloid",0.919630592980098,41882,TRUE
"TNF","GSE178341","colorectal","myeloid",0.53285129148207,41882,TRUE
"TNFRSF12A","GSE178341","colorectal","myeloid",0.0181264933313117,41882,TRUE
"TNFRSF1A","GSE178341","colorectal","myeloid",0.182064215238495,41882,TRUE
"TNFRSF1B","GSE178341","colorectal","myeloid",0.434801825507771,41882,TRUE
"TNFRSF21","GSE178341","colorectal","myeloid",0.128859188746999,41882,TRUE
"ABCA1","GSE178341","colorectal","myeloid",0.750493614708813,41882,TRUE
"AKAP12","GSE178341","colorectal","myeloid",0.160103181427343,41882,TRUE
"BCL2L1","GSE178341","colorectal","myeloid",0.0602048670732429,41882,TRUE
"BCL6","GSE178341","colorectal","myeloid",0.331375155439304,41882,TRUE
"CCND1","GSE178341","colorectal","myeloid",0.0253396853441023,41882,TRUE
"CCND3","GSE178341","colorectal","myeloid",0.145814982146071,41882,TRUE
"CDK4","GSE178341","colorectal","myeloid",0.046331746871144,41882,TRUE
"CDKN1A","GSE178341","colorectal","myeloid",0.140620618125326,41882,TRUE
"CDKN1B","GSE178341","colorectal","myeloid",0.0761944798413053,41882,TRUE
"CFLAR","GSE178341","colorectal","myeloid",0.180856260813516,41882,TRUE
"CISH","GSE178341","colorectal","myeloid",0.164796982031172,41882,TRUE
"COPS5","GSE178341","colorectal","myeloid",0.0592380108965597,41882,TRUE
"CXCL8","GSE178341","colorectal","myeloid",0.782419068119963,41882,TRUE
"DDIT3","GSE178341","colorectal","myeloid",0.0579991633299468,41882,TRUE
"DNMT1","GSE178341","colorectal","myeloid",0.131070449028784,41882,TRUE
"EPAS1","GSE178341","colorectal","myeloid",0.0789079128091678,41882,TRUE
"ESR2","GSE178341","colorectal","myeloid",0.0301109350237718,41882,TRUE
"ETV6","GSE178341","colorectal","myeloid",0.166491317504908,41882,TRUE
"FGG","GSE178341","colorectal","myeloid",0,41882,TRUE
"FGL1","GSE178341","colorectal","myeloid",0.0149916712937257,41882,TRUE
"FOS","GSE178341","colorectal","myeloid",0.185127639127746,41882,TRUE
"GFAP","GSE178341","colorectal","myeloid",0.0405679513184584,41882,TRUE
"GREB1","GSE178341","colorectal","myeloid",0.0881440099317194,41882,TRUE
"HSPA4","GSE178341","colorectal","myeloid",0.0928251150174878,41882,TRUE
"HSPB1","GSE178341","colorectal","myeloid",0.071694108106266,41882,TRUE
"ICAM1","GSE178341","colorectal","myeloid",0.556080638111888,41882,TRUE
"IKBKE","GSE178341","colorectal","myeloid",0.141188447730804,41882,TRUE
"JAK2","GSE178341","colorectal","myeloid",0.282065614653653,41882,TRUE
"JUNB","GSE178341","colorectal","myeloid",0.148256763081186,41882,TRUE
"KRT17","GSE178341","colorectal","myeloid",0.00377230490913576,41882,TRUE
"LEP","GSE178341","colorectal","myeloid",0.642512077294686,41882,TRUE
"LGALS3BP","GSE178341","colorectal","myeloid",0.0341171604813979,41882,TRUE
"LTBP1","GSE178341","colorectal","myeloid",0.0029243097489651,41882,TRUE
"MCL1","GSE178341","colorectal","myeloid",0.217753020047284,41882,TRUE
"MDC1","GSE178341","colorectal","myeloid",0.0658810732414793,41882,TRUE
"MMP1","GSE178341","colorectal","myeloid",0.265584603666713,41882,TRUE
"MMP7","GSE178341","colorectal","myeloid",0.137226169815646,41882,TRUE
"MUC1","GSE178341","colorectal","myeloid",0.00352978718181595,41882,TRUE
"NME1","GSE178341","colorectal","myeloid",0.0406871052994859,41882,TRUE
"OAS1","GSE178341","colorectal","myeloid",0.0734972297240861,41882,TRUE
"OPRM1","GSE178341","colorectal","myeloid",0.0548354935194417,41882,TRUE
"PAX3","GSE178341","colorectal","myeloid",0,41882,TRUE
"PHB","GSE178341","colorectal","myeloid",0.0334770235027631,41882,TRUE
"POU2F1","GSE178341","colorectal","myeloid",0.0691063456049184,41882,TRUE
"PPARA","GSE178341","colorectal","myeloid",0.0435975284968574,41882,TRUE
"PRDM1","GSE178341","colorectal","myeloid",0.160822778782973,41882,TRUE
"PROS1","GSE178341","colorectal","myeloid",0.0808789298904441,41882,TRUE
"PSMB5","GSE178341","colorectal","myeloid",0.0513628621940926,41882,TRUE
"PTGS2","GSE178341","colorectal","myeloid",0.676581154211592,41882,TRUE
"PTPN6","GSE178341","colorectal","myeloid",0.396029083756301,41882,TRUE
"ROR1","GSE178341","colorectal","myeloid",0.0360460795243404,41882,TRUE
"S100A11","GSE178341","colorectal","myeloid",0.169644195528399,41882,TRUE
"S1PR1","GSE178341","colorectal","myeloid",0.0690662024818912,41882,TRUE
"SALL4","GSE178341","colorectal","myeloid",0.00484701605574068,41882,TRUE
"SHH","GSE178341","colorectal","myeloid",0.00240384615384615,41882,TRUE
"STK11","GSE178341","colorectal","myeloid",0.0714888723037207,41882,TRUE
"TIMP1","GSE178341","colorectal","myeloid",0.292163598813864,41882,TRUE
"TNFRSF10B","GSE178341","colorectal","myeloid",0.0661836381359754,41882,TRUE
"TP53","GSE178341","colorectal","myeloid",0.0676096063710648,41882,TRUE
"TP63","GSE178341","colorectal","myeloid",0.0528846153846154,41882,TRUE
"VDR","GSE178341","colorectal","myeloid",0.0731077773199874,41882,TRUE
"VEGFA","GSE178341","colorectal","myeloid",0.166593217849193,41882,TRUE
"VEGFB","GSE178341","colorectal","myeloid",0.207641463807835,41882,TRUE
"ZFP36","GSE178341","colorectal","myeloid",0.220295278875062,41882,TRUE
"A2M","GSE178341","colorectal","myeloid",0.303113396782041,41882,TRUE
"HMOX1","GSE178341","colorectal","myeloid",0.808959366610547,41882,TRUE
"IFNAR1","GSE178341","colorectal","myeloid",0.177031959544485,41882,TRUE
"IRF1","GSE178341","colorectal","myeloid",0.12403832580463,41882,TRUE
"MYD88","GSE178341","colorectal","myeloid",0.195891914493284,41882,TRUE
"PIM1","GSE178341","colorectal","myeloid",0.155055914935966,41882,TRUE
"STAT1","GSE178341","colorectal","myeloid",0.235125051264183,41882,TRUE
"TYK2","GSE178341","colorectal","myeloid",0.147368421052632,41882,TRUE
"BCL2","GSE178341","colorectal","myeloid",0.179595182902697,41882,FALSE
"MMP9","GSE178341","colorectal","myeloid",0.954977042042915,41882,FALSE
"HGF","GSE178341","colorectal","myeloid",0.557692307692308,41882,FALSE
"MYC","GSE178341","colorectal","lymphoid",0.0295429628130867,92546,TRUE
"IL6","GSE178341","colorectal","lymphoid",0.0403780781029765,92546,TRUE
"SOCS3","GSE178341","colorectal","lymphoid",0.214377131991496,92546,TRUE
"ACVR1B","GSE178341","colorectal","lymphoid",0.0131145845899323,92546,TRUE
"ACVRL1","GSE178341","colorectal","lymphoid",0.0048563484708063,92546,TRUE
"BAK1","GSE178341","colorectal","lymphoid",0.105294446359994,92546,TRUE
"CBL","GSE178341","colorectal","lymphoid",0.178980640063216,92546,TRUE
"CCL7","GSE178341","colorectal","lymphoid",0.00192079774408435,92546,TRUE
"CCR1","GSE178341","colorectal","lymphoid",0.0735914710890649,92546,TRUE
"CD14","GSE178341","colorectal","lymphoid",0.00438468460063859,92546,TRUE
"CD36","GSE178341","colorectal","lymphoid",0.00494434680726421,92546,TRUE
"CD38","GSE178341","colorectal","lymphoid",0.738712485334746,92546,TRUE
"CD44","GSE178341","colorectal","lymphoid",0.135249692096763,92546,TRUE
"CD9","GSE178341","colorectal","lymphoid",0.00706670753138896,92546,TRUE
"CNTFR","GSE178341","colorectal","lymphoid",0.00313087038196619,92546,TRUE
"CRLF2","GSE178341","colorectal","lymphoid",0.0957446808510638,92546,TRUE
"CSF1","GSE178341","colorectal","lymphoid",0.37126992200746,92546,TRUE
"CSF2","GSE178341","colorectal","lymphoid",0.513930348258706,92546,TRUE
"CSF2RA","GSE178341","colorectal","lymphoid",0.0121825779492125,92546,TRUE
"CSF2RB","GSE178341","colorectal","lymphoid",0.193878312803285,92546,TRUE
"CSF3R","GSE178341","colorectal","lymphoid",0.068427171566185,92546,TRUE
"CXCL1","GSE178341","colorectal","lymphoid",0.00438648203178575,92546,TRUE
"CXCL10","GSE178341","colorectal","lymphoid",0.00887851652672434,92546,TRUE
"CXCL11","GSE178341","colorectal","lymphoid",0.00308596620132256,92546,TRUE
"CXCL13","GSE178341","colorectal","lymphoid",0.939629894147636,92546,TRUE
"CXCL3","GSE178341","colorectal","lymphoid",0.00355650734224567,92546,TRUE
"CXCL9","GSE178341","colorectal","lymphoid",0.00546566607382987,92546,TRUE
"DNTT","GSE178341","colorectal","lymphoid",0.675675675675676,92546,TRUE
"EBI3","GSE178341","colorectal","lymphoid",0.213689936536718,92546,TRUE
"FAS","GSE178341","colorectal","lymphoid",0.267039317347159,92546,TRUE
"GRB2","GSE178341","colorectal","lymphoid",0.171494823938341,92546,TRUE
"HAX1","GSE178341","colorectal","lymphoid",0.155701512308202,92546,TRUE
"IFNGR1","GSE178341","colorectal","lymphoid",0.052160363808006,92546,TRUE
"IFNGR2","GSE178341","colorectal","lymphoid",0.0431091202422691,92546,TRUE
"IL10RB","GSE178341","colorectal","lymphoid",0.0916647725427801,92546,TRUE
"IL12RB1","GSE178341","colorectal","lymphoid",0.632137508952406,92546,TRUE
"IL13RA1","GSE178341","colorectal","lymphoid",0.00835206319418683,92546,TRUE
"IL15RA","GSE178341","colorectal","lymphoid",0.101753200896558,92546,TRUE
"IL17RA","GSE178341","colorectal","lymphoid",0.0892232497963486,92546,TRUE
"IL17RB","GSE178341","colorectal","lymphoid",0.0140150931772678,92546,TRUE
"IL18R1","GSE178341","colorectal","lymphoid",0.587240322397548,92546,TRUE
"IL1B","GSE178341","colorectal","lymphoid",0.0073129325730205,92546,TRUE
"IL1R1","GSE178341","colorectal","lymphoid",0.171222381493747,92546,TRUE
"IL1R2","GSE178341","colorectal","lymphoid",0.126450837785072,92546,TRUE
"IL2RA","GSE178341","colorectal","lymphoid",0.587924709431892,92546,TRUE
"IL2RG","GSE178341","colorectal","lymphoid",0.391210635122232,92546,TRUE
"IL3RA","GSE178341","colorectal","lymphoid",0.0245569918667243,92546,TRUE
"IL4R","GSE178341","colorectal","lymphoid",0.148349709570599,92546,TRUE
"IL6ST","GSE178341","colorectal","lymphoid",0.179995827911274,92546,TRUE
"IL7","GSE178341","colorectal","lymphoid",0.062167404386532,92546,TRUE
"IL9R","GSE178341","colorectal","lymphoid",0.616724738675958,92546,TRUE
"INHBE","GSE178341","colorectal","lymphoid",0.127906976744186,92546,TRUE
"IRF9","GSE178341","colorectal","lymphoid",0.323800564440263,92546,TRUE
"ITGA4","GSE178341","colorectal","lymphoid",0.547384687741459,92546,TRUE
"ITGB3","GSE178341","colorectal","lymphoid",0.0146520146520147,92546,TRUE
"JUN","GSE178341","colorectal","lymphoid",0.178693576115531,92546,TRUE
"LEPR","GSE178341","colorectal","lymphoid",0.0398770058614394,92546,TRUE
"LTB","GSE178341","colorectal","lymphoid",0.794139356362563,92546,TRUE
"LTBR","GSE178341","colorectal","lymphoid",0.0061442875893415,92546,TRUE
"MAP3K8","GSE178341","colorectal","lymphoid",0.142959173262204,92546,TRUE
"OSMR","GSE178341","colorectal","lymphoid",0.00504609412906356,92546,TRUE
"PDGFC","GSE178341","colorectal","lymphoid",0.00604791812049314,92546,TRUE
"PF4","GSE178341","colorectal","lymphoid",0.00327474436944463,92546,TRUE
"PIK3R5","GSE178341","colorectal","lymphoid",0.308454657077706,92546,TRUE
"PLA2G2A","GSE178341","colorectal","lymphoid",0.00236067394926865,92546,TRUE
"PTPN1","GSE178341","colorectal","lymphoid",0.190289701839712,92546,TRUE
"PTPN11","GSE178341","colorectal","lymphoid",0.0642899860455844,92546,TRUE
"PTPN2","GSE178341","colorectal","lymphoid",0.188545876548019,92546,TRUE
"REG1A","GSE178341","colorectal","lymphoid",0.000652786741883582,92546,TRUE
"SOCS1","GSE178341","colorectal","lymphoid",0.464202030721166,92546,TRUE
"STAM2","GSE178341","colorectal","lymphoid",0.0693096502472075,92546,TRUE
"STAT2","GSE178341","colorectal","lymphoid",0.113512871913906,92546,TRUE
"STAT3","GSE178341","colorectal","lymphoid",0.167572290949608,92546,TRUE
"TGFB1","GSE178341","colorectal","lymphoid",0.300167164056651,92546,TRUE
"TLR2","GSE178341","colorectal","lymphoid",0.0120115731946109,92546,TRUE
"TNF","GSE178341","colorectal","lymphoid",0.280824207974588,92546,TRUE
"TNFRSF12A","GSE178341","colorectal","lymphoid",0.00911814374669964,92546,TRUE
"TNFRSF1A","GSE178341","colorectal","lymphoid",0.0355629187919501,92546,TRUE
"TNFRSF1B","GSE178341","colorectal","lymphoid",0.304929693281802,92546,TRUE
"TNFRSF21","GSE178341","colorectal","lymphoid",0.00378216433291545,92546,TRUE
"ABCA1","GSE178341","colorectal","lymphoid",0.0336926003079431,92546,TRUE
"AKAP12","GSE178341","colorectal","lymphoid",0.0107910576096303,92546,TRUE
"BCL2L1","GSE178341","colorectal","lymphoid",0.0628989282965244,92546,TRUE
"BCL6","GSE178341","colorectal","lymphoid",0.165258779640667,92546,TRUE
"CCND1","GSE178341","colorectal","lymphoid",0.00373075466935891,92546,TRUE
"CCND3","GSE178341","colorectal","lymphoid",0.266388202199301,92546,TRUE
"CDK4","GSE178341","colorectal","lymphoid",0.0517151419002292,92546,TRUE
"CDKN1A","GSE178341","colorectal","lymphoid",0.0765378571714735,92546,TRUE
"CDKN1B","GSE178341","colorectal","lymphoid",0.204634726291037,92546,TRUE
"CFLAR","GSE178341","colorectal","lymphoid",0.269050446110527,92546,TRUE
"CISH","GSE178341","colorectal","lymphoid",0.18597571064562,92546,TRUE
"COPS5","GSE178341","colorectal","lymphoid",0.0713041218258476,92546,TRUE
"CXCL8","GSE178341","colorectal","lymphoid",0.0178714000255841,92546,TRUE
"DDIT3","GSE178341","colorectal","lymphoid",0.0971807207314887,92546,TRUE
"DNMT1","GSE178341","colorectal","lymphoid",0.123658911585314,92546,TRUE
"EPAS1","GSE178341","colorectal","lymphoid",0.0159262715329692,92546,TRUE
"ESR2","GSE178341","colorectal","lymphoid",0.780031695721078,92546,TRUE
"ETV6","GSE178341","colorectal","lymphoid",0.0764558499734265,92546,TRUE
"FGG","GSE178341","colorectal","lymphoid",0.00172117039586919,92546,TRUE
"FGL1","GSE178341","colorectal","lymphoid",0.000555247084952804,92546,TRUE
"FOS","GSE178341","colorectal","lymphoid",0.156621108984459,92546,TRUE
"GFAP","GSE178341","colorectal","lymphoid",0.0223123732251521,92546,TRUE
"GREB1","GSE178341","colorectal","lymphoid",0.243947858472998,92546,TRUE
"HSPA4","GSE178341","colorectal","lymphoid",0.0878740096166949,92546,TRUE
"HSPB1","GSE178341","colorectal","lymphoid",0.0408891708032263,92546,TRUE
"ICAM1","GSE178341","colorectal","lymphoid",0.0541275131118881,92546,TRUE
"IKBKE","GSE178341","colorectal","lymphoid",0.126774902212935,92546,TRUE
"JAK2","GSE178341","colorectal","lymphoid",0.108440469536054,92546,TRUE
"JUNB","GSE178341","colorectal","lymphoid",0.194740624182368,92546,TRUE
"KRT17","GSE178341","colorectal","lymphoid",0.00357700846969822,92546,TRUE
"LEP","GSE178341","colorectal","lymphoid",0.0555555555555556,92546,TRUE
"LGALS3BP","GSE178341","colorectal","lymphoid",0.00701335735062433,92546,TRUE
"LTBP1","GSE178341","colorectal","lymphoid",0.00744369754282025,92546,TRUE
"MCL1","GSE178341","colorectal","lymphoid",0.148299381416588,92546,TRUE
"MDC1","GSE178341","colorectal","lymphoid",0.110116026105874,92546,TRUE
"MMP1","GSE178341","colorectal","lymphoid",0.00331484600448416,92546,TRUE
"MMP7","GSE178341","colorectal","lymphoid",0.0032008251743672,92546,TRUE
"MUC1","GSE178341","colorectal","lymphoid",0.00463437983259285,92546,TRUE
"NME1","GSE178341","colorectal","lymphoid",0.0605707803947463,92546,TRUE
"OAS1","GSE178341","colorectal","lymphoid",0.0668262939555085,92546,TRUE
"OPRM1","GSE178341","colorectal","lymphoid",0.90827517447657,92546,TRUE
"PAX3","GSE178341","colorectal","lymphoid",0.0151515151515152,92546,TRUE
"PHB","GSE178341","colorectal","lymphoid",0.0394408974426172,92546,TRUE
"POU2F1","GSE178341","colorectal","lymphoid",0.0983239405694211,92546,TRUE
"PPARA","GSE178341","colorectal","lymphoid",0.0453020134228188,92546,TRUE
"PRDM1","GSE178341","colorectal","lymphoid",0.679560676760943,92546,TRUE
"PROS1","GSE178341","colorectal","lymphoid",0.00412774277645014,92546,TRUE
"PSMB5","GSE178341","colorectal","lymphoid",0.0498323810099449,92546,TRUE
"PTGS2","GSE178341","colorectal","lymphoid",0.0128165406700541,92546,TRUE
"PTPN6","GSE178341","colorectal","lymphoid",0.268866681887634,92546,TRUE
"ROR1","GSE178341","colorectal","lymphoid",0.0144927536231884,92546,TRUE
"S100A11","GSE178341","colorectal","lymphoid",0.0281543358280456,92546,TRUE
"S1PR1","GSE178341","colorectal","lymphoid",0.0894491549216688,92546,TRUE
"SALL4","GSE178341","colorectal","lymphoid",0.0166616176916086,92546,TRUE
"SHH","GSE178341","colorectal","lymphoid",0.00391214177978884,92546,TRUE
"STK11","GSE178341","colorectal","lymphoid",0.0634260335482608,92546,TRUE
"TIMP1","GSE178341","colorectal","lymphoid",0.0182892461204467,92546,TRUE
"TNFRSF10B","GSE178341","colorectal","lymphoid",0.025970058050718,92546,TRUE
"TP53","GSE178341","colorectal","lymphoid",0.0677921108299805,92546,TRUE
"TP63","GSE178341","colorectal","lymphoid",0.444711538461538,92546,TRUE
"VDR","GSE178341","colorectal","lymphoid",0.0587237342769201,92546,TRUE
"VEGFA","GSE178341","colorectal","lymphoid",0.0098120086933267,92546,TRUE
"VEGFB","GSE178341","colorectal","lymphoid",0.10591649201999,92546,TRUE
"ZFP36","GSE178341","colorectal","lymphoid",0.179062080627941,92546,TRUE
"A2M","GSE178341","colorectal","lymphoid",0.00432653322521446,92546,TRUE
"HMOX1","GSE178341","colorectal","lymphoid",0.0337625699595031,92546,TRUE
"IFNAR1","GSE178341","colorectal","lymphoid",0.138381935705744,92546,TRUE
"IRF1","GSE178341","colorectal","lymphoid",0.214920948616601,92546,TRUE
"MYD88","GSE178341","colorectal","lymphoid",0.0845659332044112,92546,TRUE
"PIM1","GSE178341","colorectal","lymphoid",0.341107299059791,92546,TRUE
"STAT1","GSE178341","colorectal","lymphoid",0.118722846654241,92546,TRUE
"TYK2","GSE178341","colorectal","lymphoid",0.135660356712988,92546,TRUE
"BCL2","GSE178341","colorectal","lymphoid",0.504155594504438,92546,FALSE
"MMP9","GSE178341","colorectal","lymphoid",0.00789922804199536,92546,FALSE
"HGF","GSE178341","colorectal","lymphoid",0.0368421052631579,92546,FALSE
"MYC","GSE178341","colorectal","endothelial",0,0,TRUE
"IL6","GSE178341","colorectal","endothelial",0,0,TRUE
"SOCS3","GSE178341","colorectal","endothelial",0,0,TRUE
"ACVR1B","GSE178341","colorectal","endothelial",0,0,TRUE
"ACVRL1","GSE178341","colorectal","endothelial",0,0,TRUE
"BAK1","GSE178341","colorectal","endothelial",0,0,TRUE
"CBL","GSE178341","colorectal","endothelial",0,0,TRUE
"CCL7","GSE178341","colorectal","endothelial",0,0,TRUE
"CCR1","GSE178341","colorectal","endothelial",0,0,TRUE
"CD14","GSE178341","colorectal","endothelial",0,0,TRUE
"CD36","GSE178341","colorectal","endothelial",0,0,TRUE
"CD38","GSE178341","colorectal","endothelial",0,0,TRUE
"CD44","GSE178341","colorectal","endothelial",0,0,TRUE
"CD9","GSE178341","colorectal","endothelial",0,0,TRUE
"CNTFR","GSE178341","colorectal","endothelial",0,0,TRUE
"CRLF2","GSE178341","colorectal","endothelial",0,0,TRUE
"CSF1","GSE178341","colorectal","endothelial",0,0,TRUE
"CSF2","GSE178341","colorectal","endothelial",0,0,TRUE
"CSF2RA","GSE178341","colorectal","endothelial",0,0,TRUE
"CSF2RB","GSE178341","colorectal","endothelial",0,0,TRUE
"CSF3R","GSE178341","colorectal","endothelial",0,0,TRUE
"CXCL1","GSE178341","colorectal","endothelial",0,0,TRUE
"CXCL10","GSE178341","colorectal","endothelial",0,0,TRUE
"CXCL11","GSE178341","colorectal","endothelial",0,0,TRUE
"CXCL13","GSE178341","colorectal","endothelial",0,0,TRUE
"CXCL3","GSE178341","colorectal","endothelial",0,0,TRUE
"CXCL9","GSE178341","colorectal","endothelial",0,0,TRUE
"DNTT","GSE178341","colorectal","endothelial",0,0,TRUE
"EBI3","GSE178341","colorectal","endothelial",0,0,TRUE
"FAS","GSE178341","colorectal","endothelial",0,0,TRUE
"GRB2","GSE178341","colorectal","endothelial",0,0,TRUE
"HAX1","GSE178341","colorectal","endothelial",0,0,TRUE
"IFNGR1","GSE178341","colorectal","endothelial",0,0,TRUE
"IFNGR2","GSE178341","colorectal","endothelial",0,0,TRUE
"IL10RB","GSE178341","colorectal","endothelial",0,0,TRUE
"IL12RB1","GSE178341","colorectal","endothelial",0,0,TRUE
"IL13RA1","GSE178341","colorectal","endothelial",0,0,TRUE
"IL15RA","GSE178341","colorectal","endothelial",0,0,TRUE
"IL17RA","GSE178341","colorectal","endothelial",0,0,TRUE
"IL17RB","GSE178341","colorectal","endothelial",0,0,TRUE
"IL18R1","GSE178341","colorectal","endothelial",0,0,TRUE
"IL1B","GSE178341","colorectal","endothelial",0,0,TRUE
"IL1R1","GSE178341","colorectal","endothelial",0,0,TRUE
"IL1R2","GSE178341","colorectal","endothelial",0,0,TRUE
"IL2RA","GSE178341","colorectal","endothelial",0,0,TRUE
"IL2RG","GSE178341","colorectal","endothelial",0,0,TRUE
"IL3RA","GSE178341","colorectal","endothelial",0,0,TRUE
"IL4R","GSE178341","colorectal","endothelial",0,0,TRUE
"IL6ST","GSE178341","colorectal","endothelial",0,0,TRUE
"IL7","GSE178341","colorectal","endothelial",0,0,TRUE
"IL9R","GSE178341","colorectal","endothelial",0,0,TRUE
"INHBE","GSE178341","colorectal","endothelial",0,0,TRUE
"IRF9","GSE178341","colorectal","endothelial",0,0,TRUE
"ITGA4","GSE178341","colorectal","endothelial",0,0,TRUE
"ITGB3","GSE178341","colorectal","endothelial",0,0,TRUE
"JUN","GSE178341","colorectal","endothelial",0,0,TRUE
"LEPR","GSE178341","colorectal","endothelial",0,0,TRUE
"LTB","GSE178341","colorectal","endothelial",0,0,TRUE
"LTBR","GSE178341","colorectal","endothelial",0,0,TRUE
"MAP3K8","GSE178341","colorectal","endothelial",0,0,TRUE
"OSMR","GSE178341","colorectal","endothelial",0,0,TRUE
"PDGFC","GSE178341","colorectal","endothelial",0,0,TRUE
"PF4","GSE178341","colorectal","endothelial",0,0,TRUE
"PIK3R5","GSE178341","colorectal","endothelial",0,0,TRUE
"PLA2G2A","GSE178341","colorectal","endothelial",0,0,TRUE
"PTPN1","GSE178341","colorectal","endothelial",0,0,TRUE
"PTPN11","GSE178341","colorectal","endothelial",0,0,TRUE
"PTPN2","GSE178341","colorectal","endothelial",0,0,TRUE
"REG1A","GSE178341","colorectal","endothelial",0,0,TRUE
"SOCS1","GSE178341","colorectal","endothelial",0,0,TRUE
"STAM2","GSE178341","colorectal","endothelial",0,0,TRUE
"STAT2","GSE178341","colorectal","endothelial",0,0,TRUE
"STAT3","GSE178341","colorectal","endothelial",0,0,TRUE
"TGFB1","GSE178341","colorectal","endothelial",0,0,TRUE
"TLR2","GSE178341","colorectal","endothelial",0,0,TRUE
"TNF","GSE178341","colorectal","endothelial",0,0,TRUE
"TNFRSF12A","GSE178341","colorectal","endothelial",0,0,TRUE
"TNFRSF1A","GSE178341","colorectal","endothelial",0,0,TRUE
"TNFRSF1B","GSE178341","colorectal","endothelial",0,0,TRUE
"TNFRSF21","GSE178341","colorectal","endothelial",0,0,TRUE
"ABCA1","GSE178341","colorectal","endothelial",0,0,TRUE
"AKAP12","GSE178341","colorectal","endothelial",0,0,TRUE
"BCL2L1","GSE178341","colorectal","endothelial",0,0,TRUE
"BCL6","GSE178341","colorectal","endothelial",0,0,TRUE
"CCND1","GSE178341","colorectal","endothelial",0,0,TRUE
"CCND3","GSE178341","colorectal","endothelial",0,0,TRUE
"CDK4","GSE178341","colorectal","endothelial",0,0,TRUE
"CDKN1A","GSE178341","colorectal","endothelial",0,0,TRUE
"CDKN1B","GSE178341","colorectal","endothelial",0,0,TRUE
"CFLAR","GSE178341","colorectal","endothelial",0,0,TRUE
"CISH","GSE178341","colorectal","endothelial",0,0,TRUE
"COPS5","GSE178341","colorectal","endothelial",0,0,TRUE
"CXCL8","GSE178341","colorectal","endothelial",0,0,TRUE
"DDIT3","GSE178341","colorectal","endothelial",0,0,TRUE
"DNMT1","GSE178341","colorectal","endothelial",0,0,TRUE
"EPAS1","GSE178341","colorectal","endothelial",0,0,TRUE
"ESR2","GSE178341","colorectal","endothelial",0,0,TRUE
"ETV6","GSE178341","colorectal","endothelial",0,0,TRUE
"FGG","GSE178341","colorectal","endothelial",0,0,TRUE
"FGL1","GSE178341","colorectal","endothelial",0,0,TRUE
"FOS","GSE178341","colorectal","endothelial",0,0,TRUE
"GFAP","GSE178341","colorectal","endothelial",0,0,TRUE
"GREB1","GSE178341","colorectal","endothelial",0,0,TRUE
"HSPA4","GSE178341","colorectal","endothelial",0,0,TRUE
"HSPB1","GSE178341","colorectal","endothelial",0,0,TRUE
"ICAM1","GSE178341","colorectal","endothelial",0,0,TRUE
"IKBKE","GSE178341","colorectal","endothelial",0,0,TRUE
"JAK2","GSE178341","colorectal","endothelial",0,0,TRUE
"JUNB","GSE178341","colorectal","endothelial",0,0,TRUE
"KRT17","GSE178341","colorectal","endothelial",0,0,TRUE
"LEP","GSE178341","colorectal","endothelial",0,0,TRUE
"LGALS3BP","GSE178341","colorectal","endothelial",0,0,TRUE
"LTBP1","GSE178341","colorectal","endothelial",0,0,TRUE
"MCL1","GSE178341","colorectal","endothelial",0,0,TRUE
"MDC1","GSE178341","colorectal","endothelial",0,0,TRUE
"MMP1","GSE178341","colorectal","endothelial",0,0,TRUE
"MMP7","GSE178341","colorectal","endothelial",0,0,TRUE
"MUC1","GSE178341","colorectal","endothelial",0,0,TRUE
"NME1","GSE178341","colorectal","endothelial",0,0,TRUE
"OAS1","GSE178341","colorectal","endothelial",0,0,TRUE
"OPRM1","GSE178341","colorectal","endothelial",0,0,TRUE
"PAX3","GSE178341","colorectal","endothelial",0,0,TRUE
"PHB","GSE178341","colorectal","endothelial",0,0,TRUE
"POU2F1","GSE178341","colorectal","endothelial",0,0,TRUE
"PPARA","GSE178341","colorectal","endothelial",0,0,TRUE
"PRDM1","GSE178341","colorectal","endothelial",0,0,TRUE
"PROS1","GSE178341","colorectal","endothelial",0,0,TRUE
"PSMB5","GSE178341","colorectal","endothelial",0,0,TRUE
"PTGS2","GSE178341","colorectal","endothelial",0,0,TRUE
"PTPN6","GSE178341","colorectal","endothelial",0,0,TRUE
"ROR1","GSE178341","colorectal","endothelial",0,0,TRUE
"S100A11","GSE178341","colorectal","endothelial",0,0,TRUE
"S1PR1","GSE178341","colorectal","endothelial",0,0,TRUE
"SALL4","GSE178341","colorectal","endothelial",0,0,TRUE
"SHH","GSE178341","colorectal","endothelial",0,0,TRUE
"STK11","GSE178341","colorectal","endothelial",0,0,TRUE
"TIMP1","GSE178341","colorectal","endothelial",0,0,TRUE
"TNFRSF10B","GSE178341","colorectal","endothelial",0,0,TRUE
"TP53","GSE178341","colorectal","endothelial",0,0,TRUE
"TP63","GSE178341","colorectal","endothelial",0,0,TRUE
"VDR","GSE178341","colorectal","endothelial",0,0,TRUE
"VEGFA","GSE178341","colorectal","endothelial",0,0,TRUE
"VEGFB","GSE178341","colorectal","endothelial",0,0,TRUE
"ZFP36","GSE178341","colorectal","endothelial",0,0,TRUE
"A2M","GSE178341","colorectal","endothelial",0,0,TRUE
"HMOX1","GSE178341","colorectal","endothelial",0,0,TRUE
"IFNAR1","GSE178341","colorectal","endothelial",0,0,TRUE
"IRF1","GSE178341","colorectal","endothelial",0,0,TRUE
"MYD88","GSE178341","colorectal","endothelial",0,0,TRUE
"PIM1","GSE178341","colorectal","endothelial",0,0,TRUE
"STAT1","GSE178341","colorectal","endothelial",0,0,TRUE
"TYK2","GSE178341","colorectal","endothelial",0,0,TRUE
"BCL2","GSE178341","colorectal","endothelial",0,0,FALSE
"MMP9","GSE178341","colorectal","endothelial",0,0,FALSE
"HGF","GSE178341","colorectal","endothelial",0,0,FALSE
"MYC","GSE178341","colorectal","other",0,0,TRUE
"IL6","GSE178341","colorectal","other",0,0,TRUE
"SOCS3","GSE178341","colorectal","other",0,0,TRUE
"ACVR1B","GSE178341","colorectal","other",0,0,TRUE
"ACVRL1","GSE178341","colorectal","other",0,0,TRUE
"BAK1","GSE178341","colorectal","other",0,0,TRUE
"CBL","GSE178341","colorectal","other",0,0,TRUE
"CCL7","GSE178341","colorectal","other",0,0,TRUE
"CCR1","GSE178341","colorectal","other",0,0,TRUE
"CD14","GSE178341","colorectal","other",0,0,TRUE
"CD36","GSE178341","colorectal","other",0,0,TRUE
"CD38","GSE178341","colorectal","other",0,0,TRUE
"CD44","GSE178341","colorectal","other",0,0,TRUE
"CD9","GSE178341","colorectal","other",0,0,TRUE
"CNTFR","GSE178341","colorectal","other",0,0,TRUE
"CRLF2","GSE178341","colorectal","other",0,0,TRUE
"CSF1","GSE178341","colorectal","other",0,0,TRUE
"CSF2","GSE178341","colorectal","other",0,0,TRUE
"CSF2RA","GSE178341","colorectal","other",0,0,TRUE
"CSF2RB","GSE178341","colorectal","other",0,0,TRUE
"CSF3R","GSE178341","colorectal","other",0,0,TRUE
"CXCL1","GSE178341","colorectal","other",0,0,TRUE
"CXCL10","GSE178341","colorectal","other",0,0,TRUE
"CXCL11","GSE178341","colorectal","other",0,0,TRUE
"CXCL13","GSE178341","colorectal","other",0,0,TRUE
"CXCL3","GSE178341","colorectal","other",0,0,TRUE
"CXCL9","GSE178341","colorectal","other",0,0,TRUE
"DNTT","GSE178341","colorectal","other",0,0,TRUE
"EBI3","GSE178341","colorectal","other",0,0,TRUE
"FAS","GSE178341","colorectal","other",0,0,TRUE
"GRB2","GSE178341","colorectal","other",0,0,TRUE
"HAX1","GSE178341","colorectal","other",0,0,TRUE
"IFNGR1","GSE178341","colorectal","other",0,0,TRUE
"IFNGR2","GSE178341","colorectal","other",0,0,TRUE
"IL10RB","GSE178341","colorectal","other",0,0,TRUE
"IL12RB1","GSE178341","colorectal","other",0,0,TRUE
"IL13RA1","GSE178341","colorectal","other",0,0,TRUE
"IL15RA","GSE178341","colorectal","other",0,0,TRUE
"IL17RA","GSE178341","colorectal","other",0,0,TRUE
"IL17RB","GSE178341","colorectal","other",0,0,TRUE
"IL18R1","GSE178341","colorectal","other",0,0,TRUE
"IL1B","GSE178341","colorectal","other",0,0,TRUE
"IL1R1","GSE178341","colorectal","other",0,0,TRUE
"IL1R2","GSE178341","colorectal","other",0,0,TRUE
"IL2RA","GSE178341","colorectal","other",0,0,TRUE
"IL2RG","GSE178341","colorectal","other",0,0,TRUE
"IL3RA","GSE178341","colorectal","other",0,0,TRUE
"IL4R","GSE178341","colorectal","other",0,0,TRUE
"IL6ST","GSE178341","colorectal","other",0,0,TRUE
"IL7","GSE178341","colorectal","other",0,0,TRUE
"IL9R","GSE178341","colorectal","other",0,0,TRUE
"INHBE","GSE178341","colorectal","other",0,0,TRUE
"IRF9","GSE178341","colorectal","other",0,0,TRUE
"ITGA4","GSE178341","colorectal","other",0,0,TRUE
"ITGB3","GSE178341","colorectal","other",0,0,TRUE
"JUN","GSE178341","colorectal","other",0,0,TRUE
"LEPR","GSE178341","colorectal","other",0,0,TRUE
"LTB","GSE178341","colorectal","other",0,0,TRUE
"LTBR","GSE178341","colorectal","other",0,0,TRUE
"MAP3K8","GSE178341","colorectal","other",0,0,TRUE
"OSMR","GSE178341","colorectal","other",0,0,TRUE
"PDGFC","GSE178341","colorectal","other",0,0,TRUE
"PF4","GSE178341","colorectal","other",0,0,TRUE
"PIK3R5","GSE178341","colorectal","other",0,0,TRUE
"PLA2G2A","GSE178341","colorectal","other",0,0,TRUE
"PTPN1","GSE178341","colorectal","other",0,0,TRUE
"PTPN11","GSE178341","colorectal","other",0,0,TRUE
"PTPN2","GSE178341","colorectal","other",0,0,TRUE
"REG1A","GSE178341","colorectal","other",0,0,TRUE
"SOCS1","GSE178341","colorectal","other",0,0,TRUE
"STAM2","GSE178341","colorectal","other",0,0,TRUE
"STAT2","GSE178341","colorectal","other",0,0,TRUE
"STAT3","GSE178341","colorectal","other",0,0,TRUE
"TGFB1","GSE178341","colorectal","other",0,0,TRUE
"TLR2","GSE178341","colorectal","other",0,0,TRUE
"TNF","GSE178341","colorectal","other",0,0,TRUE
"TNFRSF12A","GSE178341","colorectal","other",0,0,TRUE
"TNFRSF1A","GSE178341","colorectal","other",0,0,TRUE
"TNFRSF1B","GSE178341","colorectal","other",0,0,TRUE
"TNFRSF21","GSE178341","colorectal","other",0,0,TRUE
"ABCA1","GSE178341","colorectal","other",0,0,TRUE
"AKAP12","GSE178341","colorectal","other",0,0,TRUE
"BCL2L1","GSE178341","colorectal","other",0,0,TRUE
"BCL6","GSE178341","colorectal","other",0,0,TRUE
"CCND1","GSE178341","colorectal","other",0,0,TRUE
"CCND3","GSE178341","colorectal","other",0,0,TRUE
"CDK4","GSE178341","colorectal","other",0,0,TRUE
"CDKN1A","GSE178341","colorectal","other",0,0,TRUE
"CDKN1B","GSE178341","colorectal","other",0,0,TRUE
"CFLAR","GSE178341","colorectal","other",0,0,TRUE
"CISH","GSE178341","colorectal","other",0,0,TRUE
"COPS5","GSE178341","colorectal","other",0,0,TRUE
"CXCL8","GSE178341","colorectal","other",0,0,TRUE
"DDIT3","GSE178341","colorectal","other",0,0,TRUE
"DNMT1","GSE178341","colorectal","other",0,0,TRUE
"EPAS1","GSE178341","colorectal","other",0,0,TRUE
"ESR2","GSE178341","colorectal","other",0,0,TRUE
"ETV6","GSE178341","colorectal","other",0,0,TRUE
"FGG","GSE178341","colorectal","other",0,0,TRUE
"FGL1","GSE178341","colorectal","other",0,0,TRUE
"FOS","GSE178341","colorectal","other",0,0,TRUE
"GFAP","GSE178341","colorectal","other",0,0,TRUE
"GREB1","GSE178341","colorectal","other",0,0,TRUE
"HSPA4","GSE178341","colorectal","other",0,0,TRUE
"HSPB1","GSE178341","colorectal","other",0,0,TRUE
"ICAM1","GSE178341","colorectal","other",0,0,TRUE
"IKBKE","GSE178341","colorectal","other",0,0,TRUE
"JAK2","GSE178341","colorectal","other",0,0,TRUE
"JUNB","GSE178341","colorectal","other",0,0,TRUE
"KRT17","GSE178341","colorectal","other",0,0,TRUE
"LEP","GSE178341","colorectal","other",0,0,TRUE
"LGALS3BP","GSE178341","colorectal","other",0,0,TRUE
"LTBP1","GSE178341","colorectal","other",0,0,TRUE
"MCL1","GSE178341","colorectal","other",0,0,TRUE
"MDC1","GSE178341","colorectal","other",0,0,TRUE
"MMP1","GSE178341","colorectal","other",0,0,TRUE
"MMP7","GSE178341","colorectal","other",0,0,TRUE
"MUC1","GSE178341","colorectal","other",0,0,TRUE
"NME1","GSE178341","colorectal","other",0,0,TRUE
"OAS1","GSE178341","colorectal","other",0,0,TRUE
"OPRM1","GSE178341","colorectal","other",0,0,TRUE
"PAX3","GSE178341","colorectal","other",0,0,TRUE
"PHB","GSE178341","colorectal","other",0,0,TRUE
"POU2F1","GSE178341","colorectal","other",0,0,TRUE
"PPARA","GSE178341","colorectal","other",0,0,TRUE
"PRDM1","GSE178341","colorectal","other",0,0,TRUE
"PROS1","GSE178341","colorectal","other",0,0,TRUE
"PSMB5","GSE178341","colorectal","other",0,0,TRUE
"PTGS2","GSE178341","colorectal","other",0,0,TRUE
"PTPN6","GSE178341","colorectal","other",0,0,TRUE
"ROR1","GSE178341","colorectal","other",0,0,TRUE
"S100A11","GSE178341","colorectal","other",0,0,TRUE
"S1PR1","GSE178341","colorectal","other",0,0,TRUE
"SALL4","GSE178341","colorectal","other",0,0,TRUE
"SHH","GSE178341","colorectal","other",0,0,TRUE
"STK11","GSE178341","colorectal","other",0,0,TRUE
"TIMP1","GSE178341","colorectal","other",0,0,TRUE
"TNFRSF10B","GSE178341","colorectal","other",0,0,TRUE
"TP53","GSE178341","colorectal","other",0,0,TRUE
"TP63","GSE178341","colorectal","other",0,0,TRUE
"VDR","GSE178341","colorectal","other",0,0,TRUE
"VEGFA","GSE178341","colorectal","other",0,0,TRUE
"VEGFB","GSE178341","colorectal","other",0,0,TRUE
"ZFP36","GSE178341","colorectal","other",0,0,TRUE
"A2M","GSE178341","colorectal","other",0,0,TRUE
"HMOX1","GSE178341","colorectal","other",0,0,TRUE
"IFNAR1","GSE178341","colorectal","other",0,0,TRUE
"IRF1","GSE178341","colorectal","other",0,0,TRUE
"MYD88","GSE178341","colorectal","other",0,0,TRUE
"PIM1","GSE178341","colorectal","other",0,0,TRUE
"STAT1","GSE178341","colorectal","other",0,0,TRUE
"TYK2","GSE178341","colorectal","other",0,0,TRUE
"BCL2","GSE178341","colorectal","other",0,0,FALSE
"MMP9","GSE178341","colorectal","other",0,0,FALSE
"HGF","GSE178341","colorectal","other",0,0,FALSE
"MYC","Peng","pancreatic","epithelial",0.222769076016669,14751,TRUE
"IL6","Peng","pancreatic","epithelial",0.0477309029409001,14751,TRUE
"SOCS3","Peng","pancreatic","epithelial",0.158359476624072,14751,TRUE
"ACVR1B","Peng","pancreatic","epithelial",0.697127569698676,14751,TRUE
"ACVRL1","Peng","pancreatic","epithelial",0.0797565663036515,14751,TRUE
"BAK1","Peng","pancreatic","epithelial",0.598657718120805,14751,TRUE
"CBL","Peng","pancreatic","epithelial",0.343564356435644,14751,TRUE
"CCL7","Peng","pancreatic","epithelial",0.077610416134797,14751,TRUE
"CCR1","Peng","pancreatic","epithelial",0.0914675767918089,14751,TRUE
"CD14","Peng","pancreatic","epithelial",0.095031340773582,14751,TRUE
"CD36","Peng","pancreatic","epithelial",0.054508930995168,14751,TRUE
"CD38","Peng","pancreatic","epithelial",0.0682720296374702,14751,TRUE
"CD44","Peng","pancreatic","epithelial",0.546857864708414,14751,TRUE
"CD9","Peng","pancreatic","epithelial",0.51732112802257,14751,TRUE
"CNTFR","Peng","pancreatic","epithelial",0.633333333333333,14751,TRUE
"CRLF2","Peng","pancreatic","epithelial",NA,14751,TRUE
"CSF1","Peng","pancreatic","epithelial",0.421464579464049,14751,TRUE
"CSF2","Peng","pancreatic","epithelial",0.858989424206816,14751,TRUE
"CSF2RA","Peng","pancreatic","epithelial",0.179061371841155,14751,TRUE
"CSF2RB","Peng","pancreatic","epithelial",0.08,14751,TRUE
"CSF3R","Peng","pancreatic","epithelial",0.126906318082789,14751,TRUE
"CXCL1","Peng","pancreatic","epithelial",0.804695632059833,14751,TRUE
"CXCL10","Peng","pancreatic","epithelial",0.365336187358348,14751,TRUE
"CXCL11","Peng","pancreatic","epithelial",0.709246275197195,14751,TRUE
"CXCL13","Peng","pancreatic","epithelial",0.115295845572807,14751,TRUE
"CXCL3","Peng","pancreatic","epithelial",0.606026118872166,14751,TRUE
"CXCL9","Peng","pancreatic","epithelial",0.190387307512832,14751,TRUE
"DNTT","Peng","pancreatic","epithelial",NA,14751,TRUE
"EBI3","Peng","pancreatic","epithelial",0.157683024939662,14751,TRUE
"FAS","Peng","pancreatic","epithelial",0.347417840375587,14751,TRUE
"GRB2","Peng","pancreatic","epithelial",0.343588560885609,14751,TRUE
"HAX1","Peng","pancreatic","epithelial",0.525618659947018,14751,TRUE
"IFNGR1","Peng","pancreatic","epithelial",0.312198935714106,14751,TRUE
"IFNGR2","Peng","pancreatic","epithelial",0.544709603220242,14751,TRUE
"IL10RB","Peng","pancreatic","epithelial",0.494211780728635,14751,TRUE
"IL12RB1","Peng","pancreatic","epithelial",0.142955801104972,14751,TRUE
"IL13RA1","Peng","pancreatic","epithelial",0.531462074696459,14751,TRUE
"IL15RA","Peng","pancreatic","epithelial",0.537872126617259,14751,TRUE
"IL17RA","Peng","pancreatic","epithelial",0.350696073830752,14751,TRUE
"IL17RB","Peng","pancreatic","epithelial",0.829562594268477,14751,TRUE
"IL18R1","Peng","pancreatic","epithelial",0.30712711241734,14751,TRUE
"IL1B","Peng","pancreatic","epithelial",0.154232261008442,14751,TRUE
"IL1R1","Peng","pancreatic","epithelial",0.255780433607591,14751,TRUE
"IL1R2","Peng","pancreatic","epithelial",0.604895104895105,14751,TRUE
"IL2RA","Peng","pancreatic","epithelial",0.0845323741007194,14751,TRUE
"IL2RG","Peng","pancreatic","epithelial",0.487307876518483,14751,TRUE
"IL3RA","Peng","pancreatic","epithelial",0.044184158645483,14751,TRUE
"IL4R","Peng","pancreatic","epithelial",0.446336785577292,14751,TRUE
"IL6ST","Peng","pancreatic","epithelial",0.30763202887538,14751,TRUE
"IL7","Peng","pancreatic","epithelial",0.665853658536585,14751,TRUE
"IL9R","Peng","pancreatic","epithelial",0.25,14751,TRUE
"INHBE","Peng","pancreatic","epithelial",NA,14751,TRUE
"IRF9","Peng","pancreatic","epithelial",0.468730521504259,14751,TRUE
"ITGA4","Peng","pancreatic","epithelial",0.101286704058067,14751,TRUE
"ITGB3","Peng","pancreatic","epithelial",0.175742574257426,14751,TRUE
"JUN","Peng","pancreatic","epithelial",0.488052393382864,14751,TRUE
"LEPR","Peng","pancreatic","epithelial",0.253352960418711,14751,TRUE
"LTB","Peng","pancreatic","epithelial",0.221023320570832,14751,TRUE
"LTBR","Peng","pancreatic","epithelial",0.613881086142322,14751,TRUE
"MAP3K8","Peng","pancreatic","epithelial",0.252144578313253,14751,TRUE
"OSMR","Peng","pancreatic","epithelial",0.444838542821252,14751,TRUE
"PDGFC","Peng","pancreatic","epithelial",0.455570224433838,14751,TRUE
"PF4","Peng","pancreatic","epithelial",0.914705882352941,14751,TRUE
"PIK3R5","Peng","pancreatic","epithelial",0.171907756813417,14751,TRUE
"PLA2G2A","Peng","pancreatic","epithelial",0.0496922988439639,14751,TRUE
"PTPN1","Peng","pancreatic","epithelial",0.360431654676259,14751,TRUE
"PTPN11","Peng","pancreatic","epithelial",0.534421507441191,14751,TRUE
"PTPN2","Peng","pancreatic","epithelial",0.525731295437632,14751,TRUE
"REG1A","Peng","pancreatic","epithelial",0.921014110499168,14751,TRUE
"SOCS1","Peng","pancreatic","epithelial",0.282162282162282,14751,TRUE
"STAM2","Peng","pancreatic","epithelial",0.587985745800102,14751,TRUE
"STAT2","Peng","pancreatic","epithelial",0.394152844050595,14751,TRUE
"STAT3","Peng","pancreatic","epithelial",0.40430701796179,14751,TRUE
"TGFB1","Peng","pancreatic","epithelial",0.189613288687545,14751,TRUE
"TLR2","Peng","pancreatic","epithelial",0.233712715855573,14751,TRUE
"TNF","Peng","pancreatic","epithelial",0.356934306569343,14751,TRUE
"TNFRSF12A","Peng","pancreatic","epithelial",0.748923484597549,14751,TRUE
"TNFRSF1A","Peng","pancreatic","epithelial",0.385088837542825,14751,TRUE
"TNFRSF1B","Peng","pancreatic","epithelial",0.180580762250454,14751,TRUE
"TNFRSF21","Peng","pancreatic","epithelial",0.740152235965747,14751,TRUE
"ABCA1","Peng","pancreatic","epithelial",0.300624442462087,14751,TRUE
"AKAP12","Peng","pancreatic","epithelial",0.134944396920445,14751,TRUE
"BCL2L1","Peng","pancreatic","epithelial",0.742203147353362,14751,TRUE
"BCL6","Peng","pancreatic","epithelial",0.451849139509337,14751,TRUE
"CCND1","Peng","pancreatic","epithelial",0.781883623275345,14751,TRUE
"CCND3","Peng","pancreatic","epithelial",0.421853284753784,14751,TRUE
"CDK4","Peng","pancreatic","epithelial",0.422774629866569,14751,TRUE
"CDKN1A","Peng","pancreatic","epithelial",0.354702114544529,14751,TRUE
"CDKN1B","Peng","pancreatic","epithelial",0.42092440955539,14751,TRUE
"CFLAR","Peng","pancreatic","epithelial",0.549095816464238,14751,TRUE
"CISH","Peng","pancreatic","epithelial",0.257921419518378,14751,TRUE
"COPS5","Peng","pancreatic","epithelial",0.52789021621088,14751,TRUE
"CXCL8","Peng","pancreatic","epithelial",0.471398682336182,14751,TRUE
"DDIT3","Peng","pancreatic","epithelial",0.658804426782891,14751,TRUE
"DNMT1","Peng","pancreatic","epithelial",0.296391563166018,14751,TRUE
"EPAS1","Peng","pancreatic","epithelial",0.130134194263725,14751,TRUE
"ESR2","Peng","pancreatic","epithelial",0.298657718120805,14751,TRUE
"ETV6","Peng","pancreatic","epithelial",0.51450926017629,14751,TRUE
"FGG","Peng","pancreatic","epithelial",0.921455146754857,14751,TRUE
"FGL1","Peng","pancreatic","epithelial",0.887882219705549,14751,TRUE
"FOS","Peng","pancreatic","epithelial",0.412842140793067,14751,TRUE
"GFAP","Peng","pancreatic","epithelial",0.706422018348624,14751,TRUE
"GREB1","Peng","pancreatic","epithelial",0.42756183745583,14751,TRUE
"HSPA4","Peng","pancreatic","epithelial",0.492884682790046,14751,TRUE
"HSPB1","Peng","pancreatic","epithelial",0.657810416101737,14751,TRUE
"ICAM1","Peng","pancreatic","epithelial",0.314675767918089,14751,TRUE
"IKBKE","Peng","pancreatic","epithelial",0.517441860465116,14751,TRUE
"JAK2","Peng","pancreatic","epithelial",0.367483296213808,14751,TRUE
"JUNB","Peng","pancreatic","epithelial",0.320992553955475,14751,TRUE
"KRT17","Peng","pancreatic","epithelial",0.904944353220215,14751,TRUE
"LEP","Peng","pancreatic","epithelial",NA,14751,TRUE
"LGALS3BP","Peng","pancreatic","epithelial",0.573741831134713,14751,TRUE
"LTBP1","Peng","pancreatic","epithelial",0.184950610110401,14751,TRUE
"MCL1","Peng","pancreatic","epithelial",0.394715749139819,14751,TRUE
"MDC1","Peng","pancreatic","epithelial",0.463643178410795,14751,TRUE
"MMP1","Peng","pancreatic","epithelial",0.88604099035806,14751,TRUE
"MMP7","Peng","pancreatic","epithelial",0.924137465817753,14751,TRUE
"MUC1","Peng","pancreatic","epithelial",0.907027740520747,14751,TRUE
"NME1","Peng","pancreatic","epithelial",0.529087661149732,14751,TRUE
"OAS1","Peng","pancreatic","epithelial",0.699638292741741,14751,TRUE
"OPRM1","Peng","pancreatic","epithelial",0.162790697674419,14751,TRUE
"PAX3","Peng","pancreatic","epithelial",0.91304347826087,14751,TRUE
"PHB","Peng","pancreatic","epithelial",0.612654705540327,14751,TRUE
"POU2F1","Peng","pancreatic","epithelial",0.533708886062148,14751,TRUE
"PPARA","Peng","pancreatic","epithelial",0.621895861148198,14751,TRUE
"PRDM1","Peng","pancreatic","epithelial",0.155170535033235,14751,TRUE
"PROS1","Peng","pancreatic","epithelial",0.252747252747253,14751,TRUE
"PSMB5","Peng","pancreatic","epithelial",0.490696118952477,14751,TRUE
"PTGS2","Peng","pancreatic","epithelial",0.723204994797086,14751,TRUE
"PTPN6","Peng","pancreatic","epithelial",0.302210956203352,14751,TRUE
"ROR1","Peng","pancreatic","epithelial",0.533702677746999,14751,TRUE
"S100A11","Peng","pancreatic","epithelial",0.683995286388903,14751,TRUE
"S1PR1","Peng","pancreatic","epithelial",0.0484827687631747,14751,TRUE
"SALL4","Peng","pancreatic","epithelial",0.423976608187135,14751,TRUE
"SHH","Peng","pancreatic","epithelial",0.945177664974619,14751,TRUE
"STK11","Peng","pancreatic","epithelial",0.51545172260831,14751,TRUE
"TIMP1","Peng","pancreatic","epithelial",0.208321340076504,14751,TRUE
"TNFRSF10B","Peng","pancreatic","epithelial",0.570366077465469,14751,TRUE
"TP53","Peng","pancreatic","epithelial",0.387391502969392,14751,TRUE
"TP63","Peng","pancreatic","epithelial",0.852941176470588,14751,TRUE
"VDR","Peng","pancreatic","epithelial",0.460414452709883,14751,TRUE
"VEGFA","Peng","pancreatic","epithelial",0.660457304271481,14751,TRUE
"VEGFB","Peng","pancreatic","epithelial",0.431755622692179,14751,TRUE
"ZFP36","Peng","pancreatic","epithelial",0.520337864186549,14751,TRUE
"A2M","Peng","pancreatic","epithelial",0.0590517930105686,14751,TRUE
"HMOX1","Peng","pancreatic","epithelial",0.208357719770572,14751,TRUE
"IFNAR1","Peng","pancreatic","epithelial",0.473878035078959,14751,TRUE
"IRF1","Peng","pancreatic","epithelial",0.502861066605631,14751,TRUE
"MYD88","Peng","pancreatic","epithelial",0.553064421382416,14751,TRUE
"PIM1","Peng","pancreatic","epithelial",0.362650975534221,14751,TRUE
"STAT1","Peng","pancreatic","epithelial",0.542505952764013,14751,TRUE
"TYK2","Peng","pancreatic","epithelial",0.435002529084471,14751,TRUE
"BCL2","Peng","pancreatic","epithelial",0.241793955151121,14751,FALSE
"MMP9","Peng","pancreatic","epithelial",0.147386964180857,14751,FALSE
"HGF","Peng","pancreatic","epithelial",0.0506238859180036,14751,FALSE
"MYC","Peng","pancreatic","fibroblast_stromal",0.381556258083058,11265,TRUE
"IL6","Peng","pancreatic","fibroblast_stromal",0.64850136239782,11265,TRUE
"SOCS3","Peng","pancreatic","fibroblast_stromal",0.215563547325733,11265,TRUE
"ACVR1B","Peng","pancreatic","fibroblast_stromal",0.144184736693889,11265,TRUE
"ACVRL1","Peng","pancreatic","fibroblast_stromal",0.240337390561606,11265,TRUE
"BAK1","Peng","pancreatic","fibroblast_stromal",0.139865771812081,11265,TRUE
"CBL","Peng","pancreatic","fibroblast_stromal",0.207524752475248,11265,TRUE
"CCL7","Peng","pancreatic","fibroblast_stromal",0.0648455450599949,11265,TRUE
"CCR1","Peng","pancreatic","fibroblast_stromal",0.0795221843003413,11265,TRUE
"CD14","Peng","pancreatic","fibroblast_stromal",0.0662284054425929,11265,TRUE
"CD36","Peng","pancreatic","fibroblast_stromal",0.346164286877681,11265,TRUE
"CD38","Peng","pancreatic","fibroblast_stromal",0.0637734850489547,11265,TRUE
"CD44","Peng","pancreatic","fibroblast_stromal",0.171661784916085,11265,TRUE
"CD9","Peng","pancreatic","fibroblast_stromal",0.201702447116374,11265,TRUE
"CNTFR","Peng","pancreatic","fibroblast_stromal",0.313333333333333,11265,TRUE
"CRLF2","Peng","pancreatic","fibroblast_stromal",NA,11265,TRUE
"CSF1","Peng","pancreatic","fibroblast_stromal",0.354868665428496,11265,TRUE
"CSF2","Peng","pancreatic","fibroblast_stromal",0.0129259694477086,11265,TRUE
"CSF2RA","Peng","pancreatic","fibroblast_stromal",0.0602888086642599,11265,TRUE
"CSF2RB","Peng","pancreatic","fibroblast_stromal",0.046031746031746,11265,TRUE
"CSF3R","Peng","pancreatic","fibroblast_stromal",0.0955882352941176,11265,TRUE
"CXCL1","Peng","pancreatic","fibroblast_stromal",0.105208373491653,11265,TRUE
"CXCL10","Peng","pancreatic","fibroblast_stromal",0.140707630319819,11265,TRUE
"CXCL11","Peng","pancreatic","fibroblast_stromal",0.084136722173532,11265,TRUE
"CXCL13","Peng","pancreatic","fibroblast_stromal",0.075325220310533,11265,TRUE
"CXCL3","Peng","pancreatic","fibroblast_stromal",0.139414459271062,11265,TRUE
"CXCL9","Peng","pancreatic","fibroblast_stromal",0.236584227718152,11265,TRUE
"DNTT","Peng","pancreatic","fibroblast_stromal",NA,11265,TRUE
"EBI3","Peng","pancreatic","fibroblast_stromal",0.0651649235720032,11265,TRUE
"FAS","Peng","pancreatic","fibroblast_stromal",0.456572769953052,11265,TRUE
"GRB2","Peng","pancreatic","fibroblast_stromal",0.14460332103321,11265,TRUE
"HAX1","Peng","pancreatic","fibroblast_stromal",0.20927828390515,11265,TRUE
"IFNGR1","Peng","pancreatic","fibroblast_stromal",0.195152707371819,11265,TRUE
"IFNGR2","Peng","pancreatic","fibroblast_stromal",0.166532489936745,11265,TRUE
"IL10RB","Peng","pancreatic","fibroblast_stromal",0.185336511179208,11265,TRUE
"IL12RB1","Peng","pancreatic","fibroblast_stromal",0.0856353591160221,11265,TRUE
"IL13RA1","Peng","pancreatic","fibroblast_stromal",0.173260698952034,11265,TRUE
"IL15RA","Peng","pancreatic","fibroblast_stromal",0.166561989699786,11265,TRUE
"IL17RA","Peng","pancreatic","fibroblast_stromal",0.176130142343188,11265,TRUE
"IL17RB","Peng","pancreatic","fibroblast_stromal",0.0628456510809452,11265,TRUE
"IL18R1","Peng","pancreatic","fibroblast_stromal",0.178545187362234,11265,TRUE
"IL1B","Peng","pancreatic","fibroblast_stromal",0.101072324891627,11265,TRUE
"IL1R1","Peng","pancreatic","fibroblast_stromal",0.455708365863912,11265,TRUE
"IL1R2","Peng","pancreatic","fibroblast_stromal",0.0684315684315684,11265,TRUE
"IL2RA","Peng","pancreatic","fibroblast_stromal",0.0840827338129496,11265,TRUE
"IL2RG","Peng","pancreatic","fibroblast_stromal",0.0601297513824183,11265,TRUE
"IL3RA","Peng","pancreatic","fibroblast_stromal",0.029340136843326,11265,TRUE
"IL4R","Peng","pancreatic","fibroblast_stromal",0.152052167242041,11265,TRUE
"IL6ST","Peng","pancreatic","fibroblast_stromal",0.238245630699088,11265,TRUE
"IL7","Peng","pancreatic","fibroblast_stromal",0.178658536585366,11265,TRUE
"IL9R","Peng","pancreatic","fibroblast_stromal",0.144230769230769,11265,TRUE
"INHBE","Peng","pancreatic","fibroblast_stromal",NA,11265,TRUE
"IRF9","Peng","pancreatic","fibroblast_stromal",0.173488468730522,11265,TRUE
"ITGA4","Peng","pancreatic","fibroblast_stromal",0.22434839986803,11265,TRUE
"ITGB3","Peng","pancreatic","fibroblast_stromal",0.321782178217822,11265,TRUE
"JUN","Peng","pancreatic","fibroblast_stromal",0.246773039238401,11265,TRUE
"LEPR","Peng","pancreatic","fibroblast_stromal",0.275760549558391,11265,TRUE
"LTB","Peng","pancreatic","fibroblast_stromal",0.0703507299195348,11265,TRUE
"LTBR","Peng","pancreatic","fibroblast_stromal",0.180789637952559,11265,TRUE
"MAP3K8","Peng","pancreatic","fibroblast_stromal",0.260626506024096,11265,TRUE
"OSMR","Peng","pancreatic","fibroblast_stromal",0.282864109953447,11265,TRUE
"PDGFC","Peng","pancreatic","fibroblast_stromal",0.472631258251244,11265,TRUE
"PF4","Peng","pancreatic","fibroblast_stromal",0.0338235294117647,11265,TRUE
"PIK3R5","Peng","pancreatic","fibroblast_stromal",0.118099231306778,11265,TRUE
"PLA2G2A","Peng","pancreatic","fibroblast_stromal",0.920256513487088,11265,TRUE
"PTPN1","Peng","pancreatic","fibroblast_stromal",0.248273381294964,11265,TRUE
"PTPN11","Peng","pancreatic","fibroblast_stromal",0.178396543446952,11265,TRUE
"PTPN2","Peng","pancreatic","fibroblast_stromal",0.169958211689278,11265,TRUE
"REG1A","Peng","pancreatic","fibroblast_stromal",0.0296288255159347,11265,TRUE
"SOCS1","Peng","pancreatic","fibroblast_stromal",0.163725163725164,11265,TRUE
"STAM2","Peng","pancreatic","fibroblast_stromal",0.191922620057696,11265,TRUE
"STAT2","Peng","pancreatic","fibroblast_stromal",0.339468302658487,11265,TRUE
"STAT3","Peng","pancreatic","fibroblast_stromal",0.254681023393206,11265,TRUE
"TGFB1","Peng","pancreatic","fibroblast_stromal",0.337994878865472,11265,TRUE
"TLR2","Peng","pancreatic","fibroblast_stromal",0.0902668759811617,11265,TRUE
"TNF","Peng","pancreatic","fibroblast_stromal",0.105839416058394,11265,TRUE
"TNFRSF12A","Peng","pancreatic","fibroblast_stromal",0.194044858751715,11265,TRUE
"TNFRSF1A","Peng","pancreatic","fibroblast_stromal",0.278603298541949,11265,TRUE
"TNFRSF1B","Peng","pancreatic","fibroblast_stromal",0.108315459495133,11265,TRUE
"TNFRSF21","Peng","pancreatic","fibroblast_stromal",0.183777354900095,11265,TRUE
"ABCA1","Peng","pancreatic","fibroblast_stromal",0.383437407077015,11265,TRUE
"AKAP12","Peng","pancreatic","fibroblast_stromal",0.481251782149986,11265,TRUE
"BCL2L1","Peng","pancreatic","fibroblast_stromal",0.107081545064378,11265,TRUE
"BCL6","Peng","pancreatic","fibroblast_stromal",0.313987550347858,11265,TRUE
"CCND1","Peng","pancreatic","fibroblast_stromal",0.141051789642072,11265,TRUE
"CCND3","Peng","pancreatic","fibroblast_stromal",0.17413514630207,11265,TRUE
"CDK4","Peng","pancreatic","fibroblast_stromal",0.326448546883568,11265,TRUE
"CDKN1A","Peng","pancreatic","fibroblast_stromal",0.2766060086297,11265,TRUE
"CDKN1B","Peng","pancreatic","fibroblast_stromal",0.233200243621845,11265,TRUE
"CFLAR","Peng","pancreatic","fibroblast_stromal",0.121079622132254,11265,TRUE
"CISH","Peng","pancreatic","fibroblast_stromal",0.151140684410646,11265,TRUE
"COPS5","Peng","pancreatic","fibroblast_stromal",0.203030901372297,11265,TRUE
"CXCL8","Peng","pancreatic","fibroblast_stromal",0.152087784900285,11265,TRUE
"DDIT3","Peng","pancreatic","fibroblast_stromal",0.219629961970688,11265,TRUE
"DNMT1","Peng","pancreatic","fibroblast_stromal",0.165209083559932,11265,TRUE
"EPAS1","Peng","pancreatic","fibroblast_stromal",0.227266056840972,11265,TRUE
"ESR2","Peng","pancreatic","fibroblast_stromal",0.11744966442953,11265,TRUE
"ETV6","Peng","pancreatic","fibroblast_stromal",0.175200554620184,11265,TRUE
"FGG","Peng","pancreatic","fibroblast_stromal",0.0429929723026044,11265,TRUE
"FGL1","Peng","pancreatic","fibroblast_stromal",0.0702151755379389,11265,TRUE
"FOS","Peng","pancreatic","fibroblast_stromal",0.282261203205885,11265,TRUE
"GFAP","Peng","pancreatic","fibroblast_stromal",0.165137614678899,11265,TRUE
"GREB1","Peng","pancreatic","fibroblast_stromal",0.457597173144876,11265,TRUE
"HSPA4","Peng","pancreatic","fibroblast_stromal",0.193200140203295,11265,TRUE
"HSPB1","Peng","pancreatic","fibroblast_stromal",0.204308037402486,11265,TRUE
"ICAM1","Peng","pancreatic","fibroblast_stromal",0.188794084186576,11265,TRUE
"IKBKE","Peng","pancreatic","fibroblast_stromal",0.122399020807834,11265,TRUE
"JAK2","Peng","pancreatic","fibroblast_stromal",0.267260579064588,11265,TRUE
"JUNB","Peng","pancreatic","fibroblast_stromal",0.3624485013418,11265,TRUE
"KRT17","Peng","pancreatic","fibroblast_stromal",0.0355044699872286,11265,TRUE
"LEP","Peng","pancreatic","fibroblast_stromal",NA,11265,TRUE
"LGALS3BP","Peng","pancreatic","fibroblast_stromal",0.346406634193772,11265,TRUE
"LTBP1","Peng","pancreatic","fibroblast_stromal",0.678442765833818,11265,TRUE
"MCL1","Peng","pancreatic","fibroblast_stromal",0.233118939630904,11265,TRUE
"MDC1","Peng","pancreatic","fibroblast_stromal",0.210269865067466,11265,TRUE
"MMP1","Peng","pancreatic","fibroblast_stromal",0.0621154125684384,11265,TRUE
"MMP7","Peng","pancreatic","fibroblast_stromal",0.0320936917864018,11265,TRUE
"MUC1","Peng","pancreatic","fibroblast_stromal",0.0395350322539439,11265,TRUE
"NME1","Peng","pancreatic","fibroblast_stromal",0.213244947592708,11265,TRUE
"OAS1","Peng","pancreatic","fibroblast_stromal",0.105088015432843,11265,TRUE
"OPRM1","Peng","pancreatic","fibroblast_stromal",0.162790697674419,11265,TRUE
"PAX3","Peng","pancreatic","fibroblast_stromal",0.0869565217391304,11265,TRUE
"PHB","Peng","pancreatic","fibroblast_stromal",0.171837361907135,11265,TRUE
"POU2F1","Peng","pancreatic","fibroblast_stromal",0.177721242958386,11265,TRUE
"PPARA","Peng","pancreatic","fibroblast_stromal",0.17543391188251,11265,TRUE
"PRDM1","Peng","pancreatic","fibroblast_stromal",0.24812030075188,11265,TRUE
"PROS1","Peng","pancreatic","fibroblast_stromal",0.416361416361416,11265,TRUE
"PSMB5","Peng","pancreatic","fibroblast_stromal",0.254986365741138,11265,TRUE
"PTGS2","Peng","pancreatic","fibroblast_stromal",0.12581591145587,11265,TRUE
"PTPN6","Peng","pancreatic","fibroblast_stromal",0.0770314040276018,11265,TRUE
"ROR1","Peng","pancreatic","fibroblast_stromal",0.42151431209603,11265,TRUE
"S100A11","Peng","pancreatic","fibroblast_stromal",0.128024421907401,11265,TRUE
"S1PR1","Peng","pancreatic","fibroblast_stromal",0.0275503701161822,11265,TRUE
"SALL4","Peng","pancreatic","fibroblast_stromal",0.546783625730994,11265,TRUE
"SHH","Peng","pancreatic","fibroblast_stromal",0.0192893401015228,11265,TRUE
"STK11","Peng","pancreatic","fibroblast_stromal",0.220612154369363,11265,TRUE
"TIMP1","Peng","pancreatic","fibroblast_stromal",0.638572028744621,11265,TRUE
"TNFRSF10B","Peng","pancreatic","fibroblast_stromal",0.152129817444219,11265,TRUE
"TP53","Peng","pancreatic","fibroblast_stromal",0.242462311557789,11265,TRUE
"TP63","Peng","pancreatic","fibroblast_stromal",0.0588235294117647,11265,TRUE
"VDR","Peng","pancreatic","fibroblast_stromal",0.291710945802338,11265,TRUE
"VEGFA","Peng","pancreatic","fibroblast_stromal",0.186433561094782,11265,TRUE
"VEGFB","Peng","pancreatic","fibroblast_stromal",0.395501846257133,11265,TRUE
"ZFP36","Peng","pancreatic","fibroblast_stromal",0.17818410743551,11265,TRUE
"A2M","Peng","pancreatic","fibroblast_stromal",0.298644875101768,11265,TRUE
"HMOX1","Peng","pancreatic","fibroblast_stromal",0.114596745873815,11265,TRUE
"IFNAR1","Peng","pancreatic","fibroblast_stromal",0.186942138443293,11265,TRUE
"IRF1","Peng","pancreatic","fibroblast_stromal",0.161135271229114,11265,TRUE
"MYD88","Peng","pancreatic","fibroblast_stromal",0.116996279616213,11265,TRUE
"PIM1","Peng","pancreatic","fibroblast_stromal",0.29594301641375,11265,TRUE
"STAT1","Peng","pancreatic","fibroblast_stromal",0.181189265718515,11265,TRUE
"TYK2","Peng","pancreatic","fibroblast_stromal",0.201483729556567,11265,TRUE
"BCL2","Peng","pancreatic","fibroblast_stromal",0.258043548911277,11265,FALSE
"MMP9","Peng","pancreatic","fibroblast_stromal",0.345958113133686,11265,FALSE
"HGF","Peng","pancreatic","fibroblast_stromal",0.724420677361854,11265,FALSE
"MYC","Peng","pancreatic","myeloid",0.0349906595775255,4912,TRUE
"IL6","Peng","pancreatic","myeloid",0.0308183782768017,4912,TRUE
"SOCS3","Peng","pancreatic","myeloid",0.0784757823857985,4912,TRUE
"ACVR1B","Peng","pancreatic","myeloid",0.0495635032385244,4912,TRUE
"ACVRL1","Peng","pancreatic","myeloid",0.0340593636557762,4912,TRUE
"BAK1","Peng","pancreatic","myeloid",0.083489932885906,4912,TRUE
"CBL","Peng","pancreatic","myeloid",0.132277227722772,4912,TRUE
"CCL7","Peng","pancreatic","myeloid",0.813122287464897,4912,TRUE
"CCR1","Peng","pancreatic","myeloid",0.73617747440273,4912,TRUE
"CD14","Peng","pancreatic","myeloid",0.772328390154411,4912,TRUE
"CD36","Peng","pancreatic","myeloid",0.111243824311852,4912,TRUE
"CD38","Peng","pancreatic","myeloid",0.229690394284202,4912,TRUE
"CD44","Peng","pancreatic","myeloid",0.172827852353652,4912,TRUE
"CD9","Peng","pancreatic","myeloid",0.113056534321382,4912,TRUE
"CNTFR","Peng","pancreatic","myeloid",0.02,4912,TRUE
"CRLF2","Peng","pancreatic","myeloid",NA,4912,TRUE
"CSF1","Peng","pancreatic","myeloid",0.0436455293181215,4912,TRUE
"CSF2","Peng","pancreatic","myeloid",0.00705052878965922,4912,TRUE
"CSF2RA","Peng","pancreatic","myeloid",0.715703971119134,4912,TRUE
"CSF2RB","Peng","pancreatic","myeloid",0.24952380952381,4912,TRUE
"CSF3R","Peng","pancreatic","myeloid",0.699346405228758,4912,TRUE
"CXCL1","Peng","pancreatic","myeloid",0.0366243879872007,4912,TRUE
"CXCL10","Peng","pancreatic","myeloid",0.42539662553513,4912,TRUE
"CXCL11","Peng","pancreatic","myeloid",0.142857142857143,4912,TRUE
"CXCL13","Peng","pancreatic","myeloid",0.0750104909777591,4912,TRUE
"CXCL3","Peng","pancreatic","myeloid",0.201809542777477,4912,TRUE
"CXCL9","Peng","pancreatic","myeloid",0.459869342043864,4912,TRUE
"DNTT","Peng","pancreatic","myeloid",NA,4912,TRUE
"EBI3","Peng","pancreatic","myeloid",0.469026548672566,4912,TRUE
"FAS","Peng","pancreatic","myeloid",0.04856220657277,4912,TRUE
"GRB2","Peng","pancreatic","myeloid",0.266743542435424,4912,TRUE
"HAX1","Peng","pancreatic","myeloid",0.069231763261614,4912,TRUE
"IFNGR1","Peng","pancreatic","myeloid",0.25626087614436,4912,TRUE
"IFNGR2","Peng","pancreatic","myeloid",0.162967222541691,4912,TRUE
"IL10RB","Peng","pancreatic","myeloid",0.163318579048916,4912,TRUE
"IL12RB1","Peng","pancreatic","myeloid",0.235497237569061,4912,TRUE
"IL13RA1","Peng","pancreatic","myeloid",0.155763815151655,4912,TRUE
"IL15RA","Peng","pancreatic","myeloid",0.0484863710589122,4912,TRUE
"IL17RA","Peng","pancreatic","myeloid",0.221492257156265,4912,TRUE
"IL17RB","Peng","pancreatic","myeloid",0.0351935646053293,4912,TRUE
"IL18R1","Peng","pancreatic","myeloid",0.127112417340191,4912,TRUE
"IL1B","Peng","pancreatic","myeloid",0.689253935660507,4912,TRUE
"IL1R1","Peng","pancreatic","myeloid",0.0291874361900186,4912,TRUE
"IL1R2","Peng","pancreatic","myeloid",0.221528471528472,4912,TRUE
"IL2RA","Peng","pancreatic","myeloid",0.169964028776978,4912,TRUE
"IL2RG","Peng","pancreatic","myeloid",0.114599207558671,4912,TRUE
"IL3RA","Peng","pancreatic","myeloid",0.107619158065638,4912,TRUE
"IL4R","Peng","pancreatic","myeloid",0.080475642500959,4912,TRUE
"IL6ST","Peng","pancreatic","myeloid",0.0321761018237082,4912,TRUE
"IL7","Peng","pancreatic","myeloid",0.0359756097560976,4912,TRUE
"IL9R","Peng","pancreatic","myeloid",0.0865384615384615,4912,TRUE
"INHBE","Peng","pancreatic","myeloid",NA,4912,TRUE
"IRF9","Peng","pancreatic","myeloid",0.0783295242052774,4912,TRUE
"ITGA4","Peng","pancreatic","myeloid",0.266578686902013,4912,TRUE
"ITGB3","Peng","pancreatic","myeloid",0.0841584158415842,4912,TRUE
"JUN","Peng","pancreatic","myeloid",0.0873171560525787,4912,TRUE
"LEPR","Peng","pancreatic","myeloid",0.0282957147530258,4912,TRUE
"LTB","Peng","pancreatic","myeloid",0.0818984050285621,4912,TRUE
"LTBR","Peng","pancreatic","myeloid",0.0630071785268414,4912,TRUE
"MAP3K8","Peng","pancreatic","myeloid",0.244530120481928,4912,TRUE
"OSMR","Peng","pancreatic","myeloid",0.0152959432498337,4912,TRUE
"PDGFC","Peng","pancreatic","myeloid",0.044378998679801,4912,TRUE
"PF4","Peng","pancreatic","myeloid",0.0125,4912,TRUE
"PIK3R5","Peng","pancreatic","myeloid",0.477288609364081,4912,TRUE
"PLA2G2A","Peng","pancreatic","myeloid",0.00897222062460459,4912,TRUE
"PTPN1","Peng","pancreatic","myeloid",0.134748201438849,4912,TRUE
"PTPN11","Peng","pancreatic","myeloid",0.0605856937109938,4912,TRUE
"PTPN2","Peng","pancreatic","myeloid",0.128398878012479,4912,TRUE
"REG1A","Peng","pancreatic","myeloid",0.0150841049526682,4912,TRUE
"SOCS1","Peng","pancreatic","myeloid",0.165279165279165,4912,TRUE
"STAM2","Peng","pancreatic","myeloid",0.0690649923638215,4912,TRUE
"STAT2","Peng","pancreatic","myeloid",0.109217602060138,4912,TRUE
"STAT3","Peng","pancreatic","myeloid",0.0596502930106246,4912,TRUE
"TGFB1","Peng","pancreatic","myeloid",0.178254874926137,4912,TRUE
"TLR2","Peng","pancreatic","myeloid",0.611656200941915,4912,TRUE
"TNF","Peng","pancreatic","myeloid",0.256934306569343,4912,TRUE
"TNFRSF12A","Peng","pancreatic","myeloid",0.0195074054795817,4912,TRUE
"TNFRSF1A","Peng","pancreatic","myeloid",0.0763086606644889,4912,TRUE
"TNFRSF1B","Peng","pancreatic","myeloid",0.283121597096189,4912,TRUE
"TNFRSF21","Peng","pancreatic","myeloid",0.0423882017126546,4912,TRUE
"ABCA1","Peng","pancreatic","myeloid",0.213648528099911,4912,TRUE
"AKAP12","Peng","pancreatic","myeloid",0.0153977758768178,4912,TRUE
"BCL2L1","Peng","pancreatic","myeloid",0.0355150214592275,4912,TRUE
"BCL6","Peng","pancreatic","myeloid",0.0873306481142439,4912,TRUE
"CCND1","Peng","pancreatic","myeloid",0.0216556688662268,4912,TRUE
"CCND3","Peng","pancreatic","myeloid",0.0779025654509259,4912,TRUE
"CDK4","Peng","pancreatic","myeloid",0.0634253335770426,4912,TRUE
"CDKN1A","Peng","pancreatic","myeloid",0.0809369388684909,4912,TRUE
"CDKN1B","Peng","pancreatic","myeloid",0.0864180821546999,4912,TRUE
"CFLAR","Peng","pancreatic","myeloid",0.0716689158794422,4912,TRUE
"CISH","Peng","pancreatic","myeloid",0.256653992395437,4912,TRUE
"COPS5","Peng","pancreatic","myeloid",0.0774508836015401,4912,TRUE
"CXCL8","Peng","pancreatic","myeloid",0.334935897435897,4912,TRUE
"DDIT3","Peng","pancreatic","myeloid",0.0516173140195701,4912,TRUE
"DNMT1","Peng","pancreatic","myeloid",0.170573969280517,4912,TRUE
"EPAS1","Peng","pancreatic","myeloid",0.0199253208107095,4912,TRUE
"ESR2","Peng","pancreatic","myeloid",0.0268456375838926,4912,TRUE
"ETV6","Peng","pancreatic","myeloid",0.109636525700703,4912,TRUE
"FGG","Peng","pancreatic","myeloid",0.0161223646134766,4912,TRUE
"FGL1","Peng","pancreatic","myeloid",0.00906002265005663,4912,TRUE
"FOS","Peng","pancreatic","myeloid",0.134772560540881,4912,TRUE
"GFAP","Peng","pancreatic","myeloid",0.018348623853211,4912,TRUE
"GREB1","Peng","pancreatic","myeloid",0.0335689045936396,4912,TRUE
"HSPA4","Peng","pancreatic","myeloid",0.0908517350157729,4912,TRUE
"HSPB1","Peng","pancreatic","myeloid",0.0313206161928637,4912,TRUE
"ICAM1","Peng","pancreatic","myeloid",0.100910125142207,4912,TRUE
"IKBKE","Peng","pancreatic","myeloid",0.140758873929009,4912,TRUE
"JAK2","Peng","pancreatic","myeloid",0.187400572701241,4912,TRUE
"JUNB","Peng","pancreatic","myeloid",0.0882564160713611,4912,TRUE
"KRT17","Peng","pancreatic","myeloid",0.0205801860974275,4912,TRUE
"LEP","Peng","pancreatic","myeloid",NA,4912,TRUE
"LGALS3BP","Peng","pancreatic","myeloid",0.0472695655425809,4912,TRUE
"LTBP1","Peng","pancreatic","myeloid",0.0123184195235328,4912,TRUE
"MCL1","Peng","pancreatic","myeloid",0.13522442915233,4912,TRUE
"MDC1","Peng","pancreatic","myeloid",0.0768365817091454,4912,TRUE
"MMP1","Peng","pancreatic","myeloid",0.0235476525025437,4912,TRUE
"MMP7","Peng","pancreatic","myeloid",0.0181613453924667,4912,TRUE
"MUC1","Peng","pancreatic","myeloid",0.0170743650337442,4912,TRUE
"NME1","Peng","pancreatic","myeloid",0.0892753373652153,4912,TRUE
"OAS1","Peng","pancreatic","myeloid",0.104509283819629,4912,TRUE
"OPRM1","Peng","pancreatic","myeloid",0.0232558139534884,4912,TRUE
"PAX3","Peng","pancreatic","myeloid",0,4912,TRUE
"PHB","Peng","pancreatic","myeloid",0.0709984217958302,4912,TRUE
"POU2F1","Peng","pancreatic","myeloid",0.0737779393058332,4912,TRUE
"PPARA","Peng","pancreatic","myeloid",0.0552736982643525,4912,TRUE
"PRDM1","Peng","pancreatic","myeloid",0.105807998256511,4912,TRUE
"PROS1","Peng","pancreatic","myeloid",0.0196886446886447,4912,TRUE
"PSMB5","Peng","pancreatic","myeloid",0.0529592344235024,4912,TRUE
"PTGS2","Peng","pancreatic","myeloid",0.0503263645823479,4912,TRUE
"PTPN6","Peng","pancreatic","myeloid",0.292634840163357,4912,TRUE
"ROR1","Peng","pancreatic","myeloid",0.0133887349953832,4912,TRUE
"S100A11","Peng","pancreatic","myeloid",0.116898208653528,4912,TRUE
"S1PR1","Peng","pancreatic","myeloid",0.0158341095151723,4912,TRUE
"SALL4","Peng","pancreatic","myeloid",0.00292397660818713,4912,TRUE
"SHH","Peng","pancreatic","myeloid",0.00913705583756345,4912,TRUE
"STK11","Peng","pancreatic","myeloid",0.0721573266301937,4912,TRUE
"TIMP1","Peng","pancreatic","myeloid",0.0795633678779958,4912,TRUE
"TNFRSF10B","Peng","pancreatic","myeloid",0.052834927074278,4912,TRUE
"TP53","Peng","pancreatic","myeloid",0.0869118318867063,4912,TRUE
"TP63","Peng","pancreatic","myeloid",0.0163398692810458,4912,TRUE
"VDR","Peng","pancreatic","myeloid",0.160467587672689,4912,TRUE
"VEGFA","Peng","pancreatic","myeloid",0.107226018246364,4912,TRUE
"VEGFB","Peng","pancreatic","myeloid",0.0835850956696878,4912,TRUE
"ZFP36","Peng","pancreatic","myeloid",0.073975333059766,4912,TRUE
"A2M","Peng","pancreatic","myeloid",0.0514506151703988,4912,TRUE
"HMOX1","Peng","pancreatic","myeloid",0.588903195598736,4912,TRUE
"IFNAR1","Peng","pancreatic","myeloid",0.112165283065976,4912,TRUE
"IRF1","Peng","pancreatic","myeloid",0.0890363927672236,4912,TRUE
"MYD88","Peng","pancreatic","myeloid",0.143038966124927,4912,TRUE
"PIM1","Peng","pancreatic","myeloid",0.0997212759368225,4912,TRUE
"STAT1","Peng","pancreatic","myeloid",0.143606409678873,4912,TRUE
"TYK2","Peng","pancreatic","myeloid",0.117686730736807,4912,TRUE
"BCL2","Peng","pancreatic","myeloid",0.170620734481638,4912,FALSE
"MMP9","Peng","pancreatic","myeloid",0.474848306909376,4912,FALSE
"HGF","Peng","pancreatic","myeloid",0.157932263814617,4912,FALSE
"MYC","Peng","pancreatic","lymphoid",0.05719212530536,5883,TRUE
"IL6","Peng","pancreatic","lymphoid",0.0103354317391713,5883,TRUE
"SOCS3","Peng","pancreatic","lymphoid",0.0207207896549086,5883,TRUE
"ACVR1B","Peng","pancreatic","lymphoid",0.0198535623767953,5883,TRUE
"ACVRL1","Peng","pancreatic","lymphoid",0.0104633781763827,5883,TRUE
"BAK1","Peng","pancreatic","lymphoid",0.0928859060402685,5883,TRUE
"CBL","Peng","pancreatic","lymphoid",0.0837623762376238,5883,TRUE
"CCL7","Peng","pancreatic","lymphoid",0.0196579014551953,5883,TRUE
"CCR1","Peng","pancreatic","lymphoid",0.0662116040955631,5883,TRUE
"CD14","Peng","pancreatic","lymphoid",0.0177954441216939,5883,TRUE
"CD36","Peng","pancreatic","lymphoid",0.0108040610239427,5883,TRUE
"CD38","Peng","pancreatic","lymphoid",0.606245038369939,5883,TRUE
"CD44","Peng","pancreatic","lymphoid",0.0804725349473187,5883,TRUE
"CD9","Peng","pancreatic","lymphoid",0.0128591666969378,5883,TRUE
"CNTFR","Peng","pancreatic","lymphoid",0,5883,TRUE
"CRLF2","Peng","pancreatic","lymphoid",NA,5883,TRUE
"CSF1","Peng","pancreatic","lymphoid",0.0313080392677103,5883,TRUE
"CSF2","Peng","pancreatic","lymphoid",0.0846063454759107,5883,TRUE
"CSF2RA","Peng","pancreatic","lymphoid",0.0209386281588448,5883,TRUE
"CSF2RB","Peng","pancreatic","lymphoid",0.0746031746031746,5883,TRUE
"CSF3R","Peng","pancreatic","lymphoid",0.034041394335512,5883,TRUE
"CXCL1","Peng","pancreatic","lymphoid",0.0144955472454605,5883,TRUE
"CXCL10","Peng","pancreatic","lymphoid",0.00944346512213548,5883,TRUE
"CXCL11","Peng","pancreatic","lymphoid",0.00744960560911481,5883,TRUE
"CXCL13","Peng","pancreatic","lymphoid",0.667750734368443,5883,TRUE
"CXCL3","Peng","pancreatic","lymphoid",0.0108401855065866,5883,TRUE
"CXCL9","Peng","pancreatic","lymphoid",0.0151656556229585,5883,TRUE
"DNTT","Peng","pancreatic","lymphoid",NA,5883,TRUE
"EBI3","Peng","pancreatic","lymphoid",0.288012872083669,5883,TRUE
"FAS","Peng","pancreatic","lymphoid",0.109448356807512,5883,TRUE
"GRB2","Peng","pancreatic","lymphoid",0.134640221402214,5883,TRUE
"HAX1","Peng","pancreatic","lymphoid",0.0880015506881179,5883,TRUE
"IFNGR1","Peng","pancreatic","lymphoid",0.0403520718266879,5883,TRUE
"IFNGR2","Peng","pancreatic","lymphoid",0.0423519263944796,5883,TRUE
"IL10RB","Peng","pancreatic","lymphoid",0.0560095335376234,5883,TRUE
"IL12RB1","Peng","pancreatic","lymphoid",0.50621546961326,5883,TRUE
"IL13RA1","Peng","pancreatic","lymphoid",0.0172660541987905,5883,TRUE
"IL15RA","Peng","pancreatic","lymphoid",0.0326592136666248,5883,TRUE
"IL17RA","Peng","pancreatic","lymphoid",0.0544345377756922,5883,TRUE
"IL17RB","Peng","pancreatic","lymphoid",0.0417295123177476,5883,TRUE
"IL18R1","Peng","pancreatic","lymphoid",0.238060249816312,5883,TRUE
"IL1B","Peng","pancreatic","lymphoid",0.0232717316906229,5883,TRUE
"IL1R1","Peng","pancreatic","lymphoid",0.0150741697195364,5883,TRUE
"IL1R2","Peng","pancreatic","lymphoid",0.0734265734265734,5883,TRUE
"IL2RA","Peng","pancreatic","lymphoid",0.633992805755396,5883,TRUE
"IL2RG","Peng","pancreatic","lymphoid",0.299255453476727,5883,TRUE
"IL3RA","Peng","pancreatic","lymphoid",0.0115968920329352,5883,TRUE
"IL4R","Peng","pancreatic","lymphoid",0.0916762562332183,5883,TRUE
"IL6ST","Peng","pancreatic","lymphoid",0.0284004559270517,5883,TRUE
"IL7","Peng","pancreatic","lymphoid",0.0707317073170732,5883,TRUE
"IL9R","Peng","pancreatic","lymphoid",0.432692307692308,5883,TRUE
"INHBE","Peng","pancreatic","lymphoid",NA,5883,TRUE
"IRF9","Peng","pancreatic","lymphoid",0.097652191980054,5883,TRUE
"ITGA4","Peng","pancreatic","lymphoid",0.369515011547344,5883,TRUE
"ITGB3","Peng","pancreatic","lymphoid",0.0123762376237624,5883,TRUE
"JUN","Peng","pancreatic","lymphoid",0.0397584220200491,5883,TRUE
"LEPR","Peng","pancreatic","lymphoid",0.0101406607785411,5883,TRUE
"LTB","Peng","pancreatic","lymphoid",0.591777400135132,5883,TRUE
"LTBR","Peng","pancreatic","lymphoid",0.0109628589263421,5883,TRUE
"MAP3K8","Peng","pancreatic","lymphoid",0.0666024096385542,5883,TRUE
"OSMR","Peng","pancreatic","lymphoid",0.0113795906303111,5883,TRUE
"PDGFC","Peng","pancreatic","lymphoid",0.00903828577231644,5883,TRUE
"PF4","Peng","pancreatic","lymphoid",0.00808823529411765,5883,TRUE
"PIK3R5","Peng","pancreatic","lymphoid",0.161425576519916,5883,TRUE
"PLA2G2A","Peng","pancreatic","lymphoid",0.00618278023810893,5883,TRUE
"PTPN1","Peng","pancreatic","lymphoid",0.105539568345324,5883,TRUE
"PTPN11","Peng","pancreatic","lymphoid",0.042438790206433,5883,TRUE
"PTPN2","Peng","pancreatic","lymphoid",0.0972007556242487,5883,TRUE
"REG1A","Peng","pancreatic","lymphoid",0.0104111364218461,5883,TRUE
"SOCS1","Peng","pancreatic","lymphoid",0.300588300588301,5883,TRUE
"STAM2","Peng","pancreatic","lymphoid",0.0366536568810453,5883,TRUE
"STAT2","Peng","pancreatic","lymphoid",0.0483223509808377,5883,TRUE
"STAT3","Peng","pancreatic","lymphoid",0.0502406022202106,5883,TRUE
"TGFB1","Peng","pancreatic","lymphoid",0.0850239642833694,5883,TRUE
"TLR2","Peng","pancreatic","lymphoid",0.0251177394034537,5883,TRUE
"TNF","Peng","pancreatic","lymphoid",0.24963503649635,5883,TRUE
"TNFRSF12A","Peng","pancreatic","lymphoid",0.00997255477215729,5883,TRUE
"TNFRSF1A","Peng","pancreatic","lymphoid",0.0188829575332643,5883,TRUE
"TNFRSF1B","Peng","pancreatic","lymphoid",0.135373700709454,5883,TRUE
"TNFRSF21","Peng","pancreatic","lymphoid",0.0111322549952426,5883,TRUE
"ABCA1","Peng","pancreatic","lymphoid",0.0176925364258103,5883,TRUE
"AKAP12","Peng","pancreatic","lymphoid",0.0076988879384089,5883,TRUE
"BCL2L1","Peng","pancreatic","lymphoid",0.0292560801144492,5883,TRUE
"BCL6","Peng","pancreatic","lymphoid",0.0636213841083852,5883,TRUE
"CCND1","Peng","pancreatic","lymphoid",0.0103979204159168,5883,TRUE
"CCND3","Peng","pancreatic","lymphoid",0.167298952033956,5883,TRUE
"CDK4","Peng","pancreatic","lymphoid",0.0755346371778468,5883,TRUE
"CDKN1A","Peng","pancreatic","lymphoid",0.0261571034223997,5883,TRUE
"CDKN1B","Peng","pancreatic","lymphoid",0.098531501657982,5883,TRUE
"CFLAR","Peng","pancreatic","lymphoid",0.0809536662168241,5883,TRUE
"CISH","Peng","pancreatic","lymphoid",0.237008871989861,5883,TRUE
"COPS5","Peng","pancreatic","lymphoid",0.0699476749925955,5883,TRUE
"CXCL8","Peng","pancreatic","lymphoid",0.0134437321937322,5883,TRUE
"DDIT3","Peng","pancreatic","lymphoid",0.027774216980729,5883,TRUE
"DNMT1","Peng","pancreatic","lymphoid",0.200338061291982,5883,TRUE
"EPAS1","Peng","pancreatic","lymphoid",0.0149521433579546,5883,TRUE
"ESR2","Peng","pancreatic","lymphoid",0.328859060402685,5883,TRUE
"ETV6","Peng","pancreatic","lymphoid",0.0344656828761018,5883,TRUE
"FGG","Peng","pancreatic","lymphoid",0.00909466721785862,5883,TRUE
"FGL1","Peng","pancreatic","lymphoid",0.00339750849377123,5883,TRUE
"FOS","Peng","pancreatic","lymphoid",0.0208478995388181,5883,TRUE
"GFAP","Peng","pancreatic","lymphoid",0.0275229357798165,5883,TRUE
"GREB1","Peng","pancreatic","lymphoid",0.0441696113074205,5883,TRUE
"HSPA4","Peng","pancreatic","lymphoid",0.107045215562566,5883,TRUE
"HSPB1","Peng","pancreatic","lymphoid",0.0158364738804249,5883,TRUE
"ICAM1","Peng","pancreatic","lymphoid",0.0332195676905574,5883,TRUE
"IKBKE","Peng","pancreatic","lymphoid",0.178090575275398,5883,TRUE
"JAK2","Peng","pancreatic","lymphoid",0.0572701240852689,5883,TRUE
"JUNB","Peng","pancreatic","lymphoid",0.030687530710209,5883,TRUE
"KRT17","Peng","pancreatic","lymphoid",0.0158730158730159,5883,TRUE
"LEP","Peng","pancreatic","lymphoid",NA,5883,TRUE
"LGALS3BP","Peng","pancreatic","lymphoid",0.0142762315236395,5883,TRUE
"LTBP1","Peng","pancreatic","lymphoid",0.0141196978500872,5883,TRUE
"MCL1","Peng","pancreatic","lymphoid",0.0413864560525493,5883,TRUE
"MDC1","Peng","pancreatic","lymphoid",0.0839580209895052,5883,TRUE
"MMP1","Peng","pancreatic","lymphoid",0.0183632927951936,5883,TRUE
"MMP7","Peng","pancreatic","lymphoid",0.00975783143158102,5883,TRUE
"MUC1","Peng","pancreatic","lymphoid",0.0145125006209505,5883,TRUE
"NME1","Peng","pancreatic","lymphoid",0.081312011708241,5883,TRUE
"OAS1","Peng","pancreatic","lymphoid",0.0434048709910779,5883,TRUE
"OPRM1","Peng","pancreatic","lymphoid",0.627906976744186,5883,TRUE
"PAX3","Peng","pancreatic","lymphoid",0,5883,TRUE
"PHB","Peng","pancreatic","lymphoid",0.0629828058808871,5883,TRUE
"POU2F1","Peng","pancreatic","lymphoid",0.0812284208613483,5883,TRUE
"PPARA","Peng","pancreatic","lymphoid",0.0376502002670227,5883,TRUE
"PRDM1","Peng","pancreatic","lymphoid",0.199520540481639,5883,TRUE
"PROS1","Peng","pancreatic","lymphoid",0.00938644688644689,5883,TRUE
"PSMB5","Peng","pancreatic","lymphoid",0.0372326742012382,5883,TRUE
"PTGS2","Peng","pancreatic","lymphoid",0.00841926024028001,5883,TRUE
"PTPN6","Peng","pancreatic","lymphoid",0.2605266863822,5883,TRUE
"ROR1","Peng","pancreatic","lymphoid",0.0087719298245614,5883,TRUE
"S100A11","Peng","pancreatic","lymphoid",0.0177490111000749,5883,TRUE
"S1PR1","Peng","pancreatic","lymphoid",0.0207853326143438,5883,TRUE
"SALL4","Peng","pancreatic","lymphoid",0.0116959064327485,5883,TRUE
"SHH","Peng","pancreatic","lymphoid",0.00862944162436548,5883,TRUE
"STK11","Peng","pancreatic","lymphoid",0.0412538814135739,5883,TRUE
"TIMP1","Peng","pancreatic","lymphoid",0.012026735878476,5883,TRUE
"TNFRSF10B","Peng","pancreatic","lymphoid",0.0339032164589974,5883,TRUE
"TP53","Peng","pancreatic","lymphoid",0.0902238465052535,5883,TRUE
"TP63","Peng","pancreatic","lymphoid",0.0457516339869281,5883,TRUE
"VDR","Peng","pancreatic","lymphoid",0.0645589798087141,5883,TRUE
"VEGFA","Peng","pancreatic","lymphoid",0.0146963392754896,5883,TRUE
"VEGFB","Peng","pancreatic","lymphoid",0.0301443437395099,5883,TRUE
"ZFP36","Peng","pancreatic","lymphoid",0.0202269929424718,5883,TRUE
"A2M","Peng","pancreatic","lymphoid",0.0150197448012965,5883,TRUE
"HMOX1","Peng","pancreatic","lymphoid",0.0339459206367786,5883,TRUE
"IFNAR1","Peng","pancreatic","lymphoid",0.0548654890456276,5883,TRUE
"IRF1","Peng","pancreatic","lymphoid",0.114271000228885,5883,TRUE
"MYD88","Peng","pancreatic","lymphoid",0.0634423340513021,5883,TRUE
"PIM1","Peng","pancreatic","lymphoid",0.135212139981418,5883,TRUE
"STAT1","Peng","pancreatic","lymphoid",0.0513546560267713,5883,TRUE
"TYK2","Peng","pancreatic","lymphoid",0.0817737312426235,5883,TRUE
"BCL2","Peng","pancreatic","lymphoid",0.258043548911277,5883,FALSE
"MMP9","Peng","pancreatic","lymphoid",0.0182031708749266,5883,FALSE
"HGF","Peng","pancreatic","lymphoid",0.0146167557932264,5883,FALSE
"MYC","Peng","pancreatic","endothelial",0.303348182210088,5105,TRUE
"IL6","Peng","pancreatic","endothelial",0.262426007704595,5105,TRUE
"SOCS3","Peng","pancreatic","endothelial",0.526849797230087,5105,TRUE
"ACVR1B","Peng","pancreatic","endothelial",0.0887074063644044,5105,TRUE
"ACVRL1","Peng","pancreatic","endothelial",0.635276532137519,5105,TRUE
"BAK1","Peng","pancreatic","endothelial",0.0848322147651007,5105,TRUE
"CBL","Peng","pancreatic","endothelial",0.232673267326733,5105,TRUE
"CCL7","Peng","pancreatic","endothelial",0.0247638498851162,5105,TRUE
"CCR1","Peng","pancreatic","endothelial",0.0266211604095563,5105,TRUE
"CD14","Peng","pancreatic","endothelial",0.0484941140498395,5105,TRUE
"CD36","Peng","pancreatic","endothelial",0.477116021499539,5105,TRUE
"CD38","Peng","pancreatic","endothelial",0.0264620269912675,5105,TRUE
"CD44","Peng","pancreatic","endothelial",0.0262503991004623,5105,TRUE
"CD9","Peng","pancreatic","endothelial",0.153401867121944,5105,TRUE
"CNTFR","Peng","pancreatic","endothelial",0.0333333333333333,5105,TRUE
"CRLF2","Peng","pancreatic","endothelial",NA,5105,TRUE
"CSF1","Peng","pancreatic","endothelial",0.146988591138233,5105,TRUE
"CSF2","Peng","pancreatic","endothelial",0.036427732079906,5105,TRUE
"CSF2RA","Peng","pancreatic","endothelial",0.0240072202166065,5105,TRUE
"CSF2RB","Peng","pancreatic","endothelial",0.545079365079365,5105,TRUE
"CSF3R","Peng","pancreatic","endothelial",0.0441176470588235,5105,TRUE
"CXCL1","Peng","pancreatic","endothelial",0.0389760592158526,5105,TRUE
"CXCL10","Peng","pancreatic","endothelial",0.0590531352304206,5105,TRUE
"CXCL11","Peng","pancreatic","endothelial",0.0563102541630149,5105,TRUE
"CXCL13","Peng","pancreatic","endothelial",0.0665127989928661,5105,TRUE
"CXCL3","Peng","pancreatic","endothelial",0.0419096935727089,5105,TRUE
"CXCL9","Peng","pancreatic","endothelial",0.0979934671021932,5105,TRUE
"DNTT","Peng","pancreatic","endothelial",NA,5105,TRUE
"EBI3","Peng","pancreatic","endothelial",0.0201126307320998,5105,TRUE
"FAS","Peng","pancreatic","endothelial",0.0379988262910798,5105,TRUE
"GRB2","Peng","pancreatic","endothelial",0.109916974169742,5105,TRUE
"HAX1","Peng","pancreatic","endothelial",0.107159010144085,5105,TRUE
"IFNGR1","Peng","pancreatic","endothelial",0.195657108269653,5105,TRUE
"IFNGR2","Peng","pancreatic","endothelial",0.0829787234042553,5105,TRUE
"IL10RB","Peng","pancreatic","endothelial",0.100612870275792,5105,TRUE
"IL12RB1","Peng","pancreatic","endothelial",0.0290055248618785,5105,TRUE
"IL13RA1","Peng","pancreatic","endothelial",0.122247357001062,5105,TRUE
"IL15RA","Peng","pancreatic","endothelial",0.214420298957417,5105,TRUE
"IL17RA","Peng","pancreatic","endothelial",0.197090567808541,5105,TRUE
"IL17RB","Peng","pancreatic","endothelial",0.0256410256410256,5105,TRUE
"IL18R1","Peng","pancreatic","endothelial",0.144011756061719,5105,TRUE
"IL1B","Peng","pancreatic","endothelial",0.0319415925165412,5105,TRUE
"IL1R1","Peng","pancreatic","endothelial",0.24412948171281,5105,TRUE
"IL1R2","Peng","pancreatic","endothelial",0.0317182817182817,5105,TRUE
"IL2RA","Peng","pancreatic","endothelial",0.0274280575539568,5105,TRUE
"IL2RG","Peng","pancreatic","endothelial",0.0382287630077938,5105,TRUE
"IL3RA","Peng","pancreatic","endothelial",0.807027716571959,5105,TRUE
"IL4R","Peng","pancreatic","endothelial",0.228461833525125,5105,TRUE
"IL6ST","Peng","pancreatic","endothelial",0.393427051671733,5105,TRUE
"IL7","Peng","pancreatic","endothelial",0.048780487804878,5105,TRUE
"IL9R","Peng","pancreatic","endothelial",0.0576923076923077,5105,TRUE
"INHBE","Peng","pancreatic","endothelial",NA,5105,TRUE
"IRF9","Peng","pancreatic","endothelial",0.181591522958654,5105,TRUE
"ITGA4","Peng","pancreatic","endothelial",0.0376113493896404,5105,TRUE
"ITGB3","Peng","pancreatic","endothelial",0.405940594059406,5105,TRUE
"JUN","Peng","pancreatic","endothelial",0.137620158271677,5105,TRUE
"LEPR","Peng","pancreatic","endothelial",0.432450114491331,5105,TRUE
"LTB","Peng","pancreatic","endothelial",0.0348068221371389,5105,TRUE
"LTBR","Peng","pancreatic","endothelial",0.131242197253433,5105,TRUE
"MAP3K8","Peng","pancreatic","endothelial",0.174939759036145,5105,TRUE
"OSMR","Peng","pancreatic","endothelial",0.245547919899505,5105,TRUE
"PDGFC","Peng","pancreatic","endothelial",0.0180765715446329,5105,TRUE
"PF4","Peng","pancreatic","endothelial",0.0308823529411765,5105,TRUE
"PIK3R5","Peng","pancreatic","endothelial",0.0712788259958071,5105,TRUE
"PLA2G2A","Peng","pancreatic","endothelial",0.014867429688848,5105,TRUE
"PTPN1","Peng","pancreatic","endothelial",0.150503597122302,5105,TRUE
"PTPN11","Peng","pancreatic","endothelial",0.183869419107057,5105,TRUE
"PTPN2","Peng","pancreatic","endothelial",0.0784818821913103,5105,TRUE
"REG1A","Peng","pancreatic","endothelial",0.0238295952412049,5105,TRUE
"SOCS1","Peng","pancreatic","endothelial",0.0735930735930736,5105,TRUE
"STAM2","Peng","pancreatic","endothelial",0.113694213473613,5105,TRUE
"STAT2","Peng","pancreatic","endothelial",0.108763159887904,5105,TRUE
"STAT3","Peng","pancreatic","endothelial",0.230787555386155,5105,TRUE
"TGFB1","Peng","pancreatic","endothelial",0.2085220930996,5105,TRUE
"TLR2","Peng","pancreatic","endothelial",0.0392464678178964,5105,TRUE
"TNF","Peng","pancreatic","endothelial",0.0306569343065693,5105,TRUE
"TNFRSF12A","Peng","pancreatic","endothelial",0.027397908484361,5105,TRUE
"TNFRSF1A","Peng","pancreatic","endothelial",0.241036570791172,5105,TRUE
"TNFRSF1B","Peng","pancreatic","endothelial",0.292525985810922,5105,TRUE
"TNFRSF21","Peng","pancreatic","endothelial",0.0223596574690771,5105,TRUE
"ABCA1","Peng","pancreatic","endothelial",0.0828129646149272,5105,TRUE
"AKAP12","Peng","pancreatic","endothelial",0.360564585115483,5105,TRUE
"BCL2L1","Peng","pancreatic","endothelial",0.0857296137339056,5105,TRUE
"BCL6","Peng","pancreatic","endothelial",0.082845111680703,5105,TRUE
"CCND1","Peng","pancreatic","endothelial",0.044871025794841,5105,TRUE
"CCND3","Peng","pancreatic","endothelial",0.158434436389588,5105,TRUE
"CDK4","Peng","pancreatic","endothelial",0.111451288612685,5105,TRUE
"CDKN1A","Peng","pancreatic","endothelial",0.261383432047812,5105,TRUE
"CDKN1B","Peng","pancreatic","endothelial",0.160452053867497,5105,TRUE
"CFLAR","Peng","pancreatic","endothelial",0.176896086369771,5105,TRUE
"CISH","Peng","pancreatic","endothelial",0.0972750316856781,5105,TRUE
"COPS5","Peng","pancreatic","endothelial",0.120841149175634,5105,TRUE
"CXCL8","Peng","pancreatic","endothelial",0.028022613960114,5105,TRUE
"DDIT3","Peng","pancreatic","endothelial",0.0414476776481648,5105,TRUE
"DNMT1","Peng","pancreatic","endothelial",0.166972881605056,5105,TRUE
"EPAS1","Peng","pancreatic","endothelial",0.607461396729117,5105,TRUE
"ESR2","Peng","pancreatic","endothelial",0.228187919463087,5105,TRUE
"ETV6","Peng","pancreatic","endothelial",0.165989897989502,5105,TRUE
"FGG","Peng","pancreatic","endothelial",0.010334849111203,5105,TRUE
"FGL1","Peng","pancreatic","endothelial",0.029445073612684,5105,TRUE
"FOS","Peng","pancreatic","endothelial",0.148525354669165,5105,TRUE
"GFAP","Peng","pancreatic","endothelial",0.0825688073394495,5105,TRUE
"GREB1","Peng","pancreatic","endothelial",0.0371024734982332,5105,TRUE
"HSPA4","Peng","pancreatic","endothelial",0.115737819838766,5105,TRUE
"HSPB1","Peng","pancreatic","endothelial",0.0905897956661372,5105,TRUE
"ICAM1","Peng","pancreatic","endothelial",0.362059158134243,5105,TRUE
"IKBKE","Peng","pancreatic","endothelial",0.0406976744186047,5105,TRUE
"JAK2","Peng","pancreatic","endothelial",0.120585427935094,5105,TRUE
"JUNB","Peng","pancreatic","endothelial",0.196877952904713,5105,TRUE
"KRT17","Peng","pancreatic","endothelial",0.0230249954387885,5105,TRUE
"LEP","Peng","pancreatic","endothelial",NA,5105,TRUE
"LGALS3BP","Peng","pancreatic","endothelial",0.0182402931909761,5105,TRUE
"LTBP1","Peng","pancreatic","endothelial",0.110052295177223,5105,TRUE
"MCL1","Peng","pancreatic","endothelial",0.195163434469815,5105,TRUE
"MDC1","Peng","pancreatic","endothelial",0.163793103448276,5105,TRUE
"MMP1","Peng","pancreatic","endothelial",0.00993265177576433,5105,TRUE
"MMP7","Peng","pancreatic","endothelial",0.0158185318368385,5105,TRUE
"MUC1","Peng","pancreatic","endothelial",0.0217510094881239,5105,TRUE
"NME1","Peng","pancreatic","endothelial",0.0867572046574694,5105,TRUE
"OAS1","Peng","pancreatic","endothelial",0.0473113093802749,5105,TRUE
"OPRM1","Peng","pancreatic","endothelial",0.0232558139534884,5105,TRUE
"PAX3","Peng","pancreatic","endothelial",0,5105,TRUE
"PHB","Peng","pancreatic","endothelial",0.0811321538333749,5105,TRUE
"POU2F1","Peng","pancreatic","endothelial",0.133381791749955,5105,TRUE
"PPARA","Peng","pancreatic","endothelial",0.109212283044059,5105,TRUE
"PRDM1","Peng","pancreatic","endothelial",0.291053721259671,5105,TRUE
"PROS1","Peng","pancreatic","endothelial",0.301205738705739,5105,TRUE
"PSMB5","Peng","pancreatic","endothelial",0.163851206503284,5105,TRUE
"PTGS2","Peng","pancreatic","endothelial",0.0912874846277552,5105,TRUE
"PTPN6","Peng","pancreatic","endothelial",0.0654133220673145,5105,TRUE
"ROR1","Peng","pancreatic","endothelial",0.0226223453370268,5105,TRUE
"S100A11","Peng","pancreatic","endothelial",0.0530618868384826,5105,TRUE
"S1PR1","Peng","pancreatic","endothelial",0.887200352958478,5105,TRUE
"SALL4","Peng","pancreatic","endothelial",0.0146198830409357,5105,TRUE
"SHH","Peng","pancreatic","endothelial",0.0177664974619289,5105,TRUE
"STK11","Peng","pancreatic","endothelial",0.149933461481591,5105,TRUE
"TIMP1","Peng","pancreatic","endothelial",0.0612801326750209,5105,TRUE
"TNFRSF10B","Peng","pancreatic","endothelial",0.19047619047619,5105,TRUE
"TP53","Peng","pancreatic","endothelial",0.19278209227958,5105,TRUE
"TP63","Peng","pancreatic","endothelial",0.0261437908496732,5105,TRUE
"VDR","Peng","pancreatic","endothelial",0.0228480340063762,5105,TRUE
"VEGFA","Peng","pancreatic","endothelial",0.0309195709432378,5105,TRUE
"VEGFB","Peng","pancreatic","endothelial",0.0584759986572675,5105,TRUE
"ZFP36","Peng","pancreatic","endothelial",0.20641167130117,5105,TRUE
"A2M","Peng","pancreatic","endothelial",0.575764492836327,5105,TRUE
"HMOX1","Peng","pancreatic","endothelial",0.0541964181200983,5105,TRUE
"IFNAR1","Peng","pancreatic","endothelial",0.171774545908495,5105,TRUE
"IRF1","Peng","pancreatic","endothelial",0.132066834515908,5105,TRUE
"MYD88","Peng","pancreatic","endothelial",0.122968474642647,5105,TRUE
"PIM1","Peng","pancreatic","endothelial",0.106224837410963,5105,TRUE
"STAT1","Peng","pancreatic","endothelial",0.0811184760924126,5105,TRUE
"TYK2","Peng","pancreatic","endothelial",0.164053279379531,5105,TRUE
"BCL2","Peng","pancreatic","endothelial",0.0708482287942801,5105,FALSE
"MMP9","Peng","pancreatic","endothelial",0.0133098453709141,5105,FALSE
"HGF","Peng","pancreatic","endothelial",0.0524064171122995,5105,FALSE
"MYC","Peng","pancreatic","other",0.000143698807299899,48,TRUE
"IL6","Peng","pancreatic","other",0.000187916940712205,48,TRUE
"SOCS3","Peng","pancreatic","other",3.06067794016375e-05,48,TRUE
"ACVR1B","Peng","pancreatic","other",0.000563221627710504,48,TRUE
"ACVRL1","Peng","pancreatic","other",0.000106769165065129,48,TRUE
"BAK1","Peng","pancreatic","other",0.000268456375838926,48,TRUE
"CBL","Peng","pancreatic","other",0.000198019801980198,48,TRUE
"CCL7","Peng","pancreatic","other",0,48,TRUE
"CCR1","Peng","pancreatic","other",0,48,TRUE
"CD14","Peng","pancreatic","other",0.000122305457881058,48,TRUE
"CD36","Peng","pancreatic","other",0.000162875291818231,48,TRUE
"CD38","Peng","pancreatic","other",0.00555702566816618,48,TRUE
"CD44","Peng","pancreatic","other",0.00192956397406888,48,TRUE
"CD9","Peng","pancreatic","other",0.00165885672079141,48,TRUE
"CNTFR","Peng","pancreatic","other",0,48,TRUE
"CRLF2","Peng","pancreatic","other",NA,48,TRUE
"CSF1","Peng","pancreatic","other",0.00172459538339082,48,TRUE
"CSF2","Peng","pancreatic","other",0,48,TRUE
"CSF2RA","Peng","pancreatic","other",0,48,TRUE
"CSF2RB","Peng","pancreatic","other",0.00476190476190476,48,TRUE
"CSF3R","Peng","pancreatic","other",0,48,TRUE
"CXCL1","Peng","pancreatic","other",0,48,TRUE
"CXCL10","Peng","pancreatic","other",6.29564341475699e-05,48,TRUE
"CXCL11","Peng","pancreatic","other",0,48,TRUE
"CXCL13","Peng","pancreatic","other",0.000104909777591272,48,TRUE
"CXCL3","Peng","pancreatic","other",0,48,TRUE
"CXCL9","Peng","pancreatic","other",0,48,TRUE
"DNTT","Peng","pancreatic","other",NA,48,TRUE
"EBI3","Peng","pancreatic","other",0,48,TRUE
"FAS","Peng","pancreatic","other",0,48,TRUE
"GRB2","Peng","pancreatic","other",0.000507380073800738,48,TRUE
"HAX1","Peng","pancreatic","other",0.000710732054015636,48,TRUE
"IFNGR1","Peng","pancreatic","other",0.000378300673375199,48,TRUE
"IFNGR2","Peng","pancreatic","other",0.000460034502587694,48,TRUE
"IL10RB","Peng","pancreatic","other",0.000510725229826353,48,TRUE
"IL12RB1","Peng","pancreatic","other",0.00069060773480663,48,TRUE
"IL13RA1","Peng","pancreatic","other",0,48,TRUE
"IL15RA","Peng","pancreatic","other",0,48,TRUE
"IL17RA","Peng","pancreatic","other",0.000156421085562334,48,TRUE
"IL17RB","Peng","pancreatic","other",0.00502765208647562,48,TRUE
"IL18R1","Peng","pancreatic","other",0.00514327700220426,48,TRUE
"IL1B","Peng","pancreatic","other",0.000228154232261008,48,TRUE
"IL1R1","Peng","pancreatic","other",0.000120112906131764,48,TRUE
"IL1R2","Peng","pancreatic","other",0,48,TRUE
"IL2RA","Peng","pancreatic","other",0,48,TRUE
"IL2RG","Peng","pancreatic","other",0.0004789480559063,48,TRUE
"IL3RA","Peng","pancreatic","other",0.000231937840658703,48,TRUE
"IL4R","Peng","pancreatic","other",0.000997314921365554,48,TRUE
"IL6ST","Peng","pancreatic","other",0.000118731003039514,48,TRUE
"IL7","Peng","pancreatic","other",0,48,TRUE
"IL9R","Peng","pancreatic","other",0.0288461538461538,48,TRUE
"INHBE","Peng","pancreatic","other",NA,48,TRUE
"IRF9","Peng","pancreatic","other",0.000207770621234157,48,TRUE
"ITGA4","Peng","pancreatic","other",0.000659848234905972,48,TRUE
"ITGB3","Peng","pancreatic","other",0,48,TRUE
"JUN","Peng","pancreatic","other",0.000478831034429496,48,TRUE
"LEPR","Peng","pancreatic","other",0,48,TRUE
"LTB","Peng","pancreatic","other",0.000143322208799984,48,TRUE
"LTBR","Peng","pancreatic","other",0.000117041198501873,48,TRUE
"MAP3K8","Peng","pancreatic","other",0.0011566265060241,48,TRUE
"OSMR","Peng","pancreatic","other",7.38934456513707e-05,48,TRUE
"PDGFC","Peng","pancreatic","other",0.00030466131816797,48,TRUE
"PF4","Peng","pancreatic","other",0,48,TRUE
"PIK3R5","Peng","pancreatic","other",0,48,TRUE
"PLA2G2A","Peng","pancreatic","other",2.87571173865532e-05,48,TRUE
"PTPN1","Peng","pancreatic","other",0.000503597122302158,48,TRUE
"PTPN11","Peng","pancreatic","other",0.00028804608737398,48,TRUE
"PTPN2","Peng","pancreatic","other",0.000228977045051234,48,TRUE
"REG1A","Peng","pancreatic","other",3.22273691780834e-05,48,TRUE
"SOCS1","Peng","pancreatic","other",0.0146520146520147,48,TRUE
"STAM2","Peng","pancreatic","other",0.000678771423723061,48,TRUE
"STAT2","Peng","pancreatic","other",7.57403620389305e-05,48,TRUE
"STAT3","Peng","pancreatic","other",0.000333508028014674,48,TRUE
"TGFB1","Peng","pancreatic","other",0.000590900137876699,48,TRUE
"TLR2","Peng","pancreatic","other",0,48,TRUE
"TNF","Peng","pancreatic","other",0,48,TRUE
"TNFRSF12A","Peng","pancreatic","other",0.000153787914635878,48,TRUE
"TNFRSF1A","Peng","pancreatic","other",7.96749263006932e-05,48,TRUE
"TNFRSF1B","Peng","pancreatic","other",8.24946378485398e-05,48,TRUE
"TNFRSF21","Peng","pancreatic","other",0.000190294957183635,48,TRUE
"ABCA1","Peng","pancreatic","other",0.00178412132024978,48,TRUE
"AKAP12","Peng","pancreatic","other",0.000142571998859424,48,TRUE
"BCL2L1","Peng","pancreatic","other",0.000214592274678112,48,TRUE
"BCL6","Peng","pancreatic","other",0.000366166239472721,48,TRUE
"CCND1","Peng","pancreatic","other",0.00013997200559888,48,TRUE
"CCND3","Peng","pancreatic","other",0.000375615069676595,48,TRUE
"CDK4","Peng","pancreatic","other",0.00036556388228843,48,TRUE
"CDKN1A","Peng","pancreatic","other",0.00021440248706885,48,TRUE
"CDKN1B","Peng","pancreatic","other",0.000473709142586452,48,TRUE
"CFLAR","Peng","pancreatic","other",0.000305892937471885,48,TRUE
"CISH","Peng","pancreatic","other",0,48,TRUE
"COPS5","Peng","pancreatic","other",0.000839174647053016,48,TRUE
"CXCL8","Peng","pancreatic","other",0.000111289173789174,48,TRUE
"DDIT3","Peng","pancreatic","other",0.000726402597957527,48,TRUE
"DNMT1","Peng","pancreatic","other",0.000514441096494451,48,TRUE
"EPAS1","Peng","pancreatic","other",0.000260887997521564,48,TRUE
"ESR2","Peng","pancreatic","other",0,48,TRUE
"ETV6","Peng","pancreatic","other",0.000198078637218976,48,TRUE
"FGG","Peng","pancreatic","other",0,48,TRUE
"FGL1","Peng","pancreatic","other",0,48,TRUE
"FOS","Peng","pancreatic","other",0.000750841252182778,48,TRUE
"GFAP","Peng","pancreatic","other",0,48,TRUE
"GREB1","Peng","pancreatic","other",0,48,TRUE
"HSPA4","Peng","pancreatic","other",0.000280406589554855,48,TRUE
"HSPB1","Peng","pancreatic","other",0.00013466075635073,48,TRUE
"ICAM1","Peng","pancreatic","other",0.000341296928327645,48,TRUE
"IKBKE","Peng","pancreatic","other",0.000611995104039168,48,TRUE
"JAK2","Peng","pancreatic","other",0,48,TRUE
"JUNB","Peng","pancreatic","other",0.000737045016441773,48,TRUE
"KRT17","Peng","pancreatic","other",7.29793833242109e-05,48,TRUE
"LEP","Peng","pancreatic","other",NA,48,TRUE
"LGALS3BP","Peng","pancreatic","other",6.54444143192379e-05,48,TRUE
"LTBP1","Peng","pancreatic","other",0.000116211504938989,48,TRUE
"MCL1","Peng","pancreatic","other",0.000390991554582421,48,TRUE
"MDC1","Peng","pancreatic","other",0.00149925037481259,48,TRUE
"MMP1","Peng","pancreatic","other",0,48,TRUE
"MMP7","Peng","pancreatic","other",3.11337349585143e-05,48,TRUE
"MUC1","Peng","pancreatic","other",9.93520824906148e-05,48,TRUE
"NME1","Peng","pancreatic","other",0.000322837526634096,48,TRUE
"OAS1","Peng","pancreatic","other",4.8227634434531e-05,48,TRUE
"OPRM1","Peng","pancreatic","other",0,48,TRUE
"PAX3","Peng","pancreatic","other",0,48,TRUE
"PHB","Peng","pancreatic","other",0.000394551042445386,48,TRUE
"POU2F1","Peng","pancreatic","other",0.000181719062329638,48,TRUE
"PPARA","Peng","pancreatic","other",0.000534045393858478,48,TRUE
"PRDM1","Peng","pancreatic","other",0.0003269042170644,48,TRUE
"PROS1","Peng","pancreatic","other",0.00061050061050061,48,TRUE
"PSMB5","Peng","pancreatic","other",0.000274400178360116,48,TRUE
"PTGS2","Peng","pancreatic","other",0.000945984296660675,48,TRUE
"PTPN6","Peng","pancreatic","other",0.00218279115617519,48,TRUE
"ROR1","Peng","pancreatic","other",0,48,TRUE
"S100A11","Peng","pancreatic","other",0.000271185111610644,48,TRUE
"S1PR1","Peng","pancreatic","other",0.000147066032648659,48,TRUE
"SALL4","Peng","pancreatic","other",0,48,TRUE
"SHH","Peng","pancreatic","other",0,48,TRUE
"STK11","Peng","pancreatic","other",0.000591453496968801,48,TRUE
"TIMP1","Peng","pancreatic","other",0.000236394747382204,48,TRUE
"TNFRSF10B","Peng","pancreatic","other",0.000289771080846132,48,TRUE
"TP53","Peng","pancreatic","other",0.000228414801279123,48,TRUE
"TP63","Peng","pancreatic","other",0,48,TRUE
"VDR","Peng","pancreatic","other",0,48,TRUE
"VEGFA","Peng","pancreatic","other",0.000267206168645265,48,TRUE
"VEGFB","Peng","pancreatic","other",0.000537092984222894,48,TRUE
"ZFP36","Peng","pancreatic","other",0.000864031074533512,48,TRUE
"A2M","Peng","pancreatic","other",6.84790796411696e-05,48,TRUE
"HMOX1","Peng","pancreatic","other",0,48,TRUE
"IFNAR1","Peng","pancreatic","other",0.000374508457649335,48,TRUE
"IRF1","Peng","pancreatic","other",0.000629434653238727,48,TRUE
"MYD88","Peng","pancreatic","other",0.000489524182494615,48,TRUE
"PIM1","Peng","pancreatic","other",0.000247754722824404,48,TRUE
"STAT1","Peng","pancreatic","other",0.000225239719415664,48,TRUE
"TYK2","Peng","pancreatic","other",0,48,TRUE
"BCL2","Peng","pancreatic","other",0.00064998375040624,48,FALSE
"MMP9","Peng","pancreatic","other",0.000293599530240752,48,FALSE
"HGF","Peng","pancreatic","other",0,48,FALSE
