"gene","atlas","tissue","compartment","pct_cells_detected","n_cells","qualifying"
"MYC","GSE125449","liver_biliary","epithelial",0.160633484162896,3094,TRUE
"IL6","GSE125449","liver_biliary","epithelial",0.00387847446670976,3094,TRUE
"SOCS3","GSE125449","liver_biliary","epithelial",0.130575307045895,3094,TRUE
"ACVR1B","GSE125449","liver_biliary","epithelial",0.0581771170006464,3094,TRUE
"ACVRL1","GSE125449","liver_biliary","epithelial",0.0268261150614092,3094,TRUE
"BAK1","GSE125449","liver_biliary","epithelial",0.102779573367809,3094,TRUE
"CBL","GSE125449","liver_biliary","epithelial",0.0549450549450549,3094,TRUE
"CCL7","GSE125449","liver_biliary","epithelial",NA,3094,TRUE
"CCR1","GSE125449","liver_biliary","epithelial",0.00161603102779573,3094,TRUE
"CD14","GSE125449","liver_biliary","epithelial",0.122171945701357,3094,TRUE
"CD36","GSE125449","liver_biliary","epithelial",0.0517129928894635,3094,TRUE
"CD38","GSE125449","liver_biliary","epithelial",0.00323206205559147,3094,TRUE
"CD44","GSE125449","liver_biliary","epithelial",0.233678086619263,3094,TRUE
"CD9","GSE125449","liver_biliary","epithelial",0.282805429864253,3094,TRUE
"CNTFR","GSE125449","liver_biliary","epithelial",0.00258564964447317,3094,TRUE
"CRLF2","GSE125449","liver_biliary","epithelial",NA,3094,TRUE
"CSF1","GSE125449","liver_biliary","epithelial",0.059469941822883,3094,TRUE
"CSF2","GSE125449","liver_biliary","epithelial",NA,3094,TRUE
"CSF2RA","GSE125449","liver_biliary","epithelial",0.0332902391725921,3094,TRUE
"CSF2RB","GSE125449","liver_biliary","epithelial",0.00096961861667744,3094,TRUE
"CSF3R","GSE125449","liver_biliary","epithelial",0.00387847446670976,3094,TRUE
"CXCL1","GSE125449","liver_biliary","epithelial",0.314802844214609,3094,TRUE
"CXCL10","GSE125449","liver_biliary","epithelial",0.0261797026502909,3094,TRUE
"CXCL11","GSE125449","liver_biliary","epithelial",0.015513897866839,3094,TRUE
"CXCL13","GSE125449","liver_biliary","epithelial",0.00614091790562379,3094,TRUE
"CXCL3","GSE125449","liver_biliary","epithelial",0.191014867485456,3094,TRUE
"CXCL9","GSE125449","liver_biliary","epithelial",0.015513897866839,3094,TRUE
"DNTT","GSE125449","liver_biliary","epithelial",NA,3094,TRUE
"EBI3","GSE125449","liver_biliary","epithelial",0.00420168067226891,3094,TRUE
"FAS","GSE125449","liver_biliary","epithelial",0.0394311570782159,3094,TRUE
"GRB2","GSE125449","liver_biliary","epithelial",0.200387847446671,3094,TRUE
"HAX1","GSE125449","liver_biliary","epithelial",0.394634776987718,3094,TRUE
"IFNGR1","GSE125449","liver_biliary","epithelial",0.220103425985779,3094,TRUE
"IFNGR2","GSE125449","liver_biliary","epithelial",0.203296703296703,3094,TRUE
"IL10RB","GSE125449","liver_biliary","epithelial",0.149321266968326,3094,TRUE
"IL12RB1","GSE125449","liver_biliary","epithelial",0.00323206205559147,3094,TRUE
"IL13RA1","GSE125449","liver_biliary","epithelial",0.199418228829994,3094,TRUE
"IL15RA","GSE125449","liver_biliary","epithelial",0.099224305106658,3094,TRUE
"IL17RA","GSE125449","liver_biliary","epithelial",0.0491273432449903,3094,TRUE
"IL17RB","GSE125449","liver_biliary","epithelial",0.0627020038784745,3094,TRUE
"IL18R1","GSE125449","liver_biliary","epithelial",0.0100193923723335,3094,TRUE
"IL1B","GSE125449","liver_biliary","epithelial",0.013251454427925,3094,TRUE
"IL1R1","GSE125449","liver_biliary","epithelial",0.1060116354234,3094,TRUE
"IL1R2","GSE125449","liver_biliary","epithelial",0.06819650937298,3094,TRUE
"IL2RA","GSE125449","liver_biliary","epithelial",0.00355526826115061,3094,TRUE
"IL2RG","GSE125449","liver_biliary","epithelial",0.0817711700064641,3094,TRUE
"IL3RA","GSE125449","liver_biliary","epithelial",0.0048480930833872,3094,TRUE
"IL4R","GSE125449","liver_biliary","epithelial",0.0943762120232708,3094,TRUE
"IL6ST","GSE125449","liver_biliary","epithelial",0.359405300581771,3094,TRUE
"IL7","GSE125449","liver_biliary","epithelial",0.021978021978022,3094,TRUE
"IL9R","GSE125449","liver_biliary","epithelial",NA,3094,TRUE
"INHBE","GSE125449","liver_biliary","epithelial",0.10245636716225,3094,TRUE
"IRF9","GSE125449","liver_biliary","epithelial",0.0400775694893342,3094,TRUE
"ITGA4","GSE125449","liver_biliary","epithelial",0.00258564964447317,3094,TRUE
"ITGB3","GSE125449","liver_biliary","epithelial",NA,3094,TRUE
"JUN","GSE125449","liver_biliary","epithelial",0.613122171945701,3094,TRUE
"LEPR","GSE125449","liver_biliary","epithelial",0.147382029734971,3094,TRUE
"LTB","GSE125449","liver_biliary","epithelial",0.0898513251454428,3094,TRUE
"LTBR","GSE125449","liver_biliary","epithelial",0.275371687136393,3094,TRUE
"MAP3K8","GSE125449","liver_biliary","epithelial",0.0959922430510666,3094,TRUE
"OSMR","GSE125449","liver_biliary","epithelial",0.162249515190692,3094,TRUE
"PDGFC","GSE125449","liver_biliary","epithelial",0.0950226244343891,3094,TRUE
"PF4","GSE125449","liver_biliary","epithelial",0.0164835164835165,3094,TRUE
"PIK3R5","GSE125449","liver_biliary","epithelial",0.00193923723335488,3094,TRUE
"PLA2G2A","GSE125449","liver_biliary","epithelial",0.0235940530058177,3094,TRUE
"PTPN1","GSE125449","liver_biliary","epithelial",0.114414996767938,3094,TRUE
"PTPN11","GSE125449","liver_biliary","epithelial",0.242727860374919,3094,TRUE
"PTPN2","GSE125449","liver_biliary","epithelial",0.178409825468649,3094,TRUE
"REG1A","GSE125449","liver_biliary","epithelial",0.0504201680672269,3094,TRUE
"SOCS1","GSE125449","liver_biliary","epithelial",0.0442792501616031,3094,TRUE
"STAM2","GSE125449","liver_biliary","epithelial",0.0850032320620556,3094,TRUE
"STAT2","GSE125449","liver_biliary","epithelial",0.12863606981254,3094,TRUE
"STAT3","GSE125449","liver_biliary","epithelial",0.25016160310278,3094,TRUE
"TGFB1","GSE125449","liver_biliary","epithelial",0.153522947640595,3094,TRUE
"TLR2","GSE125449","liver_biliary","epithelial",0.00581771170006464,3094,TRUE
"TNF","GSE125449","liver_biliary","epithelial",0.00743374272786037,3094,TRUE
"TNFRSF12A","GSE125449","liver_biliary","epithelial",0.520685197155785,3094,TRUE
"TNFRSF1A","GSE125449","liver_biliary","epithelial",0.248222365869425,3094,TRUE
"TNFRSF1B","GSE125449","liver_biliary","epithelial",0.0332902391725921,3094,TRUE
"TNFRSF21","GSE125449","liver_biliary","epithelial",0.175177763413058,3094,TRUE
"ABCA1","GSE125449","liver_biliary","epithelial",0.103749191984486,3094,TRUE
"AKAP12","GSE125449","liver_biliary","epithelial",0.0966386554621849,3094,TRUE
"BCL2L1","GSE125449","liver_biliary","epithelial",0.290562378797673,3094,TRUE
"BCL6","GSE125449","liver_biliary","epithelial",0.0500969618616677,3094,TRUE
"CCND1","GSE125449","liver_biliary","epithelial",0.379767291531997,3094,TRUE
"CCND3","GSE125449","liver_biliary","epithelial",0.146735617323853,3094,TRUE
"CDK4","GSE125449","liver_biliary","epithelial",0.319004524886878,3094,TRUE
"CDKN1A","GSE125449","liver_biliary","epithelial",0.273755656108597,3094,TRUE
"CDKN1B","GSE125449","liver_biliary","epithelial",0.10989010989011,3094,TRUE
"CFLAR","GSE125449","liver_biliary","epithelial",0.322236586942469,3094,TRUE
"CISH","GSE125449","liver_biliary","epithelial",0.0345830639948287,3094,TRUE
"COPS5","GSE125449","liver_biliary","epithelial",0.227860374919198,3094,TRUE
"CXCL8","GSE125449","liver_biliary","epithelial",0.297026502908856,3094,TRUE
"DDIT3","GSE125449","liver_biliary","epithelial",0.338073691014868,3094,TRUE
"DNMT1","GSE125449","liver_biliary","epithelial",0.138655462184874,3094,TRUE
"EPAS1","GSE125449","liver_biliary","epithelial",0.159340659340659,3094,TRUE
"ESR2","GSE125449","liver_biliary","epithelial",0.00581771170006464,3094,TRUE
"ETV6","GSE125449","liver_biliary","epithelial",0.070458952811894,3094,TRUE
"FGG","GSE125449","liver_biliary","epithelial",0.373303167420814,3094,TRUE
"FGL1","GSE125449","liver_biliary","epithelial",0.319327731092437,3094,TRUE
"FOS","GSE125449","liver_biliary","epithelial",0.661926308985132,3094,TRUE
"GFAP","GSE125449","liver_biliary","epithelial",0.00420168067226891,3094,TRUE
"GREB1","GSE125449","liver_biliary","epithelial",0.0190691661279897,3094,TRUE
"HSPA4","GSE125449","liver_biliary","epithelial",0.24240465416936,3094,TRUE
"HSPB1","GSE125449","liver_biliary","epithelial",0.917259211376858,3094,TRUE
"ICAM1","GSE125449","liver_biliary","epithelial",0.187782805429864,3094,TRUE
"IKBKE","GSE125449","liver_biliary","epithelial",0.0552682611506141,3094,TRUE
"JAK2","GSE125449","liver_biliary","epithelial",0.0239172592113769,3094,TRUE
"JUNB","GSE125449","liver_biliary","epithelial",0.575307045895281,3094,TRUE
"KRT17","GSE125449","liver_biliary","epithelial",0.177763413057531,3094,TRUE
"LEP","GSE125449","liver_biliary","epithelial",NA,3094,TRUE
"LGALS3BP","GSE125449","liver_biliary","epithelial",0.431157078215902,3094,TRUE
"LTBP1","GSE125449","liver_biliary","epithelial",0.0552682611506141,3094,TRUE
"MCL1","GSE125449","liver_biliary","epithelial",0.517776341305753,3094,TRUE
"MDC1","GSE125449","liver_biliary","epithelial",0.0559146735617324,3094,TRUE
"MMP1","GSE125449","liver_biliary","epithelial",0.0394311570782159,3094,TRUE
"MMP7","GSE125449","liver_biliary","epithelial",0.195539754363284,3094,TRUE
"MUC1","GSE125449","liver_biliary","epithelial",0.406593406593407,3094,TRUE
"NME1","GSE125449","liver_biliary","epithelial",0.514544279250162,3094,TRUE
"OAS1","GSE125449","liver_biliary","epithelial",0.0866192630898513,3094,TRUE
"OPRM1","GSE125449","liver_biliary","epithelial",NA,3094,TRUE
"PAX3","GSE125449","liver_biliary","epithelial",NA,3094,TRUE
"PHB","GSE125449","liver_biliary","epithelial",0.507110536522301,3094,TRUE
"POU2F1","GSE125449","liver_biliary","epithelial",0.0765998707175178,3094,TRUE
"PPARA","GSE125449","liver_biliary","epithelial",0.106334841628959,3094,TRUE
"PRDM1","GSE125449","liver_biliary","epithelial",0.0177763413057531,3094,TRUE
"PROS1","GSE125449","liver_biliary","epithelial",0.208791208791209,3094,TRUE
"PSMB5","GSE125449","liver_biliary","epithelial",0.498707175177763,3094,TRUE
"PTGS2","GSE125449","liver_biliary","epithelial",0.0148674854557207,3094,TRUE
"PTPN6","GSE125449","liver_biliary","epithelial",0.06819650937298,3094,TRUE
"ROR1","GSE125449","liver_biliary","epithelial",0.0252100840336134,3094,TRUE
"S100A11","GSE125449","liver_biliary","epithelial",0.79928894634777,3094,TRUE
"S1PR1","GSE125449","liver_biliary","epithelial",0.00872656755009696,3094,TRUE
"SALL4","GSE125449","liver_biliary","epithelial",0.0119586296056884,3094,TRUE
"SHH","GSE125449","liver_biliary","epithelial",0.0471881060116354,3094,TRUE
"STK11","GSE125449","liver_biliary","epithelial",0.102779573367809,3094,TRUE
"TIMP1","GSE125449","liver_biliary","epithelial",0.624111182934712,3094,TRUE
"TNFRSF10B","GSE125449","liver_biliary","epithelial",0.120879120879121,3094,TRUE
"TP53","GSE125449","liver_biliary","epithelial",0.118616677440207,3094,TRUE
"TP63","GSE125449","liver_biliary","epithelial",0.00161603102779573,3094,TRUE
"VDR","GSE125449","liver_biliary","epithelial",0.0235940530058177,3094,TRUE
"VEGFA","GSE125449","liver_biliary","epithelial",0.425662572721396,3094,TRUE
"VEGFB","GSE125449","liver_biliary","epithelial",0.12863606981254,3094,TRUE
"ZFP36","GSE125449","liver_biliary","epithelial",0.361344537815126,3094,TRUE
"A2M","GSE125449","liver_biliary","epithelial",0.174531351001939,3094,TRUE
"HMOX1","GSE125449","liver_biliary","epithelial",0.0636716224951519,3094,TRUE
"IFNAR1","GSE125449","liver_biliary","epithelial",0.183581124757595,3094,TRUE
"IRF1","GSE125449","liver_biliary","epithelial",0.228829993535876,3094,TRUE
"MYD88","GSE125449","liver_biliary","epithelial",0.0850032320620556,3094,TRUE
"PIM1","GSE125449","liver_biliary","epithelial",0.0798319327731092,3094,TRUE
"STAT1","GSE125449","liver_biliary","epithelial",0.33710407239819,3094,TRUE
"TYK2","GSE125449","liver_biliary","epithelial",0.0646412411118294,3094,TRUE
"BCL2","GSE125449","liver_biliary","epithelial",0.0494505494505494,3094,FALSE
"MMP9","GSE125449","liver_biliary","epithelial",0.00678733031674208,3094,FALSE
"HGF","GSE125449","liver_biliary","epithelial",0.0158371040723982,3094,FALSE
"MYC","GSE125449","liver_biliary","fibroblast_stromal",0.317023445463812,981,TRUE
"IL6","GSE125449","liver_biliary","fibroblast_stromal",0.0968399592252803,981,TRUE
"SOCS3","GSE125449","liver_biliary","fibroblast_stromal",0.45158002038736,981,TRUE
"ACVR1B","GSE125449","liver_biliary","fibroblast_stromal",0.0448521916411825,981,TRUE
"ACVRL1","GSE125449","liver_biliary","fibroblast_stromal",0.0662589194699287,981,TRUE
"BAK1","GSE125449","liver_biliary","fibroblast_stromal",0.0744138634046891,981,TRUE
"CBL","GSE125449","liver_biliary","fibroblast_stromal",0.073394495412844,981,TRUE
"CCL7","GSE125449","liver_biliary","fibroblast_stromal",NA,981,TRUE
"CCR1","GSE125449","liver_biliary","fibroblast_stromal",0.00203873598369011,981,TRUE
"CD14","GSE125449","liver_biliary","fibroblast_stromal",0.0397553516819572,981,TRUE
"CD36","GSE125449","liver_biliary","fibroblast_stromal",0.294597349643221,981,TRUE
"CD38","GSE125449","liver_biliary","fibroblast_stromal",0.0112130479102956,981,TRUE
"CD44","GSE125449","liver_biliary","fibroblast_stromal",0.322120285423038,981,TRUE
"CD9","GSE125449","liver_biliary","fibroblast_stromal",0.583078491335372,981,TRUE
"CNTFR","GSE125449","liver_biliary","fibroblast_stromal",0.00509683995922528,981,TRUE
"CRLF2","GSE125449","liver_biliary","fibroblast_stromal",NA,981,TRUE
"CSF1","GSE125449","liver_biliary","fibroblast_stromal",0.121304791029562,981,TRUE
"CSF2","GSE125449","liver_biliary","fibroblast_stromal",NA,981,TRUE
"CSF2RA","GSE125449","liver_biliary","fibroblast_stromal",0.00713557594291539,981,TRUE
"CSF2RB","GSE125449","liver_biliary","fibroblast_stromal",0.00203873598369011,981,TRUE
"CSF3R","GSE125449","liver_biliary","fibroblast_stromal",0.00305810397553517,981,TRUE
"CXCL1","GSE125449","liver_biliary","fibroblast_stromal",0.036697247706422,981,TRUE
"CXCL10","GSE125449","liver_biliary","fibroblast_stromal",0.0132517838939857,981,TRUE
"CXCL11","GSE125449","liver_biliary","fibroblast_stromal",0.0101936799184506,981,TRUE
"CXCL13","GSE125449","liver_biliary","fibroblast_stromal",0,981,TRUE
"CXCL3","GSE125449","liver_biliary","fibroblast_stromal",0.036697247706422,981,TRUE
"CXCL9","GSE125449","liver_biliary","fibroblast_stromal",0.0203873598369011,981,TRUE
"DNTT","GSE125449","liver_biliary","fibroblast_stromal",NA,981,TRUE
"EBI3","GSE125449","liver_biliary","fibroblast_stromal",0.00203873598369011,981,TRUE
"FAS","GSE125449","liver_biliary","fibroblast_stromal",0.178389398572885,981,TRUE
"GRB2","GSE125449","liver_biliary","fibroblast_stromal",0.154943934760449,981,TRUE
"HAX1","GSE125449","liver_biliary","fibroblast_stromal",0.314984709480122,981,TRUE
"IFNGR1","GSE125449","liver_biliary","fibroblast_stromal",0.214067278287462,981,TRUE
"IFNGR2","GSE125449","liver_biliary","fibroblast_stromal",0.162079510703364,981,TRUE
"IL10RB","GSE125449","liver_biliary","fibroblast_stromal",0.113149847094801,981,TRUE
"IL12RB1","GSE125449","liver_biliary","fibroblast_stromal",0.017329255861366,981,TRUE
"IL13RA1","GSE125449","liver_biliary","fibroblast_stromal",0.123343527013252,981,TRUE
"IL15RA","GSE125449","liver_biliary","fibroblast_stromal",0.0774719673802243,981,TRUE
"IL17RA","GSE125449","liver_biliary","fibroblast_stromal",0.0581039755351682,981,TRUE
"IL17RB","GSE125449","liver_biliary","fibroblast_stromal",0.00203873598369011,981,TRUE
"IL18R1","GSE125449","liver_biliary","fibroblast_stromal",0.0091743119266055,981,TRUE
"IL1B","GSE125449","liver_biliary","fibroblast_stromal",0.00611620795107034,981,TRUE
"IL1R1","GSE125449","liver_biliary","fibroblast_stromal",0.161060142711519,981,TRUE
"IL1R2","GSE125449","liver_biliary","fibroblast_stromal",0.00713557594291539,981,TRUE
"IL2RA","GSE125449","liver_biliary","fibroblast_stromal",0.00203873598369011,981,TRUE
"IL2RG","GSE125449","liver_biliary","fibroblast_stromal",0.0163098878695209,981,TRUE
"IL3RA","GSE125449","liver_biliary","fibroblast_stromal",0.0112130479102956,981,TRUE
"IL4R","GSE125449","liver_biliary","fibroblast_stromal",0.0948012232415902,981,TRUE
"IL6ST","GSE125449","liver_biliary","fibroblast_stromal",0.365953109072375,981,TRUE
"IL7","GSE125449","liver_biliary","fibroblast_stromal",0.0254841997961264,981,TRUE
"IL9R","GSE125449","liver_biliary","fibroblast_stromal",NA,981,TRUE
"INHBE","GSE125449","liver_biliary","fibroblast_stromal",0,981,TRUE
"IRF9","GSE125449","liver_biliary","fibroblast_stromal",0.0815494393476045,981,TRUE
"ITGA4","GSE125449","liver_biliary","fibroblast_stromal",0.0438328236493374,981,TRUE
"ITGB3","GSE125449","liver_biliary","fibroblast_stromal",NA,981,TRUE
"JUN","GSE125449","liver_biliary","fibroblast_stromal",0.82262996941896,981,TRUE
"LEPR","GSE125449","liver_biliary","fibroblast_stromal",0.0295616717635066,981,TRUE
"LTB","GSE125449","liver_biliary","fibroblast_stromal",0.0448521916411825,981,TRUE
"LTBR","GSE125449","liver_biliary","fibroblast_stromal",0.226299694189602,981,TRUE
"MAP3K8","GSE125449","liver_biliary","fibroblast_stromal",0.108053007135576,981,TRUE
"OSMR","GSE125449","liver_biliary","fibroblast_stromal",0.141692150866463,981,TRUE
"PDGFC","GSE125449","liver_biliary","fibroblast_stromal",0.072375127420999,981,TRUE
"PF4","GSE125449","liver_biliary","fibroblast_stromal",0.00101936799184506,981,TRUE
"PIK3R5","GSE125449","liver_biliary","fibroblast_stromal",0,981,TRUE
"PLA2G2A","GSE125449","liver_biliary","fibroblast_stromal",0.0458715596330275,981,TRUE
"PTPN1","GSE125449","liver_biliary","fibroblast_stromal",0.106014271151886,981,TRUE
"PTPN11","GSE125449","liver_biliary","fibroblast_stromal",0.112130479102956,981,TRUE
"PTPN2","GSE125449","liver_biliary","fibroblast_stromal",0.162079510703364,981,TRUE
"REG1A","GSE125449","liver_biliary","fibroblast_stromal",0.0112130479102956,981,TRUE
"SOCS1","GSE125449","liver_biliary","fibroblast_stromal",0.0621814475025484,981,TRUE
"STAM2","GSE125449","liver_biliary","fibroblast_stromal",0.0468909276248726,981,TRUE
"STAT2","GSE125449","liver_biliary","fibroblast_stromal",0.141692150866463,981,TRUE
"STAT3","GSE125449","liver_biliary","fibroblast_stromal",0.435270132517839,981,TRUE
"TGFB1","GSE125449","liver_biliary","fibroblast_stromal",0.253822629969419,981,TRUE
"TLR2","GSE125449","liver_biliary","fibroblast_stromal",0,981,TRUE
"TNF","GSE125449","liver_biliary","fibroblast_stromal",0.00509683995922528,981,TRUE
"TNFRSF12A","GSE125449","liver_biliary","fibroblast_stromal",0.291539245667686,981,TRUE
"TNFRSF1A","GSE125449","liver_biliary","fibroblast_stromal",0.399592252803262,981,TRUE
"TNFRSF1B","GSE125449","liver_biliary","fibroblast_stromal",0.0744138634046891,981,TRUE
"TNFRSF21","GSE125449","liver_biliary","fibroblast_stromal",0.208970438328237,981,TRUE
"ABCA1","GSE125449","liver_biliary","fibroblast_stromal",0.0968399592252803,981,TRUE
"AKAP12","GSE125449","liver_biliary","fibroblast_stromal",0.297655453618756,981,TRUE
"BCL2L1","GSE125449","liver_biliary","fibroblast_stromal",0.18348623853211,981,TRUE
"BCL6","GSE125449","liver_biliary","fibroblast_stromal",0.0713557594291539,981,TRUE
"CCND1","GSE125449","liver_biliary","fibroblast_stromal",0.417940876656473,981,TRUE
"CCND3","GSE125449","liver_biliary","fibroblast_stromal",0.161060142711519,981,TRUE
"CDK4","GSE125449","liver_biliary","fibroblast_stromal",0.303771661569827,981,TRUE
"CDKN1A","GSE125449","liver_biliary","fibroblast_stromal",0.396534148827727,981,TRUE
"CDKN1B","GSE125449","liver_biliary","fibroblast_stromal",0.215086646279307,981,TRUE
"CFLAR","GSE125449","liver_biliary","fibroblast_stromal",0.223241590214067,981,TRUE
"CISH","GSE125449","liver_biliary","fibroblast_stromal",0.0570846075433231,981,TRUE
"COPS5","GSE125449","liver_biliary","fibroblast_stromal",0.190621814475025,981,TRUE
"CXCL8","GSE125449","liver_biliary","fibroblast_stromal",0.0336391437308868,981,TRUE
"DDIT3","GSE125449","liver_biliary","fibroblast_stromal",0.259938837920489,981,TRUE
"DNMT1","GSE125449","liver_biliary","fibroblast_stromal",0.102956167176351,981,TRUE
"EPAS1","GSE125449","liver_biliary","fibroblast_stromal",0.530071355759429,981,TRUE
"ESR2","GSE125449","liver_biliary","fibroblast_stromal",0.00509683995922528,981,TRUE
"ETV6","GSE125449","liver_biliary","fibroblast_stromal",0.0591233435270133,981,TRUE
"FGG","GSE125449","liver_biliary","fibroblast_stromal",0.0316004077471967,981,TRUE
"FGL1","GSE125449","liver_biliary","fibroblast_stromal",0.0122324159021407,981,TRUE
"FOS","GSE125449","liver_biliary","fibroblast_stromal",0.859327217125382,981,TRUE
"GFAP","GSE125449","liver_biliary","fibroblast_stromal",0.00101936799184506,981,TRUE
"GREB1","GSE125449","liver_biliary","fibroblast_stromal",0.00611620795107034,981,TRUE
"HSPA4","GSE125449","liver_biliary","fibroblast_stromal",0.196738022426096,981,TRUE
"HSPB1","GSE125449","liver_biliary","fibroblast_stromal",0.926605504587156,981,TRUE
"ICAM1","GSE125449","liver_biliary","fibroblast_stromal",0.0886850152905199,981,TRUE
"IKBKE","GSE125449","liver_biliary","fibroblast_stromal",0.017329255861366,981,TRUE
"JAK2","GSE125449","liver_biliary","fibroblast_stromal",0.0234454638124363,981,TRUE
"JUNB","GSE125449","liver_biliary","fibroblast_stromal",0.825688073394495,981,TRUE
"KRT17","GSE125449","liver_biliary","fibroblast_stromal",0.0234454638124363,981,TRUE
"LEP","GSE125449","liver_biliary","fibroblast_stromal",NA,981,TRUE
"LGALS3BP","GSE125449","liver_biliary","fibroblast_stromal",0.622833843017329,981,TRUE
"LTBP1","GSE125449","liver_biliary","fibroblast_stromal",0.349643221202854,981,TRUE
"MCL1","GSE125449","liver_biliary","fibroblast_stromal",0.480122324159021,981,TRUE
"MDC1","GSE125449","liver_biliary","fibroblast_stromal",0.0305810397553517,981,TRUE
"MMP1","GSE125449","liver_biliary","fibroblast_stromal",0,981,TRUE
"MMP7","GSE125449","liver_biliary","fibroblast_stromal",0.00815494393476045,981,TRUE
"MUC1","GSE125449","liver_biliary","fibroblast_stromal",0.0163098878695209,981,TRUE
"NME1","GSE125449","liver_biliary","fibroblast_stromal",0.247706422018349,981,TRUE
"OAS1","GSE125449","liver_biliary","fibroblast_stromal",0.0397553516819572,981,TRUE
"OPRM1","GSE125449","liver_biliary","fibroblast_stromal",NA,981,TRUE
"PAX3","GSE125449","liver_biliary","fibroblast_stromal",NA,981,TRUE
"PHB","GSE125449","liver_biliary","fibroblast_stromal",0.319062181447503,981,TRUE
"POU2F1","GSE125449","liver_biliary","fibroblast_stromal",0.0570846075433231,981,TRUE
"PPARA","GSE125449","liver_biliary","fibroblast_stromal",0.0652395514780836,981,TRUE
"PRDM1","GSE125449","liver_biliary","fibroblast_stromal",0.0377166156982671,981,TRUE
"PROS1","GSE125449","liver_biliary","fibroblast_stromal",0.220183486238532,981,TRUE
"PSMB5","GSE125449","liver_biliary","fibroblast_stromal",0.446483180428135,981,TRUE
"PTGS2","GSE125449","liver_biliary","fibroblast_stromal",0.0682976554536188,981,TRUE
"PTPN6","GSE125449","liver_biliary","fibroblast_stromal",0.0112130479102956,981,TRUE
"ROR1","GSE125449","liver_biliary","fibroblast_stromal",0.0122324159021407,981,TRUE
"S100A11","GSE125449","liver_biliary","fibroblast_stromal",0.760448521916412,981,TRUE
"S1PR1","GSE125449","liver_biliary","fibroblast_stromal",0.0091743119266055,981,TRUE
"SALL4","GSE125449","liver_biliary","fibroblast_stromal",0,981,TRUE
"SHH","GSE125449","liver_biliary","fibroblast_stromal",0,981,TRUE
"STK11","GSE125449","liver_biliary","fibroblast_stromal",0.0835881753312946,981,TRUE
"TIMP1","GSE125449","liver_biliary","fibroblast_stromal",0.943934760448522,981,TRUE
"TNFRSF10B","GSE125449","liver_biliary","fibroblast_stromal",0.035677879714577,981,TRUE
"TP53","GSE125449","liver_biliary","fibroblast_stromal",0.108053007135576,981,TRUE
"TP63","GSE125449","liver_biliary","fibroblast_stromal",0.00203873598369011,981,TRUE
"VDR","GSE125449","liver_biliary","fibroblast_stromal",0.0203873598369011,981,TRUE
"VEGFA","GSE125449","liver_biliary","fibroblast_stromal",0.0560652395514781,981,TRUE
"VEGFB","GSE125449","liver_biliary","fibroblast_stromal",0.0764525993883792,981,TRUE
"ZFP36","GSE125449","liver_biliary","fibroblast_stromal",0.617737003058104,981,TRUE
"A2M","GSE125449","liver_biliary","fibroblast_stromal",0.609582059123344,981,TRUE
"HMOX1","GSE125449","liver_biliary","fibroblast_stromal",0.0214067278287462,981,TRUE
"IFNAR1","GSE125449","liver_biliary","fibroblast_stromal",0.170234454638124,981,TRUE
"IRF1","GSE125449","liver_biliary","fibroblast_stromal",0.333333333333333,981,TRUE
"MYD88","GSE125449","liver_biliary","fibroblast_stromal",0.036697247706422,981,TRUE
"PIM1","GSE125449","liver_biliary","fibroblast_stromal",0.107033639143731,981,TRUE
"STAT1","GSE125449","liver_biliary","fibroblast_stromal",0.180428134556575,981,TRUE
"TYK2","GSE125449","liver_biliary","fibroblast_stromal",0.0336391437308868,981,TRUE
"BCL2","GSE125449","liver_biliary","fibroblast_stromal",0.0642201834862385,981,FALSE
"MMP9","GSE125449","liver_biliary","fibroblast_stromal",0.00815494393476045,981,FALSE
"HGF","GSE125449","liver_biliary","fibroblast_stromal",0.217125382262997,981,FALSE
"MYC","GSE125449","liver_biliary","myeloid",0.0611702127659574,752,TRUE
"IL6","GSE125449","liver_biliary","myeloid",0.0319148936170213,752,TRUE
"SOCS3","GSE125449","liver_biliary","myeloid",0.5,752,TRUE
"ACVR1B","GSE125449","liver_biliary","myeloid",0.0159574468085106,752,TRUE
"ACVRL1","GSE125449","liver_biliary","myeloid",0.0412234042553191,752,TRUE
"BAK1","GSE125449","liver_biliary","myeloid",0.126329787234043,752,TRUE
"CBL","GSE125449","liver_biliary","myeloid",0.106382978723404,752,TRUE
"CCL7","GSE125449","liver_biliary","myeloid",NA,752,TRUE
"CCR1","GSE125449","liver_biliary","myeloid",0.162234042553191,752,TRUE
"CD14","GSE125449","liver_biliary","myeloid",0.543882978723404,752,TRUE
"CD36","GSE125449","liver_biliary","myeloid",0.210106382978723,752,TRUE
"CD38","GSE125449","liver_biliary","myeloid",0.140957446808511,752,TRUE
"CD44","GSE125449","liver_biliary","myeloid",0.663563829787234,752,TRUE
"CD9","GSE125449","liver_biliary","myeloid",0.336436170212766,752,TRUE
"CNTFR","GSE125449","liver_biliary","myeloid",0,752,TRUE
"CRLF2","GSE125449","liver_biliary","myeloid",NA,752,TRUE
"CSF1","GSE125449","liver_biliary","myeloid",0.0252659574468085,752,TRUE
"CSF2","GSE125449","liver_biliary","myeloid",NA,752,TRUE
"CSF2RA","GSE125449","liver_biliary","myeloid",0.409574468085106,752,TRUE
"CSF2RB","GSE125449","liver_biliary","myeloid",0.13031914893617,752,TRUE
"CSF3R","GSE125449","liver_biliary","myeloid",0.196808510638298,752,TRUE
"CXCL1","GSE125449","liver_biliary","myeloid",0.0425531914893617,752,TRUE
"CXCL10","GSE125449","liver_biliary","myeloid",0.147606382978723,752,TRUE
"CXCL11","GSE125449","liver_biliary","myeloid",0.0691489361702128,752,TRUE
"CXCL13","GSE125449","liver_biliary","myeloid",0.0186170212765957,752,TRUE
"CXCL3","GSE125449","liver_biliary","myeloid",0.26063829787234,752,TRUE
"CXCL9","GSE125449","liver_biliary","myeloid",0.144946808510638,752,TRUE
"DNTT","GSE125449","liver_biliary","myeloid",NA,752,TRUE
"EBI3","GSE125449","liver_biliary","myeloid",0.0757978723404255,752,TRUE
"FAS","GSE125449","liver_biliary","myeloid",0.038563829787234,752,TRUE
"GRB2","GSE125449","liver_biliary","myeloid",0.509308510638298,752,TRUE
"HAX1","GSE125449","liver_biliary","myeloid",0.283244680851064,752,TRUE
"IFNGR1","GSE125449","liver_biliary","myeloid",0.481382978723404,752,TRUE
"IFNGR2","GSE125449","liver_biliary","myeloid",0.371010638297872,752,TRUE
"IL10RB","GSE125449","liver_biliary","myeloid",0.263297872340426,752,TRUE
"IL12RB1","GSE125449","liver_biliary","myeloid",0.074468085106383,752,TRUE
"IL13RA1","GSE125449","liver_biliary","myeloid",0.276595744680851,752,TRUE
"IL15RA","GSE125449","liver_biliary","myeloid",0.0625,752,TRUE
"IL17RA","GSE125449","liver_biliary","myeloid",0.138297872340426,752,TRUE
"IL17RB","GSE125449","liver_biliary","myeloid",0.00265957446808511,752,TRUE
"IL18R1","GSE125449","liver_biliary","myeloid",0.0226063829787234,752,TRUE
"IL1B","GSE125449","liver_biliary","myeloid",0.480053191489362,752,TRUE
"IL1R1","GSE125449","liver_biliary","myeloid",0.0345744680851064,752,TRUE
"IL1R2","GSE125449","liver_biliary","myeloid",0.0718085106382979,752,TRUE
"IL2RA","GSE125449","liver_biliary","myeloid",0.0718085106382979,752,TRUE
"IL2RG","GSE125449","liver_biliary","myeloid",0.291223404255319,752,TRUE
"IL3RA","GSE125449","liver_biliary","myeloid",0.0691489361702128,752,TRUE
"IL4R","GSE125449","liver_biliary","myeloid",0.0824468085106383,752,TRUE
"IL6ST","GSE125449","liver_biliary","myeloid",0.170212765957447,752,TRUE
"IL7","GSE125449","liver_biliary","myeloid",0.0265957446808511,752,TRUE
"IL9R","GSE125449","liver_biliary","myeloid",NA,752,TRUE
"INHBE","GSE125449","liver_biliary","myeloid",0.00132978723404255,752,TRUE
"IRF9","GSE125449","liver_biliary","myeloid",0.0704787234042553,752,TRUE
"ITGA4","GSE125449","liver_biliary","myeloid",0.152925531914894,752,TRUE
"ITGB3","GSE125449","liver_biliary","myeloid",NA,752,TRUE
"JUN","GSE125449","liver_biliary","myeloid",0.647606382978723,752,TRUE
"LEPR","GSE125449","liver_biliary","myeloid",0.0199468085106383,752,TRUE
"LTB","GSE125449","liver_biliary","myeloid",0.271276595744681,752,TRUE
"LTBR","GSE125449","liver_biliary","myeloid",0.159574468085106,752,TRUE
"MAP3K8","GSE125449","liver_biliary","myeloid",0.420212765957447,752,TRUE
"OSMR","GSE125449","liver_biliary","myeloid",0.00531914893617021,752,TRUE
"PDGFC","GSE125449","liver_biliary","myeloid",0.0452127659574468,752,TRUE
"PF4","GSE125449","liver_biliary","myeloid",0,752,TRUE
"PIK3R5","GSE125449","liver_biliary","myeloid",0.0797872340425532,752,TRUE
"PLA2G2A","GSE125449","liver_biliary","myeloid",0.00930851063829787,752,TRUE
"PTPN1","GSE125449","liver_biliary","myeloid",0.240691489361702,752,TRUE
"PTPN11","GSE125449","liver_biliary","myeloid",0.101063829787234,752,TRUE
"PTPN2","GSE125449","liver_biliary","myeloid",0.300531914893617,752,TRUE
"REG1A","GSE125449","liver_biliary","myeloid",0.0132978723404255,752,TRUE
"SOCS1","GSE125449","liver_biliary","myeloid",0.102393617021277,752,TRUE
"STAM2","GSE125449","liver_biliary","myeloid",0.0452127659574468,752,TRUE
"STAT2","GSE125449","liver_biliary","myeloid",0.131648936170213,752,TRUE
"STAT3","GSE125449","liver_biliary","myeloid",0.277925531914894,752,TRUE
"TGFB1","GSE125449","liver_biliary","myeloid",0.331117021276596,752,TRUE
"TLR2","GSE125449","liver_biliary","myeloid",0.134308510638298,752,TRUE
"TNF","GSE125449","liver_biliary","myeloid",0.180851063829787,752,TRUE
"TNFRSF12A","GSE125449","liver_biliary","myeloid",0.0691489361702128,752,TRUE
"TNFRSF1A","GSE125449","liver_biliary","myeloid",0.256648936170213,752,TRUE
"TNFRSF1B","GSE125449","liver_biliary","myeloid",0.328457446808511,752,TRUE
"TNFRSF21","GSE125449","liver_biliary","myeloid",0.0678191489361702,752,TRUE
"ABCA1","GSE125449","liver_biliary","myeloid",0.219414893617021,752,TRUE
"AKAP12","GSE125449","liver_biliary","myeloid",0.00531914893617021,752,TRUE
"BCL2L1","GSE125449","liver_biliary","myeloid",0.0877659574468085,752,TRUE
"BCL6","GSE125449","liver_biliary","myeloid",0.0585106382978723,752,TRUE
"CCND1","GSE125449","liver_biliary","myeloid",0.121010638297872,752,TRUE
"CCND3","GSE125449","liver_biliary","myeloid",0.218085106382979,752,TRUE
"CDK4","GSE125449","liver_biliary","myeloid",0.162234042553191,752,TRUE
"CDKN1A","GSE125449","liver_biliary","myeloid",0.466755319148936,752,TRUE
"CDKN1B","GSE125449","liver_biliary","myeloid",0.164893617021277,752,TRUE
"CFLAR","GSE125449","liver_biliary","myeloid",0.478723404255319,752,TRUE
"CISH","GSE125449","liver_biliary","myeloid",0.0372340425531915,752,TRUE
"COPS5","GSE125449","liver_biliary","myeloid",0.152925531914894,752,TRUE
"CXCL8","GSE125449","liver_biliary","myeloid",0.468085106382979,752,TRUE
"DDIT3","GSE125449","liver_biliary","myeloid",0.199468085106383,752,TRUE
"DNMT1","GSE125449","liver_biliary","myeloid",0.253989361702128,752,TRUE
"EPAS1","GSE125449","liver_biliary","myeloid",0.0731382978723404,752,TRUE
"ESR2","GSE125449","liver_biliary","myeloid",0.00664893617021277,752,TRUE
"ETV6","GSE125449","liver_biliary","myeloid",0.140957446808511,752,TRUE
"FGG","GSE125449","liver_biliary","myeloid",0.0438829787234043,752,TRUE
"FGL1","GSE125449","liver_biliary","myeloid",0.0172872340425532,752,TRUE
"FOS","GSE125449","liver_biliary","myeloid",0.841755319148936,752,TRUE
"GFAP","GSE125449","liver_biliary","myeloid",0.00265957446808511,752,TRUE
"GREB1","GSE125449","liver_biliary","myeloid",0,752,TRUE
"HSPA4","GSE125449","liver_biliary","myeloid",0.195478723404255,752,TRUE
"HSPB1","GSE125449","liver_biliary","myeloid",0.727393617021277,752,TRUE
"ICAM1","GSE125449","liver_biliary","myeloid",0.31781914893617,752,TRUE
"IKBKE","GSE125449","liver_biliary","myeloid",0.0691489361702128,752,TRUE
"JAK2","GSE125449","liver_biliary","myeloid",0.0957446808510638,752,TRUE
"JUNB","GSE125449","liver_biliary","myeloid",0.898936170212766,752,TRUE
"KRT17","GSE125449","liver_biliary","myeloid",0.0279255319148936,752,TRUE
"LEP","GSE125449","liver_biliary","myeloid",NA,752,TRUE
"LGALS3BP","GSE125449","liver_biliary","myeloid",0.220744680851064,752,TRUE
"LTBP1","GSE125449","liver_biliary","myeloid",0.00664893617021277,752,TRUE
"MCL1","GSE125449","liver_biliary","myeloid",0.759308510638298,752,TRUE
"MDC1","GSE125449","liver_biliary","myeloid",0.0359042553191489,752,TRUE
"MMP1","GSE125449","liver_biliary","myeloid",0.00531914893617021,752,TRUE
"MMP7","GSE125449","liver_biliary","myeloid",0.0186170212765957,752,TRUE
"MUC1","GSE125449","liver_biliary","myeloid",0.0146276595744681,752,TRUE
"NME1","GSE125449","liver_biliary","myeloid",0.218085106382979,752,TRUE
"OAS1","GSE125449","liver_biliary","myeloid",0.132978723404255,752,TRUE
"OPRM1","GSE125449","liver_biliary","myeloid",NA,752,TRUE
"PAX3","GSE125449","liver_biliary","myeloid",NA,752,TRUE
"PHB","GSE125449","liver_biliary","myeloid",0.336436170212766,752,TRUE
"POU2F1","GSE125449","liver_biliary","myeloid",0.0558510638297872,752,TRUE
"PPARA","GSE125449","liver_biliary","myeloid",0.023936170212766,752,TRUE
"PRDM1","GSE125449","liver_biliary","myeloid",0.167553191489362,752,TRUE
"PROS1","GSE125449","liver_biliary","myeloid",0.0199468085106383,752,TRUE
"PSMB5","GSE125449","liver_biliary","myeloid",0.246010638297872,752,TRUE
"PTGS2","GSE125449","liver_biliary","myeloid",0.156914893617021,752,TRUE
"PTPN6","GSE125449","liver_biliary","myeloid",0.359042553191489,752,TRUE
"ROR1","GSE125449","liver_biliary","myeloid",0.00132978723404255,752,TRUE
"S100A11","GSE125449","liver_biliary","myeloid",0.908244680851064,752,TRUE
"S1PR1","GSE125449","liver_biliary","myeloid",0.0172872340425532,752,TRUE
"SALL4","GSE125449","liver_biliary","myeloid",0,752,TRUE
"SHH","GSE125449","liver_biliary","myeloid",0,752,TRUE
"STK11","GSE125449","liver_biliary","myeloid",0.0598404255319149,752,TRUE
"TIMP1","GSE125449","liver_biliary","myeloid",0.6875,752,TRUE
"TNFRSF10B","GSE125449","liver_biliary","myeloid",0.0824468085106383,752,TRUE
"TP53","GSE125449","liver_biliary","myeloid",0.106382978723404,752,TRUE
"TP63","GSE125449","liver_biliary","myeloid",0.00132978723404255,752,TRUE
"VDR","GSE125449","liver_biliary","myeloid",0.0797872340425532,752,TRUE
"VEGFA","GSE125449","liver_biliary","myeloid",0.156914893617021,752,TRUE
"VEGFB","GSE125449","liver_biliary","myeloid",0.0771276595744681,752,TRUE
"ZFP36","GSE125449","liver_biliary","myeloid",0.74468085106383,752,TRUE
"A2M","GSE125449","liver_biliary","myeloid",0.235372340425532,752,TRUE
"HMOX1","GSE125449","liver_biliary","myeloid",0.384308510638298,752,TRUE
"IFNAR1","GSE125449","liver_biliary","myeloid",0.242021276595745,752,TRUE
"IRF1","GSE125449","liver_biliary","myeloid",0.434840425531915,752,TRUE
"MYD88","GSE125449","liver_biliary","myeloid",0.195478723404255,752,TRUE
"PIM1","GSE125449","liver_biliary","myeloid",0.144946808510638,752,TRUE
"STAT1","GSE125449","liver_biliary","myeloid",0.453457446808511,752,TRUE
"TYK2","GSE125449","liver_biliary","myeloid",0.0877659574468085,752,TRUE
"BCL2","GSE125449","liver_biliary","myeloid",0.0851063829787234,752,FALSE
"MMP9","GSE125449","liver_biliary","myeloid",0.151595744680851,752,FALSE
"HGF","GSE125449","liver_biliary","myeloid",0.050531914893617,752,FALSE
"MYC","GSE125449","liver_biliary","lymphoid",0.0585161964472309,3828,TRUE
"IL6","GSE125449","liver_biliary","lymphoid",0.00783699059561128,3828,TRUE
"SOCS3","GSE125449","liver_biliary","lymphoid",0.359979101358412,3828,TRUE
"ACVR1B","GSE125449","liver_biliary","lymphoid",0.00417972831765935,3828,TRUE
"ACVRL1","GSE125449","liver_biliary","lymphoid",0.00104493207941484,3828,TRUE
"BAK1","GSE125449","liver_biliary","lymphoid",0.0676593521421108,3828,TRUE
"CBL","GSE125449","liver_biliary","lymphoid",0.0326541274817137,3828,TRUE
"CCL7","GSE125449","liver_biliary","lymphoid",NA,3828,TRUE
"CCR1","GSE125449","liver_biliary","lymphoid",0.00653082549634274,3828,TRUE
"CD14","GSE125449","liver_biliary","lymphoid",0.00888192267502612,3828,TRUE
"CD36","GSE125449","liver_biliary","lymphoid",0.00600835945663532,3828,TRUE
"CD38","GSE125449","liver_biliary","lymphoid",0.158307210031348,3828,TRUE
"CD44","GSE125449","liver_biliary","lymphoid",0.468652037617555,3828,TRUE
"CD9","GSE125449","liver_biliary","lymphoid",0.0781086729362591,3828,TRUE
"CNTFR","GSE125449","liver_biliary","lymphoid",0,3828,TRUE
"CRLF2","GSE125449","liver_biliary","lymphoid",NA,3828,TRUE
"CSF1","GSE125449","liver_biliary","lymphoid",0.0295193312434692,3828,TRUE
"CSF2","GSE125449","liver_biliary","lymphoid",NA,3828,TRUE
"CSF2RA","GSE125449","liver_biliary","lymphoid",0.0109717868338558,3828,TRUE
"CSF2RB","GSE125449","liver_biliary","lymphoid",0.0154127481713689,3828,TRUE
"CSF3R","GSE125449","liver_biliary","lymphoid",0.00182863113897597,3828,TRUE
"CXCL1","GSE125449","liver_biliary","lymphoid",0.00444096133751306,3828,TRUE
"CXCL10","GSE125449","liver_biliary","lymphoid",0.0198537095088819,3828,TRUE
"CXCL11","GSE125449","liver_biliary","lymphoid",0.00156739811912226,3828,TRUE
"CXCL13","GSE125449","liver_biliary","lymphoid",0.0397074190177638,3828,TRUE
"CXCL3","GSE125449","liver_biliary","lymphoid",0.00496342737722048,3828,TRUE
"CXCL9","GSE125449","liver_biliary","lymphoid",0.00235109717868339,3828,TRUE
"DNTT","GSE125449","liver_biliary","lymphoid",NA,3828,TRUE
"EBI3","GSE125449","liver_biliary","lymphoid",0.00679205851619645,3828,TRUE
"FAS","GSE125449","liver_biliary","lymphoid",0.0496342737722048,3828,TRUE
"GRB2","GSE125449","liver_biliary","lymphoid",0.218129571577847,3828,TRUE
"HAX1","GSE125449","liver_biliary","lymphoid",0.253396029258098,3828,TRUE
"IFNGR1","GSE125449","liver_biliary","lymphoid",0.071055381400209,3828,TRUE
"IFNGR2","GSE125449","liver_biliary","lymphoid",0.0436259143155695,3828,TRUE
"IL10RB","GSE125449","liver_biliary","lymphoid",0.0828108672936259,3828,TRUE
"IL12RB1","GSE125449","liver_biliary","lymphoid",0.0676593521421108,3828,TRUE
"IL13RA1","GSE125449","liver_biliary","lymphoid",0.008098223615465,3828,TRUE
"IL15RA","GSE125449","liver_biliary","lymphoid",0.026123301985371,3828,TRUE
"IL17RA","GSE125449","liver_biliary","lymphoid",0.0334378265412748,3828,TRUE
"IL17RB","GSE125449","liver_biliary","lymphoid",0.00365726227795193,3828,TRUE
"IL18R1","GSE125449","liver_biliary","lymphoid",0.0263845350052247,3828,TRUE
"IL1B","GSE125449","liver_biliary","lymphoid",0.00653082549634274,3828,TRUE
"IL1R1","GSE125449","liver_biliary","lymphoid",0.00600835945663532,3828,TRUE
"IL1R2","GSE125449","liver_biliary","lymphoid",0.00914315569487983,3828,TRUE
"IL2RA","GSE125449","liver_biliary","lymphoid",0.0417972831765935,3828,TRUE
"IL2RG","GSE125449","liver_biliary","lymphoid",0.389759665621735,3828,TRUE
"IL3RA","GSE125449","liver_biliary","lymphoid",0.0028735632183908,3828,TRUE
"IL4R","GSE125449","liver_biliary","lymphoid",0.0846394984326019,3828,TRUE
"IL6ST","GSE125449","liver_biliary","lymphoid",0.0932601880877743,3828,TRUE
"IL7","GSE125449","liver_biliary","lymphoid",0.0054858934169279,3828,TRUE
"IL9R","GSE125449","liver_biliary","lymphoid",NA,3828,TRUE
"INHBE","GSE125449","liver_biliary","lymphoid",0.00026123301985371,3828,TRUE
"IRF9","GSE125449","liver_biliary","lymphoid",0.102403343782654,3828,TRUE
"ITGA4","GSE125449","liver_biliary","lymphoid",0.095350052246604,3828,TRUE
"ITGB3","GSE125449","liver_biliary","lymphoid",NA,3828,TRUE
"JUN","GSE125449","liver_biliary","lymphoid",0.724137931034483,3828,TRUE
"LEPR","GSE125449","liver_biliary","lymphoid",0.00653082549634274,3828,TRUE
"LTB","GSE125449","liver_biliary","lymphoid",0.57889237199582,3828,TRUE
"LTBR","GSE125449","liver_biliary","lymphoid",0.00653082549634274,3828,TRUE
"MAP3K8","GSE125449","liver_biliary","lymphoid",0.095350052246604,3828,TRUE
"OSMR","GSE125449","liver_biliary","lymphoid",0.00182863113897597,3828,TRUE
"PDGFC","GSE125449","liver_biliary","lymphoid",0.000522466039707419,3828,TRUE
"PF4","GSE125449","liver_biliary","lymphoid",0,3828,TRUE
"PIK3R5","GSE125449","liver_biliary","lymphoid",0.0195924764890282,3828,TRUE
"PLA2G2A","GSE125449","liver_biliary","lymphoid",0.0120167189132706,3828,TRUE
"PTPN1","GSE125449","liver_biliary","lymphoid",0.128787878787879,3828,TRUE
"PTPN11","GSE125449","liver_biliary","lymphoid",0.040491118077325,3828,TRUE
"PTPN2","GSE125449","liver_biliary","lymphoid",0.163270637408568,3828,TRUE
"REG1A","GSE125449","liver_biliary","lymphoid",0.00731452455590387,3828,TRUE
"SOCS1","GSE125449","liver_biliary","lymphoid",0.206896551724138,3828,TRUE
"STAM2","GSE125449","liver_biliary","lymphoid",0.0175026123301985,3828,TRUE
"STAT2","GSE125449","liver_biliary","lymphoid",0.0462382445141066,3828,TRUE
"STAT3","GSE125449","liver_biliary","lymphoid",0.273772204806688,3828,TRUE
"TGFB1","GSE125449","liver_biliary","lymphoid",0.18521421107628,3828,TRUE
"TLR2","GSE125449","liver_biliary","lymphoid",0.00104493207941484,3828,TRUE
"TNF","GSE125449","liver_biliary","lymphoid",0.0911703239289446,3828,TRUE
"TNFRSF12A","GSE125449","liver_biliary","lymphoid",0.0211598746081505,3828,TRUE
"TNFRSF1A","GSE125449","liver_biliary","lymphoid",0.0295193312434692,3828,TRUE
"TNFRSF1B","GSE125449","liver_biliary","lymphoid",0.144723092998955,3828,TRUE
"TNFRSF21","GSE125449","liver_biliary","lymphoid",0.00313479623824451,3828,TRUE
"ABCA1","GSE125449","liver_biliary","lymphoid",0.0054858934169279,3828,TRUE
"AKAP12","GSE125449","liver_biliary","lymphoid",0.00313479623824451,3828,TRUE
"BCL2L1","GSE125449","liver_biliary","lymphoid",0.0624346917450366,3828,TRUE
"BCL6","GSE125449","liver_biliary","lymphoid",0.0329153605015674,3828,TRUE
"CCND1","GSE125449","liver_biliary","lymphoid",0.0151515151515152,3828,TRUE
"CCND3","GSE125449","liver_biliary","lymphoid",0.254179728317659,3828,TRUE
"CDK4","GSE125449","liver_biliary","lymphoid",0.0833333333333333,3828,TRUE
"CDKN1A","GSE125449","liver_biliary","lymphoid",0.243730407523511,3828,TRUE
"CDKN1B","GSE125449","liver_biliary","lymphoid",0.160397074190178,3828,TRUE
"CFLAR","GSE125449","liver_biliary","lymphoid",0.239811912225705,3828,TRUE
"CISH","GSE125449","liver_biliary","lymphoid",0.0300417972831766,3828,TRUE
"COPS5","GSE125449","liver_biliary","lymphoid",0.0721003134796238,3828,TRUE
"CXCL8","GSE125449","liver_biliary","lymphoid",0.01619644723093,3828,TRUE
"DDIT3","GSE125449","liver_biliary","lymphoid",0.149947753396029,3828,TRUE
"DNMT1","GSE125449","liver_biliary","lymphoid",0.119122257053292,3828,TRUE
"EPAS1","GSE125449","liver_biliary","lymphoid",0.0130616509926855,3828,TRUE
"ESR2","GSE125449","liver_biliary","lymphoid",0.0133228840125392,3828,TRUE
"ETV6","GSE125449","liver_biliary","lymphoid",0.0350052246603971,3828,TRUE
"FGG","GSE125449","liver_biliary","lymphoid",0.0227272727272727,3828,TRUE
"FGL1","GSE125449","liver_biliary","lymphoid",0.0193312434691745,3828,TRUE
"FOS","GSE125449","liver_biliary","lymphoid",0.551201671891327,3828,TRUE
"GFAP","GSE125449","liver_biliary","lymphoid",0.000522466039707419,3828,TRUE
"GREB1","GSE125449","liver_biliary","lymphoid",0.00235109717868339,3828,TRUE
"HSPA4","GSE125449","liver_biliary","lymphoid",0.10423197492163,3828,TRUE
"HSPB1","GSE125449","liver_biliary","lymphoid",0.511755485893417,3828,TRUE
"ICAM1","GSE125449","liver_biliary","lymphoid",0.0666144200626959,3828,TRUE
"IKBKE","GSE125449","liver_biliary","lymphoid",0.0384012539184953,3828,TRUE
"JAK2","GSE125449","liver_biliary","lymphoid",0.00914315569487983,3828,TRUE
"JUNB","GSE125449","liver_biliary","lymphoid",0.834900731452456,3828,TRUE
"KRT17","GSE125449","liver_biliary","lymphoid",0.00731452455590387,3828,TRUE
"LEP","GSE125449","liver_biliary","lymphoid",NA,3828,TRUE
"LGALS3BP","GSE125449","liver_biliary","lymphoid",0.0504179728317659,3828,TRUE
"LTBP1","GSE125449","liver_biliary","lymphoid",0.0026123301985371,3828,TRUE
"MCL1","GSE125449","liver_biliary","lymphoid",0.456112852664577,3828,TRUE
"MDC1","GSE125449","liver_biliary","lymphoid",0.0190700104493208,3828,TRUE
"MMP1","GSE125449","liver_biliary","lymphoid",0,3828,TRUE
"MMP7","GSE125449","liver_biliary","lymphoid",0.0028735632183908,3828,TRUE
"MUC1","GSE125449","liver_biliary","lymphoid",0.00522466039707419,3828,TRUE
"NME1","GSE125449","liver_biliary","lymphoid",0.15491118077325,3828,TRUE
"OAS1","GSE125449","liver_biliary","lymphoid",0.053030303030303,3828,TRUE
"OPRM1","GSE125449","liver_biliary","lymphoid",NA,3828,TRUE
"PAX3","GSE125449","liver_biliary","lymphoid",NA,3828,TRUE
"PHB","GSE125449","liver_biliary","lymphoid",0.156478578892372,3828,TRUE
"POU2F1","GSE125449","liver_biliary","lymphoid",0.0271682340647858,3828,TRUE
"PPARA","GSE125449","liver_biliary","lymphoid",0.0198537095088819,3828,TRUE
"PRDM1","GSE125449","liver_biliary","lymphoid",0.211076280041797,3828,TRUE
"PROS1","GSE125449","liver_biliary","lymphoid",0.00235109717868339,3828,TRUE
"PSMB5","GSE125449","liver_biliary","lymphoid",0.120167189132706,3828,TRUE
"PTGS2","GSE125449","liver_biliary","lymphoid",0.000783699059561128,3828,TRUE
"PTPN6","GSE125449","liver_biliary","lymphoid",0.0982236154649948,3828,TRUE
"ROR1","GSE125449","liver_biliary","lymphoid",0.00026123301985371,3828,TRUE
"S100A11","GSE125449","liver_biliary","lymphoid",0.436520376175549,3828,TRUE
"S1PR1","GSE125449","liver_biliary","lymphoid",0.0420585161964472,3828,TRUE
"SALL4","GSE125449","liver_biliary","lymphoid",0.000783699059561128,3828,TRUE
"SHH","GSE125449","liver_biliary","lymphoid",0,3828,TRUE
"STK11","GSE125449","liver_biliary","lymphoid",0.0208986415882968,3828,TRUE
"TIMP1","GSE125449","liver_biliary","lymphoid",0.234326018808777,3828,TRUE
"TNFRSF10B","GSE125449","liver_biliary","lymphoid",0.0156739811912226,3828,TRUE
"TP53","GSE125449","liver_biliary","lymphoid",0.0498955067920585,3828,TRUE
"TP63","GSE125449","liver_biliary","lymphoid",0.00104493207941484,3828,TRUE
"VDR","GSE125449","liver_biliary","lymphoid",0.0188087774294671,3828,TRUE
"VEGFA","GSE125449","liver_biliary","lymphoid",0.00940438871473354,3828,TRUE
"VEGFB","GSE125449","liver_biliary","lymphoid",0.0206374085684431,3828,TRUE
"ZFP36","GSE125449","liver_biliary","lymphoid",0.582027168234065,3828,TRUE
"A2M","GSE125449","liver_biliary","lymphoid",0.0195924764890282,3828,TRUE
"HMOX1","GSE125449","liver_biliary","lymphoid",0.0203761755485893,3828,TRUE
"IFNAR1","GSE125449","liver_biliary","lymphoid",0.106060606060606,3828,TRUE
"IRF1","GSE125449","liver_biliary","lymphoid",0.546760710553814,3828,TRUE
"MYD88","GSE125449","liver_biliary","lymphoid",0.0303030303030303,3828,TRUE
"PIM1","GSE125449","liver_biliary","lymphoid",0.232758620689655,3828,TRUE
"STAT1","GSE125449","liver_biliary","lymphoid",0.202716823406479,3828,TRUE
"TYK2","GSE125449","liver_biliary","lymphoid",0.0253396029258098,3828,TRUE
"BCL2","GSE125449","liver_biliary","lymphoid",0.100835945663532,3828,FALSE
"MMP9","GSE125449","liver_biliary","lymphoid",0.0151515151515152,3828,FALSE
"HGF","GSE125449","liver_biliary","lymphoid",0.0026123301985371,3828,FALSE
"MYC","GSE125449","liver_biliary","endothelial",0.293527803099362,1097,TRUE
"IL6","GSE125449","liver_biliary","endothelial",0.100273473108478,1097,TRUE
"SOCS3","GSE125449","liver_biliary","endothelial",0.675478577939836,1097,TRUE
"ACVR1B","GSE125449","liver_biliary","endothelial",0.0574293527803099,1097,TRUE
"ACVRL1","GSE125449","liver_biliary","endothelial",0.373746581586144,1097,TRUE
"BAK1","GSE125449","liver_biliary","endothelial",0.0674567000911577,1097,TRUE
"CBL","GSE125449","liver_biliary","endothelial",0.144029170464904,1097,TRUE
"CCL7","GSE125449","liver_biliary","endothelial",NA,1097,TRUE
"CCR1","GSE125449","liver_biliary","endothelial",0,1097,TRUE
"CD14","GSE125449","liver_biliary","endothelial",0.127620783956244,1097,TRUE
"CD36","GSE125449","liver_biliary","endothelial",0.293527803099362,1097,TRUE
"CD38","GSE125449","liver_biliary","endothelial",0.00273473108477666,1097,TRUE
"CD44","GSE125449","liver_biliary","endothelial",0.0583409298085688,1097,TRUE
"CD9","GSE125449","liver_biliary","endothelial",0.759343664539654,1097,TRUE
"CNTFR","GSE125449","liver_biliary","endothelial",0,1097,TRUE
"CRLF2","GSE125449","liver_biliary","endothelial",NA,1097,TRUE
"CSF1","GSE125449","liver_biliary","endothelial",0.0601640838650866,1097,TRUE
"CSF2","GSE125449","liver_biliary","endothelial",NA,1097,TRUE
"CSF2RA","GSE125449","liver_biliary","endothelial",0.0209662716499544,1097,TRUE
"CSF2RB","GSE125449","liver_biliary","endothelial",0.0711030082041933,1097,TRUE
"CSF3R","GSE125449","liver_biliary","endothelial",0.00364630811303555,1097,TRUE
"CXCL1","GSE125449","liver_biliary","endothelial",0.0355515041020966,1097,TRUE
"CXCL10","GSE125449","liver_biliary","endothelial",0.0072926162260711,1097,TRUE
"CXCL11","GSE125449","liver_biliary","endothelial",0.0191431175934366,1097,TRUE
"CXCL13","GSE125449","liver_biliary","endothelial",0.00182315405651778,1097,TRUE
"CXCL3","GSE125449","liver_biliary","endothelial",0.14767547857794,1097,TRUE
"CXCL9","GSE125449","liver_biliary","endothelial",0.0154968094804011,1097,TRUE
"DNTT","GSE125449","liver_biliary","endothelial",NA,1097,TRUE
"EBI3","GSE125449","liver_biliary","endothelial",0.000911577028258888,1097,TRUE
"FAS","GSE125449","liver_biliary","endothelial",0.0355515041020966,1097,TRUE
"GRB2","GSE125449","liver_biliary","endothelial",0.222424794895169,1097,TRUE
"HAX1","GSE125449","liver_biliary","endothelial",0.313582497721057,1097,TRUE
"IFNGR1","GSE125449","liver_biliary","endothelial",0.365542388331814,1097,TRUE
"IFNGR2","GSE125449","liver_biliary","endothelial",0.184138559708295,1097,TRUE
"IL10RB","GSE125449","liver_biliary","endothelial",0.175022789425706,1097,TRUE
"IL12RB1","GSE125449","liver_biliary","endothelial",0.00455788514129444,1097,TRUE
"IL13RA1","GSE125449","liver_biliary","endothelial",0.191431175934366,1097,TRUE
"IL15RA","GSE125449","liver_biliary","endothelial",0.160437556973564,1097,TRUE
"IL17RA","GSE125449","liver_biliary","endothelial",0.072926162260711,1097,TRUE
"IL17RB","GSE125449","liver_biliary","endothelial",0.000911577028258888,1097,TRUE
"IL18R1","GSE125449","liver_biliary","endothelial",0.000911577028258888,1097,TRUE
"IL1B","GSE125449","liver_biliary","endothelial",0.02461257976299,1097,TRUE
"IL1R1","GSE125449","liver_biliary","endothelial",0.121239744758432,1097,TRUE
"IL1R2","GSE125449","liver_biliary","endothelial",0.00364630811303555,1097,TRUE
"IL2RA","GSE125449","liver_biliary","endothelial",0.00364630811303555,1097,TRUE
"IL2RG","GSE125449","liver_biliary","endothelial",0.0118505013673655,1097,TRUE
"IL3RA","GSE125449","liver_biliary","endothelial",0.391978122151322,1097,TRUE
"IL4R","GSE125449","liver_biliary","endothelial",0.182315405651778,1097,TRUE
"IL6ST","GSE125449","liver_biliary","endothelial",0.646308113035551,1097,TRUE
"IL7","GSE125449","liver_biliary","endothelial",0.00455788514129444,1097,TRUE
"IL9R","GSE125449","liver_biliary","endothelial",NA,1097,TRUE
"INHBE","GSE125449","liver_biliary","endothelial",0,1097,TRUE
"IRF9","GSE125449","liver_biliary","endothelial",0.198723792160438,1097,TRUE
"ITGA4","GSE125449","liver_biliary","endothelial",0.0109389243391067,1097,TRUE
"ITGB3","GSE125449","liver_biliary","endothelial",NA,1097,TRUE
"JUN","GSE125449","liver_biliary","endothelial",0.825888787602552,1097,TRUE
"LEPR","GSE125449","liver_biliary","endothelial",0.148587055606199,1097,TRUE
"LTB","GSE125449","liver_biliary","endothelial",0.0556061987237922,1097,TRUE
"LTBR","GSE125449","liver_biliary","endothelial",0.252506836827712,1097,TRUE
"MAP3K8","GSE125449","liver_biliary","endothelial",0.167730173199635,1097,TRUE
"OSMR","GSE125449","liver_biliary","endothelial",0.144029170464904,1097,TRUE
"PDGFC","GSE125449","liver_biliary","endothelial",0.00820419325432999,1097,TRUE
"PF4","GSE125449","liver_biliary","endothelial",0.00273473108477666,1097,TRUE
"PIK3R5","GSE125449","liver_biliary","endothelial",0.00182315405651778,1097,TRUE
"PLA2G2A","GSE125449","liver_biliary","endothelial",0.0109389243391067,1097,TRUE
"PTPN1","GSE125449","liver_biliary","endothelial",0.132178669097539,1097,TRUE
"PTPN11","GSE125449","liver_biliary","endothelial",0.195077484047402,1097,TRUE
"PTPN2","GSE125449","liver_biliary","endothelial",0.160437556973564,1097,TRUE
"REG1A","GSE125449","liver_biliary","endothelial",0.00820419325432999,1097,TRUE
"SOCS1","GSE125449","liver_biliary","endothelial",0.0391978122151322,1097,TRUE
"STAM2","GSE125449","liver_biliary","endothelial",0.0720145852324521,1097,TRUE
"STAT2","GSE125449","liver_biliary","endothelial",0.137648131267092,1097,TRUE
"STAT3","GSE125449","liver_biliary","endothelial",0.562443026435734,1097,TRUE
"TGFB1","GSE125449","liver_biliary","endothelial",0.403828623518687,1097,TRUE
"TLR2","GSE125449","liver_biliary","endothelial",0,1097,TRUE
"TNF","GSE125449","liver_biliary","endothelial",0.0118505013673655,1097,TRUE
"TNFRSF12A","GSE125449","liver_biliary","endothelial",0.103008204193254,1097,TRUE
"TNFRSF1A","GSE125449","liver_biliary","endothelial",0.510483135824977,1097,TRUE
"TNFRSF1B","GSE125449","liver_biliary","endothelial",0.225159525979945,1097,TRUE
"TNFRSF21","GSE125449","liver_biliary","endothelial",0.0556061987237922,1097,TRUE
"ABCA1","GSE125449","liver_biliary","endothelial",0.0692798541476755,1097,TRUE
"AKAP12","GSE125449","liver_biliary","endothelial",0.283500455788514,1097,TRUE
"BCL2L1","GSE125449","liver_biliary","endothelial",0.218778486782133,1097,TRUE
"BCL6","GSE125449","liver_biliary","endothelial",0.141294439380128,1097,TRUE
"CCND1","GSE125449","liver_biliary","endothelial",0.509571558796718,1097,TRUE
"CCND3","GSE125449","liver_biliary","endothelial",0.296262534184139,1097,TRUE
"CDK4","GSE125449","liver_biliary","endothelial",0.273473108477666,1097,TRUE
"CDKN1A","GSE125449","liver_biliary","endothelial",0.597082953509572,1097,TRUE
"CDKN1B","GSE125449","liver_biliary","endothelial",0.243391066545123,1097,TRUE
"CFLAR","GSE125449","liver_biliary","endothelial",0.441203281677302,1097,TRUE
"CISH","GSE125449","liver_biliary","endothelial",0.0319051959890611,1097,TRUE
"COPS5","GSE125449","liver_biliary","endothelial",0.21330902461258,1097,TRUE
"CXCL8","GSE125449","liver_biliary","endothelial",0.133090246125798,1097,TRUE
"DDIT3","GSE125449","liver_biliary","endothelial",0.290793072014585,1097,TRUE
"DNMT1","GSE125449","liver_biliary","endothelial",0.237010027347311,1097,TRUE
"EPAS1","GSE125449","liver_biliary","endothelial",0.765724703737466,1097,TRUE
"ESR2","GSE125449","liver_biliary","endothelial",0.0173199635369189,1097,TRUE
"ETV6","GSE125449","liver_biliary","endothelial",0.115770282588879,1097,TRUE
"FGG","GSE125449","liver_biliary","endothelial",0.081130355515041,1097,TRUE
"FGL1","GSE125449","liver_biliary","endothelial",0.0200546946216955,1097,TRUE
"FOS","GSE125449","liver_biliary","endothelial",0.898814949863263,1097,TRUE
"GFAP","GSE125449","liver_biliary","endothelial",0.00182315405651778,1097,TRUE
"GREB1","GSE125449","liver_biliary","endothelial",0.00455788514129444,1097,TRUE
"HSPA4","GSE125449","liver_biliary","endothelial",0.208751139471285,1097,TRUE
"HSPB1","GSE125449","liver_biliary","endothelial",0.929808568824066,1097,TRUE
"ICAM1","GSE125449","liver_biliary","endothelial",0.412944393801276,1097,TRUE
"IKBKE","GSE125449","liver_biliary","endothelial",0.00455788514129444,1097,TRUE
"JAK2","GSE125449","liver_biliary","endothelial",0.0337283500455789,1097,TRUE
"JUNB","GSE125449","liver_biliary","endothelial",0.866909753874202,1097,TRUE
"KRT17","GSE125449","liver_biliary","endothelial",0.00364630811303555,1097,TRUE
"LEP","GSE125449","liver_biliary","endothelial",NA,1097,TRUE
"LGALS3BP","GSE125449","liver_biliary","endothelial",0.120328167730173,1097,TRUE
"LTBP1","GSE125449","liver_biliary","endothelial",0.0911577028258888,1097,TRUE
"MCL1","GSE125449","liver_biliary","endothelial",0.662716499544212,1097,TRUE
"MDC1","GSE125449","liver_biliary","endothelial",0.0537830446672744,1097,TRUE
"MMP1","GSE125449","liver_biliary","endothelial",0.0136736554238833,1097,TRUE
"MMP7","GSE125449","liver_biliary","endothelial",0.00273473108477666,1097,TRUE
"MUC1","GSE125449","liver_biliary","endothelial",0.0118505013673655,1097,TRUE
"NME1","GSE125449","liver_biliary","endothelial",0.250683682771194,1097,TRUE
"OAS1","GSE125449","liver_biliary","endothelial",0.0711030082041933,1097,TRUE
"OPRM1","GSE125449","liver_biliary","endothelial",NA,1097,TRUE
"PAX3","GSE125449","liver_biliary","endothelial",NA,1097,TRUE
"PHB","GSE125449","liver_biliary","endothelial",0.401093892433911,1097,TRUE
"POU2F1","GSE125449","liver_biliary","endothelial",0.109389243391067,1097,TRUE
"PPARA","GSE125449","liver_biliary","endothelial",0.0793072014585232,1097,TRUE
"PRDM1","GSE125449","liver_biliary","endothelial",0.206927985414768,1097,TRUE
"PROS1","GSE125449","liver_biliary","endothelial",0.228805834092981,1097,TRUE
"PSMB5","GSE125449","liver_biliary","endothelial",0.494986326344576,1097,TRUE
"PTGS2","GSE125449","liver_biliary","endothelial",0.0519598906107566,1097,TRUE
"PTPN6","GSE125449","liver_biliary","endothelial",0.0802187784867821,1097,TRUE
"ROR1","GSE125449","liver_biliary","endothelial",0.00546946216955333,1097,TRUE
"S100A11","GSE125449","liver_biliary","endothelial",0.826800364630811,1097,TRUE
"S1PR1","GSE125449","liver_biliary","endothelial",0.535095715587967,1097,TRUE
"SALL4","GSE125449","liver_biliary","endothelial",0,1097,TRUE
"SHH","GSE125449","liver_biliary","endothelial",0,1097,TRUE
"STK11","GSE125449","liver_biliary","endothelial",0.134001823154057,1097,TRUE
"TIMP1","GSE125449","liver_biliary","endothelial",0.797629899726527,1097,TRUE
"TNFRSF10B","GSE125449","liver_biliary","endothelial",0.164995442114859,1097,TRUE
"TP53","GSE125449","liver_biliary","endothelial",0.20510483135825,1097,TRUE
"TP63","GSE125449","liver_biliary","endothelial",0.000911577028258888,1097,TRUE
"VDR","GSE125449","liver_biliary","endothelial",0.00546946216955333,1097,TRUE
"VEGFA","GSE125449","liver_biliary","endothelial",0.0182315405651778,1097,TRUE
"VEGFB","GSE125449","liver_biliary","endothelial",0.0382862351868733,1097,TRUE
"ZFP36","GSE125449","liver_biliary","endothelial",0.72105742935278,1097,TRUE
"A2M","GSE125449","liver_biliary","endothelial",0.857793983591614,1097,TRUE
"HMOX1","GSE125449","liver_biliary","endothelial",0.0355515041020966,1097,TRUE
"IFNAR1","GSE125449","liver_biliary","endothelial",0.279854147675479,1097,TRUE
"IRF1","GSE125449","liver_biliary","endothelial",0.582497721057429,1097,TRUE
"MYD88","GSE125449","liver_biliary","endothelial",0.0747493163172288,1097,TRUE
"PIM1","GSE125449","liver_biliary","endothelial",0.164995442114859,1097,TRUE
"STAT1","GSE125449","liver_biliary","endothelial",0.185050136736554,1097,TRUE
"TYK2","GSE125449","liver_biliary","endothelial",0.103919781221513,1097,TRUE
"BCL2","GSE125449","liver_biliary","endothelial",0.0455788514129444,1097,FALSE
"MMP9","GSE125449","liver_biliary","endothelial",0.0100273473108478,1097,FALSE
"HGF","GSE125449","liver_biliary","endothelial",0.0218778486782133,1097,FALSE
"MYC","GSE125449","liver_biliary","other",0.134020618556701,194,TRUE
"IL6","GSE125449","liver_biliary","other",0.00515463917525773,194,TRUE
"SOCS3","GSE125449","liver_biliary","other",0.345360824742268,194,TRUE
"ACVR1B","GSE125449","liver_biliary","other",0.0206185567010309,194,TRUE
"ACVRL1","GSE125449","liver_biliary","other",0.0309278350515464,194,TRUE
"BAK1","GSE125449","liver_biliary","other",0.0670103092783505,194,TRUE
"CBL","GSE125449","liver_biliary","other",0.0876288659793814,194,TRUE
"CCL7","GSE125449","liver_biliary","other",NA,194,TRUE
"CCR1","GSE125449","liver_biliary","other",0.0206185567010309,194,TRUE
"CD14","GSE125449","liver_biliary","other",0.0515463917525773,194,TRUE
"CD36","GSE125449","liver_biliary","other",0.170103092783505,194,TRUE
"CD38","GSE125449","liver_biliary","other",0.134020618556701,194,TRUE
"CD44","GSE125449","liver_biliary","other",0.34020618556701,194,TRUE
"CD9","GSE125449","liver_biliary","other",0.190721649484536,194,TRUE
"CNTFR","GSE125449","liver_biliary","other",0,194,TRUE
"CRLF2","GSE125449","liver_biliary","other",NA,194,TRUE
"CSF1","GSE125449","liver_biliary","other",0.0154639175257732,194,TRUE
"CSF2","GSE125449","liver_biliary","other",NA,194,TRUE
"CSF2RA","GSE125449","liver_biliary","other",0.134020618556701,194,TRUE
"CSF2RB","GSE125449","liver_biliary","other",0.123711340206186,194,TRUE
"CSF3R","GSE125449","liver_biliary","other",0.0257731958762887,194,TRUE
"CXCL1","GSE125449","liver_biliary","other",0.0103092783505155,194,TRUE
"CXCL10","GSE125449","liver_biliary","other",0.0309278350515464,194,TRUE
"CXCL11","GSE125449","liver_biliary","other",0.00515463917525773,194,TRUE
"CXCL13","GSE125449","liver_biliary","other",0.00515463917525773,194,TRUE
"CXCL3","GSE125449","liver_biliary","other",0.0103092783505155,194,TRUE
"CXCL9","GSE125449","liver_biliary","other",0.0103092783505155,194,TRUE
"DNTT","GSE125449","liver_biliary","other",NA,194,TRUE
"EBI3","GSE125449","liver_biliary","other",0.0154639175257732,194,TRUE
"FAS","GSE125449","liver_biliary","other",0.0463917525773196,194,TRUE
"GRB2","GSE125449","liver_biliary","other",0.278350515463918,194,TRUE
"HAX1","GSE125449","liver_biliary","other",0.304123711340206,194,TRUE
"IFNGR1","GSE125449","liver_biliary","other",0.231958762886598,194,TRUE
"IFNGR2","GSE125449","liver_biliary","other",0.134020618556701,194,TRUE
"IL10RB","GSE125449","liver_biliary","other",0.144329896907216,194,TRUE
"IL12RB1","GSE125449","liver_biliary","other",0.0309278350515464,194,TRUE
"IL13RA1","GSE125449","liver_biliary","other",0.123711340206186,194,TRUE
"IL15RA","GSE125449","liver_biliary","other",0.0515463917525773,194,TRUE
"IL17RA","GSE125449","liver_biliary","other",0.0412371134020619,194,TRUE
"IL17RB","GSE125449","liver_biliary","other",0.0412371134020619,194,TRUE
"IL18R1","GSE125449","liver_biliary","other",0.0412371134020619,194,TRUE
"IL1B","GSE125449","liver_biliary","other",0.0412371134020619,194,TRUE
"IL1R1","GSE125449","liver_biliary","other",0.0618556701030928,194,TRUE
"IL1R2","GSE125449","liver_biliary","other",0.0154639175257732,194,TRUE
"IL2RA","GSE125449","liver_biliary","other",0.0103092783505155,194,TRUE
"IL2RG","GSE125449","liver_biliary","other",0.262886597938144,194,TRUE
"IL3RA","GSE125449","liver_biliary","other",0.11340206185567,194,TRUE
"IL4R","GSE125449","liver_biliary","other",0.0876288659793814,194,TRUE
"IL6ST","GSE125449","liver_biliary","other",0.164948453608247,194,TRUE
"IL7","GSE125449","liver_biliary","other",0.0257731958762887,194,TRUE
"IL9R","GSE125449","liver_biliary","other",NA,194,TRUE
"INHBE","GSE125449","liver_biliary","other",0.0103092783505155,194,TRUE
"IRF9","GSE125449","liver_biliary","other",0.11340206185567,194,TRUE
"ITGA4","GSE125449","liver_biliary","other",0.0927835051546392,194,TRUE
"ITGB3","GSE125449","liver_biliary","other",NA,194,TRUE
"JUN","GSE125449","liver_biliary","other",0.541237113402062,194,TRUE
"LEPR","GSE125449","liver_biliary","other",0.0670103092783505,194,TRUE
"LTB","GSE125449","liver_biliary","other",0.314432989690722,194,TRUE
"LTBR","GSE125449","liver_biliary","other",0.139175257731959,194,TRUE
"MAP3K8","GSE125449","liver_biliary","other",0.170103092783505,194,TRUE
"OSMR","GSE125449","liver_biliary","other",0.0515463917525773,194,TRUE
"PDGFC","GSE125449","liver_biliary","other",0.0103092783505155,194,TRUE
"PF4","GSE125449","liver_biliary","other",0,194,TRUE
"PIK3R5","GSE125449","liver_biliary","other",0.0309278350515464,194,TRUE
"PLA2G2A","GSE125449","liver_biliary","other",0.0257731958762887,194,TRUE
"PTPN1","GSE125449","liver_biliary","other",0.206185567010309,194,TRUE
"PTPN11","GSE125449","liver_biliary","other",0.11340206185567,194,TRUE
"PTPN2","GSE125449","liver_biliary","other",0.242268041237113,194,TRUE
"REG1A","GSE125449","liver_biliary","other",0.0360824742268041,194,TRUE
"SOCS1","GSE125449","liver_biliary","other",0.118556701030928,194,TRUE
"STAM2","GSE125449","liver_biliary","other",0.0618556701030928,194,TRUE
"STAT2","GSE125449","liver_biliary","other",0.128865979381443,194,TRUE
"STAT3","GSE125449","liver_biliary","other",0.288659793814433,194,TRUE
"TGFB1","GSE125449","liver_biliary","other",0.242268041237113,194,TRUE
"TLR2","GSE125449","liver_biliary","other",0.0103092783505155,194,TRUE
"TNF","GSE125449","liver_biliary","other",0.0412371134020619,194,TRUE
"TNFRSF12A","GSE125449","liver_biliary","other",0.0876288659793814,194,TRUE
"TNFRSF1A","GSE125449","liver_biliary","other",0.15979381443299,194,TRUE
"TNFRSF1B","GSE125449","liver_biliary","other",0.134020618556701,194,TRUE
"TNFRSF21","GSE125449","liver_biliary","other",0.15979381443299,194,TRUE
"ABCA1","GSE125449","liver_biliary","other",0.056701030927835,194,TRUE
"AKAP12","GSE125449","liver_biliary","other",0.0670103092783505,194,TRUE
"BCL2L1","GSE125449","liver_biliary","other",0.0670103092783505,194,TRUE
"BCL6","GSE125449","liver_biliary","other",0.0721649484536082,194,TRUE
"CCND1","GSE125449","liver_biliary","other",0.180412371134021,194,TRUE
"CCND3","GSE125449","liver_biliary","other",0.257731958762887,194,TRUE
"CDK4","GSE125449","liver_biliary","other",0.144329896907216,194,TRUE
"CDKN1A","GSE125449","liver_biliary","other",0.34020618556701,194,TRUE
"CDKN1B","GSE125449","liver_biliary","other",0.123711340206186,194,TRUE
"CFLAR","GSE125449","liver_biliary","other",0.319587628865979,194,TRUE
"CISH","GSE125449","liver_biliary","other",0.0463917525773196,194,TRUE
"COPS5","GSE125449","liver_biliary","other",0.175257731958763,194,TRUE
"CXCL8","GSE125449","liver_biliary","other",0.0463917525773196,194,TRUE
"DDIT3","GSE125449","liver_biliary","other",0.164948453608247,194,TRUE
"DNMT1","GSE125449","liver_biliary","other",0.211340206185567,194,TRUE
"EPAS1","GSE125449","liver_biliary","other",0.149484536082474,194,TRUE
"ESR2","GSE125449","liver_biliary","other",0.0206185567010309,194,TRUE
"ETV6","GSE125449","liver_biliary","other",0.134020618556701,194,TRUE
"FGG","GSE125449","liver_biliary","other",0.0979381443298969,194,TRUE
"FGL1","GSE125449","liver_biliary","other",0.108247422680412,194,TRUE
"FOS","GSE125449","liver_biliary","other",0.690721649484536,194,TRUE
"GFAP","GSE125449","liver_biliary","other",0,194,TRUE
"GREB1","GSE125449","liver_biliary","other",0.0309278350515464,194,TRUE
"HSPA4","GSE125449","liver_biliary","other",0.22680412371134,194,TRUE
"HSPB1","GSE125449","liver_biliary","other",0.608247422680412,194,TRUE
"ICAM1","GSE125449","liver_biliary","other",0.11340206185567,194,TRUE
"IKBKE","GSE125449","liver_biliary","other",0.0206185567010309,194,TRUE
"JAK2","GSE125449","liver_biliary","other",0.0515463917525773,194,TRUE
"JUNB","GSE125449","liver_biliary","other",0.752577319587629,194,TRUE
"KRT17","GSE125449","liver_biliary","other",0.0103092783505155,194,TRUE
"LEP","GSE125449","liver_biliary","other",NA,194,TRUE
"LGALS3BP","GSE125449","liver_biliary","other",0.185567010309278,194,TRUE
"LTBP1","GSE125449","liver_biliary","other",0.0206185567010309,194,TRUE
"MCL1","GSE125449","liver_biliary","other",0.577319587628866,194,TRUE
"MDC1","GSE125449","liver_biliary","other",0.0360824742268041,194,TRUE
"MMP1","GSE125449","liver_biliary","other",0.00515463917525773,194,TRUE
"MMP7","GSE125449","liver_biliary","other",0.0206185567010309,194,TRUE
"MUC1","GSE125449","liver_biliary","other",0.0360824742268041,194,TRUE
"NME1","GSE125449","liver_biliary","other",0.268041237113402,194,TRUE
"OAS1","GSE125449","liver_biliary","other",0.0876288659793814,194,TRUE
"OPRM1","GSE125449","liver_biliary","other",NA,194,TRUE
"PAX3","GSE125449","liver_biliary","other",NA,194,TRUE
"PHB","GSE125449","liver_biliary","other",0.427835051546392,194,TRUE
"POU2F1","GSE125449","liver_biliary","other",0.0979381443298969,194,TRUE
"PPARA","GSE125449","liver_biliary","other",0.103092783505155,194,TRUE
"PRDM1","GSE125449","liver_biliary","other",0.108247422680412,194,TRUE
"PROS1","GSE125449","liver_biliary","other",0.0927835051546392,194,TRUE
"PSMB5","GSE125449","liver_biliary","other",0.237113402061856,194,TRUE
"PTGS2","GSE125449","liver_biliary","other",0.0206185567010309,194,TRUE
"PTPN6","GSE125449","liver_biliary","other",0.103092783505155,194,TRUE
"ROR1","GSE125449","liver_biliary","other",0.00515463917525773,194,TRUE
"S100A11","GSE125449","liver_biliary","other",0.45360824742268,194,TRUE
"S1PR1","GSE125449","liver_biliary","other",0.0618556701030928,194,TRUE
"SALL4","GSE125449","liver_biliary","other",0.0154639175257732,194,TRUE
"SHH","GSE125449","liver_biliary","other",0.0206185567010309,194,TRUE
"STK11","GSE125449","liver_biliary","other",0.077319587628866,194,TRUE
"TIMP1","GSE125449","liver_biliary","other",0.324742268041237,194,TRUE
"TNFRSF10B","GSE125449","liver_biliary","other",0.0618556701030928,194,TRUE
"TP53","GSE125449","liver_biliary","other",0.123711340206186,194,TRUE
"TP63","GSE125449","liver_biliary","other",0.00515463917525773,194,TRUE
"VDR","GSE125449","liver_biliary","other",0.0412371134020619,194,TRUE
"VEGFA","GSE125449","liver_biliary","other",0.0876288659793814,194,TRUE
"VEGFB","GSE125449","liver_biliary","other",0.11340206185567,194,TRUE
"ZFP36","GSE125449","liver_biliary","other",0.639175257731959,194,TRUE
"A2M","GSE125449","liver_biliary","other",0.180412371134021,194,TRUE
"HMOX1","GSE125449","liver_biliary","other",0.0876288659793814,194,TRUE
"IFNAR1","GSE125449","liver_biliary","other",0.190721649484536,194,TRUE
"IRF1","GSE125449","liver_biliary","other",0.298969072164948,194,TRUE
"MYD88","GSE125449","liver_biliary","other",0.0824742268041237,194,TRUE
"PIM1","GSE125449","liver_biliary","other",0.164948453608247,194,TRUE
"STAT1","GSE125449","liver_biliary","other",0.288659793814433,194,TRUE
"TYK2","GSE125449","liver_biliary","other",0.056701030927835,194,TRUE
"BCL2","GSE125449","liver_biliary","other",0.0876288659793814,194,FALSE
"MMP9","GSE125449","liver_biliary","other",0.0206185567010309,194,FALSE
"HGF","GSE125449","liver_biliary","other",0.0154639175257732,194,FALSE
"MYC","GSE178341","colorectal","epithelial",0.531497314867157,113216,TRUE
"IL6","GSE178341","colorectal","epithelial",0.00266746749576032,113216,TRUE
"SOCS3","GSE178341","colorectal","epithelial",0.156276498021481,113216,TRUE
"ACVR1B","GSE178341","colorectal","epithelial",0.266764414923686,113216,TRUE
"ACVRL1","GSE178341","colorectal","epithelial",0.165065008479367,113216,TRUE
"BAK1","GSE178341","colorectal","epithelial",0.321924462973431,113216,TRUE
"CBL","GSE178341","colorectal","epithelial",0.148335924250989,113216,TRUE
"CCL7","GSE178341","colorectal","epithelial",0.00161637931034483,113216,TRUE
"CCR1","GSE178341","colorectal","epithelial",0.00809956189937818,113216,TRUE
"CD14","GSE178341","colorectal","epithelial",0.0578805115884681,113216,TRUE
"CD36","GSE178341","colorectal","epithelial",0.00833804409270775,113216,TRUE
"CD38","GSE178341","colorectal","epithelial",0.0136729790842284,113216,TRUE
"CD44","GSE178341","colorectal","epithelial",0.575192552289429,113216,TRUE
"CD9","GSE178341","colorectal","epithelial",0.808163157150933,113216,TRUE
"CNTFR","GSE178341","colorectal","epithelial",0.0100250847936687,113216,TRUE
"CRLF2","GSE178341","colorectal","epithelial",0.000176653476540418,113216,TRUE
"CSF1","GSE178341","colorectal","epithelial",0.0338114754098361,113216,TRUE
"CSF2","GSE178341","colorectal","epithelial",0.00255264273600904,113216,TRUE
"CSF2RA","GSE178341","colorectal","epithelial",0.0272134680610514,113216,TRUE
"CSF2RB","GSE178341","colorectal","epithelial",0.00491096664782363,113216,TRUE
"CSF3R","GSE178341","colorectal","epithelial",0.0120124364047484,113216,TRUE
"CXCL1","GSE178341","colorectal","epithelial",0.30402063312606,113216,TRUE
"CXCL10","GSE178341","colorectal","epithelial",0.0245371678914641,113216,TRUE
"CXCL11","GSE178341","colorectal","epithelial",0.0702639202939514,113216,TRUE
"CXCL13","GSE178341","colorectal","epithelial",0.0134521622385529,113216,TRUE
"CXCL3","GSE178341","colorectal","epithelial",0.440017312040701,113216,TRUE
"CXCL9","GSE178341","colorectal","epithelial",0.0137259751271905,113216,TRUE
"DNTT","GSE178341","colorectal","epithelial",7.94940644431882e-05,113216,TRUE
"EBI3","GSE178341","colorectal","epithelial",0.00126307235726399,113216,TRUE
"FAS","GSE178341","colorectal","epithelial",0.134459793668739,113216,TRUE
"GRB2","GSE178341","colorectal","epithelial",0.416672555115885,113216,TRUE
"HAX1","GSE178341","colorectal","epithelial",0.527893583945732,113216,TRUE
"IFNGR1","GSE178341","colorectal","epithelial",0.397894290559638,113216,TRUE
"IFNGR2","GSE178341","colorectal","epithelial",0.488535189372527,113216,TRUE
"IL10RB","GSE178341","colorectal","epithelial",0.136376483889203,113216,TRUE
"IL12RB1","GSE178341","colorectal","epithelial",0.00994559072922555,113216,TRUE
"IL13RA1","GSE178341","colorectal","epithelial",0.449194460146976,113216,TRUE
"IL15RA","GSE178341","colorectal","epithelial",0.148936546071227,113216,TRUE
"IL17RA","GSE178341","colorectal","epithelial",0.15141852741662,113216,TRUE
"IL17RB","GSE178341","colorectal","epithelial",0.136138001695873,113216,TRUE
"IL18R1","GSE178341","colorectal","epithelial",0.0142912662521198,113216,TRUE
"IL1B","GSE178341","colorectal","epithelial",0.0563966223855285,113216,TRUE
"IL1R1","GSE178341","colorectal","epithelial",0.0225144855850763,113216,TRUE
"IL1R2","GSE178341","colorectal","epithelial",0.108058931599774,113216,TRUE
"IL2RA","GSE178341","colorectal","epithelial",0.00357723289994347,113216,TRUE
"IL2RG","GSE178341","colorectal","epithelial",0.309859030525721,113216,TRUE
"IL3RA","GSE178341","colorectal","epithelial",0.0279377473148672,113216,TRUE
"IL4R","GSE178341","colorectal","epithelial",0.251881359525155,113216,TRUE
"IL6ST","GSE178341","colorectal","epithelial",0.234163015828151,113216,TRUE
"IL7","GSE178341","colorectal","epithelial",0.116176158846806,113216,TRUE
"IL9R","GSE178341","colorectal","epithelial",0.00174003674392312,113216,TRUE
"INHBE","GSE178341","colorectal","epithelial",0.00175770209157716,113216,TRUE
"IRF9","GSE178341","colorectal","epithelial",0.132110302430752,113216,TRUE
"ITGA4","GSE178341","colorectal","epithelial",0.00411602600339175,113216,TRUE
"ITGB3","GSE178341","colorectal","epithelial",0.000909765404183154,113216,TRUE
"JUN","GSE178341","colorectal","epithelial",0.743675805539853,113216,TRUE
"LEPR","GSE178341","colorectal","epithelial",0.0456560910118711,113216,TRUE
"LTB","GSE178341","colorectal","epithelial",0.037159058790277,113216,TRUE
"LTBR","GSE178341","colorectal","epithelial",0.501404395138496,113216,TRUE
"MAP3K8","GSE178341","colorectal","epithelial",0.181140474844545,113216,TRUE
"OSMR","GSE178341","colorectal","epithelial",0.0226028123233465,113216,TRUE
"PDGFC","GSE178341","colorectal","epithelial",0.0126395562464669,113216,TRUE
"PF4","GSE178341","colorectal","epithelial",0.0765174533634822,113216,TRUE
"PIK3R5","GSE178341","colorectal","epithelial",0.00326808931599774,113216,TRUE
"PLA2G2A","GSE178341","colorectal","epithelial",0.347442057659695,113216,TRUE
"PTPN1","GSE178341","colorectal","epithelial",0.317826102317694,113216,TRUE
"PTPN11","GSE178341","colorectal","epithelial",0.378815715093273,113216,TRUE
"PTPN2","GSE178341","colorectal","epithelial",0.35065715093273,113216,TRUE
"REG1A","GSE178341","colorectal","epithelial",0.191836842849067,113216,TRUE
"SOCS1","GSE178341","colorectal","epithelial",0.15716859807801,113216,TRUE
"STAM2","GSE178341","colorectal","epithelial",0.204555893159977,113216,TRUE
"STAT2","GSE178341","colorectal","epithelial",0.242783705483324,113216,TRUE
"STAT3","GSE178341","colorectal","epithelial",0.515457179197287,113216,TRUE
"TGFB1","GSE178341","colorectal","epithelial",0.0746272611644997,113216,TRUE
"TLR2","GSE178341","colorectal","epithelial",0.017303208027134,113216,TRUE
"TNF","GSE178341","colorectal","epithelial",0.0203063171283211,113216,TRUE
"TNFRSF12A","GSE178341","colorectal","epithelial",0.412141393442623,113216,TRUE
"TNFRSF1A","GSE178341","colorectal","epithelial",0.448134539287733,113216,TRUE
"TNFRSF1B","GSE178341","colorectal","epithelial",0.131624505370266,113216,TRUE
"TNFRSF21","GSE178341","colorectal","epithelial",0.3249540700961,113216,TRUE
"ABCA1","GSE178341","colorectal","epithelial",0.0584281373657434,113216,TRUE
"AKAP12","GSE178341","colorectal","epithelial",0.0323540842283776,113216,TRUE
"BCL2L1","GSE178341","colorectal","epithelial",0.443709369700396,113216,TRUE
"BCL6","GSE178341","colorectal","epithelial",0.0658475833804409,113216,TRUE
"CCND1","GSE178341","colorectal","epithelial",0.579573558507631,113216,TRUE
"CCND3","GSE178341","colorectal","epithelial",0.276047555115885,113216,TRUE
"CDK4","GSE178341","colorectal","epithelial",0.514662238552855,113216,TRUE
"CDKN1A","GSE178341","colorectal","epithelial",0.401754169022046,113216,TRUE
"CDKN1B","GSE178341","colorectal","epithelial",0.396790206331261,113216,TRUE
"CFLAR","GSE178341","colorectal","epithelial",0.468670505935557,113216,TRUE
"CISH","GSE178341","colorectal","epithelial",0.128003109101187,113216,TRUE
"COPS5","GSE178341","colorectal","epithelial",0.493737634256642,113216,TRUE
"CXCL8","GSE178341","colorectal","epithelial",0.198046212549463,113216,TRUE
"DDIT3","GSE178341","colorectal","epithelial",0.345543032786885,113216,TRUE
"DNMT1","GSE178341","colorectal","epithelial",0.365169234030526,113216,TRUE
"EPAS1","GSE178341","colorectal","epithelial",0.233889202939514,113216,TRUE
"ESR2","GSE178341","colorectal","epithelial",0.00456649236856981,113216,TRUE
"ETV6","GSE178341","colorectal","epithelial",0.30701490955342,113216,TRUE
"FGG","GSE178341","colorectal","epithelial",0.00297661107970605,113216,TRUE
"FGL1","GSE178341","colorectal","epithelial",0.00476081119276427,113216,TRUE
"FOS","GSE178341","colorectal","epithelial",0.71732793951385,113216,TRUE
"GFAP","GSE178341","colorectal","epithelial",0.00344474279253816,113216,TRUE
"GREB1","GSE178341","colorectal","epithelial",0.00698664499717354,113216,TRUE
"HSPA4","GSE178341","colorectal","epithelial",0.430257207461843,113216,TRUE
"HSPB1","GSE178341","colorectal","epithelial",0.753091435839457,113216,TRUE
"ICAM1","GSE178341","colorectal","epithelial",0.0912856840022612,113216,TRUE
"IKBKE","GSE178341","colorectal","epithelial",0.168633408705483,113216,TRUE
"JAK2","GSE178341","colorectal","epithelial",0.0908263849632561,113216,TRUE
"JUNB","GSE178341","colorectal","epithelial",0.694698629169022,113216,TRUE
"KRT17","GSE178341","colorectal","epithelial",0.0739294799321651,113216,TRUE
"LEP","GSE178341","colorectal","epithelial",0.00101575749010741,113216,TRUE
"LGALS3BP","GSE178341","colorectal","epithelial",0.736989471452798,113216,TRUE
"LTBP1","GSE178341","colorectal","epithelial",0.103907574901074,113216,TRUE
"MCL1","GSE178341","colorectal","epithelial",0.632781585641605,113216,TRUE
"MDC1","GSE178341","colorectal","epithelial",0.133938665912945,113216,TRUE
"MMP1","GSE178341","colorectal","epithelial",0.0313559920859243,113216,TRUE
"MMP7","GSE178341","colorectal","epithelial",0.108509397964952,113216,TRUE
"MUC1","GSE178341","colorectal","epithelial",0.508876837196156,113216,TRUE
"NME1","GSE178341","colorectal","epithelial",0.638566986998304,113216,TRUE
"OAS1","GSE178341","colorectal","epithelial",0.430389697569248,113216,TRUE
"OPRM1","GSE178341","colorectal","epithelial",0.000256147540983607,113216,TRUE
"PAX3","GSE178341","colorectal","epithelial",0.000547625777275297,113216,TRUE
"PHB","GSE178341","colorectal","epithelial",0.723943612210288,113216,TRUE
"POU2F1","GSE178341","colorectal","epithelial",0.258664853024308,113216,TRUE
"PPARA","GSE178341","colorectal","epithelial",0.30568117580554,113216,TRUE
"PRDM1","GSE178341","colorectal","epithelial",0.0957991803278689,113216,TRUE
"PROS1","GSE178341","colorectal","epithelial",0.138063524590164,113216,TRUE
"PSMB5","GSE178341","colorectal","epithelial",0.638611150367439,113216,TRUE
"PTGS2","GSE178341","colorectal","epithelial",0.0656797625777275,113216,TRUE
"PTPN6","GSE178341","colorectal","epithelial",0.227079211418881,113216,TRUE
"ROR1","GSE178341","colorectal","epithelial",0.0144679197286603,113216,TRUE
"S100A11","GSE178341","colorectal","epithelial",0.907071438665913,113216,TRUE
"S1PR1","GSE178341","colorectal","epithelial",0.0022788298473714,113216,TRUE
"SALL4","GSE178341","colorectal","epithelial",0.0221435132843414,113216,TRUE
"SHH","GSE178341","colorectal","epithelial",0.131571509327304,113216,TRUE
"STK11","GSE178341","colorectal","epithelial",0.331048615036744,113216,TRUE
"TIMP1","GSE178341","colorectal","epithelial",0.665992439231204,113216,TRUE
"TNFRSF10B","GSE178341","colorectal","epithelial",0.280808366308649,113216,TRUE
"TP53","GSE178341","colorectal","epithelial",0.36011694460147,113216,TRUE
"TP63","GSE178341","colorectal","epithelial",0.00161637931034483,113216,TRUE
"VDR","GSE178341","colorectal","epithelial",0.296822003957038,113216,TRUE
"VEGFA","GSE178341","colorectal","epithelial",0.473855285472018,113216,TRUE
"VEGFB","GSE178341","colorectal","epithelial",0.252208168456755,113216,TRUE
"ZFP36","GSE178341","colorectal","epithelial",0.60712266817411,113216,TRUE
"A2M","GSE178341","colorectal","epithelial",0.0217548756359525,113216,TRUE
"HMOX1","GSE178341","colorectal","epithelial",0.0647876625211984,113216,TRUE
"IFNAR1","GSE178341","colorectal","epithelial",0.360337761447145,113216,TRUE
"IRF1","GSE178341","colorectal","epithelial",0.404236150367439,113216,TRUE
"MYD88","GSE178341","colorectal","epithelial",0.274925805539853,113216,TRUE
"PIM1","GSE178341","colorectal","epithelial",0.183746113623516,113216,TRUE
"STAT1","GSE178341","colorectal","epithelial",0.471081825890334,113216,TRUE
"TYK2","GSE178341","colorectal","epithelial",0.196412167891464,113216,TRUE
"BCL2","GSE178341","colorectal","epithelial",0.070511235161108,113216,FALSE
"MMP9","GSE178341","colorectal","epithelial",0.0191227388355003,113216,FALSE
"HGF","GSE178341","colorectal","epithelial",0.000724279253815715,113216,FALSE
"MYC","GSE178341","colorectal","fibroblast_stromal",0.345373165400229,9607,TRUE
"IL6","GSE178341","colorectal","fibroblast_stromal",0.0969085042156761,9607,TRUE
"SOCS3","GSE178341","colorectal","fibroblast_stromal",0.622358696783595,9607,TRUE
"ACVR1B","GSE178341","colorectal","fibroblast_stromal",0.0929530550640158,9607,TRUE
"ACVRL1","GSE178341","colorectal","fibroblast_stromal",0.50942021442698,9607,TRUE
"BAK1","GSE178341","colorectal","fibroblast_stromal",0.128864369730405,9607,TRUE
"CBL","GSE178341","colorectal","fibroblast_stromal",0.214010617258249,9607,TRUE
"CCL7","GSE178341","colorectal","fibroblast_stromal",0.0129072551264703,9607,TRUE
"CCR1","GSE178341","colorectal","fibroblast_stromal",0.0191527011554075,9607,TRUE
"CD14","GSE178341","colorectal","fibroblast_stromal",0.0709899031955866,9607,TRUE
"CD36","GSE178341","colorectal","fibroblast_stromal",0.133652545019257,9607,TRUE
"CD38","GSE178341","colorectal","fibroblast_stromal",0.00895180597481003,9607,TRUE
"CD44","GSE178341","colorectal","fibroblast_stromal",0.350785885291975,9607,TRUE
"CD9","GSE178341","colorectal","fibroblast_stromal",0.619964609139169,9607,TRUE
"CNTFR","GSE178341","colorectal","fibroblast_stromal",0.00520453835744769,9607,TRUE
"CRLF2","GSE178341","colorectal","fibroblast_stromal",0.000208181534297908,9607,TRUE
"CSF1","GSE178341","colorectal","fibroblast_stromal",0.189237014676798,9607,TRUE
"CSF2","GSE178341","colorectal","fibroblast_stromal",0.0110336213177891,9607,TRUE
"CSF2RA","GSE178341","colorectal","fibroblast_stromal",0.00624544602893723,9607,TRUE
"CSF2RB","GSE178341","colorectal","fibroblast_stromal",0.182158842510669,9607,TRUE
"CSF3R","GSE178341","colorectal","fibroblast_stromal",0.0109295305506402,9607,TRUE
"CXCL1","GSE178341","colorectal","fibroblast_stromal",0.139481627979598,9607,TRUE
"CXCL10","GSE178341","colorectal","fibroblast_stromal",0.0308108670760904,9607,TRUE
"CXCL11","GSE178341","colorectal","fibroblast_stromal",0.0302904132403456,9607,TRUE
"CXCL13","GSE178341","colorectal","fibroblast_stromal",0.0118663474549807,9607,TRUE
"CXCL3","GSE178341","colorectal","fibroblast_stromal",0.12740709899032,9607,TRUE
"CXCL9","GSE178341","colorectal","fibroblast_stromal",0.0296658686374519,9607,TRUE
"DNTT","GSE178341","colorectal","fibroblast_stromal",0,9607,TRUE
"EBI3","GSE178341","colorectal","fibroblast_stromal",0.00801498907046945,9607,TRUE
"FAS","GSE178341","colorectal","fibroblast_stromal",0.130946185073384,9607,TRUE
"GRB2","GSE178341","colorectal","fibroblast_stromal",0.330904548766524,9607,TRUE
"HAX1","GSE178341","colorectal","fibroblast_stromal",0.421463516186114,9607,TRUE
"IFNGR1","GSE178341","colorectal","fibroblast_stromal",0.413136254814198,9607,TRUE
"IFNGR2","GSE178341","colorectal","fibroblast_stromal",0.381804933902363,9607,TRUE
"IL10RB","GSE178341","colorectal","fibroblast_stromal",0.0798376184032476,9607,TRUE
"IL12RB1","GSE178341","colorectal","fibroblast_stromal",0.0140522535651088,9607,TRUE
"IL13RA1","GSE178341","colorectal","fibroblast_stromal",0.346830436140314,9607,TRUE
"IL15RA","GSE178341","colorectal","fibroblast_stromal",0.201311543666077,9607,TRUE
"IL17RA","GSE178341","colorectal","fibroblast_stromal",0.155511606120537,9607,TRUE
"IL17RB","GSE178341","colorectal","fibroblast_stromal",0.00510044759029874,9607,TRUE
"IL18R1","GSE178341","colorectal","fibroblast_stromal",0.0334131362548142,9607,TRUE
"IL1B","GSE178341","colorectal","fibroblast_stromal",0.0328926824190694,9607,TRUE
"IL1R1","GSE178341","colorectal","fibroblast_stromal",0.36015405433538,9607,TRUE
"IL1R2","GSE178341","colorectal","fibroblast_stromal",0.0163422504423858,9607,TRUE
"IL2RA","GSE178341","colorectal","fibroblast_stromal",0.00374726761736234,9607,TRUE
"IL2RG","GSE178341","colorectal","fibroblast_stromal",0.0397626730509004,9607,TRUE
"IL3RA","GSE178341","colorectal","fibroblast_stromal",0.328302279587801,9607,TRUE
"IL4R","GSE178341","colorectal","fibroblast_stromal",0.293952326428646,9607,TRUE
"IL6ST","GSE178341","colorectal","fibroblast_stromal",0.632247319662746,9607,TRUE
"IL7","GSE178341","colorectal","fibroblast_stromal",0.0415322160924326,9607,TRUE
"IL9R","GSE178341","colorectal","fibroblast_stromal",0.000312272301446862,9607,TRUE
"INHBE","GSE178341","colorectal","fibroblast_stromal",0.000728635370042677,9607,TRUE
"IRF9","GSE178341","colorectal","fibroblast_stromal",0.128552097428958,9607,TRUE
"ITGA4","GSE178341","colorectal","fibroblast_stromal",0.0644321848652025,9607,TRUE
"ITGB3","GSE178341","colorectal","fibroblast_stromal",0.0523576558759238,9607,TRUE
"JUN","GSE178341","colorectal","fibroblast_stromal",0.767773498490684,9607,TRUE
"LEPR","GSE178341","colorectal","fibroblast_stromal",0.150307067763089,9607,TRUE
"LTB","GSE178341","colorectal","fibroblast_stromal",0.0260226917872385,9607,TRUE
"LTBR","GSE178341","colorectal","fibroblast_stromal",0.340480899344228,9607,TRUE
"MAP3K8","GSE178341","colorectal","fibroblast_stromal",0.222025606328719,9607,TRUE
"OSMR","GSE178341","colorectal","fibroblast_stromal",0.308733215363797,9607,TRUE
"PDGFC","GSE178341","colorectal","fibroblast_stromal",0.11241802852087,9607,TRUE
"PF4","GSE178341","colorectal","fibroblast_stromal",0.00759862600187363,9607,TRUE
"PIK3R5","GSE178341","colorectal","fibroblast_stromal",0.00249817841157489,9607,TRUE
"PLA2G2A","GSE178341","colorectal","fibroblast_stromal",0.0838971583220568,9607,TRUE
"PTPN1","GSE178341","colorectal","fibroblast_stromal",0.247319662745914,9607,TRUE
"PTPN11","GSE178341","colorectal","fibroblast_stromal",0.286249609659623,9607,TRUE
"PTPN2","GSE178341","colorectal","fibroblast_stromal",0.239304673675445,9607,TRUE
"REG1A","GSE178341","colorectal","fibroblast_stromal",0.0909753304881857,9607,TRUE
"SOCS1","GSE178341","colorectal","fibroblast_stromal",0.136046632663683,9607,TRUE
"STAM2","GSE178341","colorectal","fibroblast_stromal",0.148433433954408,9607,TRUE
"STAT2","GSE178341","colorectal","fibroblast_stromal",0.317476839804309,9607,TRUE
"STAT3","GSE178341","colorectal","fibroblast_stromal",0.599562818777974,9607,TRUE
"TGFB1","GSE178341","colorectal","fibroblast_stromal",0.512751118975747,9607,TRUE
"TLR2","GSE178341","colorectal","fibroblast_stromal",0.0065577183303841,9607,TRUE
"TNF","GSE178341","colorectal","fibroblast_stromal",0.00822317060476736,9607,TRUE
"TNFRSF12A","GSE178341","colorectal","fibroblast_stromal",0.256583741022171,9607,TRUE
"TNFRSF1A","GSE178341","colorectal","fibroblast_stromal",0.60893098782138,9607,TRUE
"TNFRSF1B","GSE178341","colorectal","fibroblast_stromal",0.196107005308629,9607,TRUE
"TNFRSF21","GSE178341","colorectal","fibroblast_stromal",0.0955553242427397,9607,TRUE
"ABCA1","GSE178341","colorectal","fibroblast_stromal",0.175497033413136,9607,TRUE
"AKAP12","GSE178341","colorectal","fibroblast_stromal",0.280316435932133,9607,TRUE
"BCL2L1","GSE178341","colorectal","fibroblast_stromal",0.259290100968044,9607,TRUE
"BCL6","GSE178341","colorectal","fibroblast_stromal",0.135213906526491,9607,TRUE
"CCND1","GSE178341","colorectal","fibroblast_stromal",0.356823149786614,9607,TRUE
"CCND3","GSE178341","colorectal","fibroblast_stromal",0.293015509524305,9607,TRUE
"CDK4","GSE178341","colorectal","fibroblast_stromal",0.403351722702196,9607,TRUE
"CDKN1A","GSE178341","colorectal","fibroblast_stromal",0.399708545851983,9607,TRUE
"CDKN1B","GSE178341","colorectal","fibroblast_stromal",0.226293327781826,9607,TRUE
"CFLAR","GSE178341","colorectal","fibroblast_stromal",0.555532424273967,9607,TRUE
"CISH","GSE178341","colorectal","fibroblast_stromal",0.0377849484750703,9607,TRUE
"COPS5","GSE178341","colorectal","fibroblast_stromal",0.37816175705215,9607,TRUE
"CXCL8","GSE178341","colorectal","fibroblast_stromal",0.160716144477985,9607,TRUE
"DDIT3","GSE178341","colorectal","fibroblast_stromal",0.171645675028625,9607,TRUE
"DNMT1","GSE178341","colorectal","fibroblast_stromal",0.299052774018945,9607,TRUE
"EPAS1","GSE178341","colorectal","fibroblast_stromal",0.668054543561986,9607,TRUE
"ESR2","GSE178341","colorectal","fibroblast_stromal",0.00645362756323514,9607,TRUE
"ETV6","GSE178341","colorectal","fibroblast_stromal",0.232746955345061,9607,TRUE
"FGG","GSE178341","colorectal","fibroblast_stromal",0,9607,TRUE
"FGL1","GSE178341","colorectal","fibroblast_stromal",0.000936816904340585,9607,TRUE
"FOS","GSE178341","colorectal","fibroblast_stromal",0.820443426668055,9607,TRUE
"GFAP","GSE178341","colorectal","fibroblast_stromal",0.00145727074008535,9607,TRUE
"GREB1","GSE178341","colorectal","fibroblast_stromal",0.0207140626626418,9607,TRUE
"HSPA4","GSE178341","colorectal","fibroblast_stromal",0.306547309253669,9607,TRUE
"HSPB1","GSE178341","colorectal","fibroblast_stromal",0.891745602165088,9607,TRUE
"ICAM1","GSE178341","colorectal","fibroblast_stromal",0.340897262412824,9607,TRUE
"IKBKE","GSE178341","colorectal","fibroblast_stromal",0.0560008327261372,9607,TRUE
"JAK2","GSE178341","colorectal","fibroblast_stromal",0.0972207765171229,9607,TRUE
"JUNB","GSE178341","colorectal","fibroblast_stromal",0.831268866451546,9607,TRUE
"KRT17","GSE178341","colorectal","fibroblast_stromal",0.0193608826897054,9607,TRUE
"LEP","GSE178341","colorectal","fibroblast_stromal",0.000728635370042677,9607,TRUE
"LGALS3BP","GSE178341","colorectal","fibroblast_stromal",0.413448527115645,9607,TRUE
"LTBP1","GSE178341","colorectal","fibroblast_stromal",0.340376808577079,9607,TRUE
"MCL1","GSE178341","colorectal","fibroblast_stromal",0.736442177578849,9607,TRUE
"MDC1","GSE178341","colorectal","fibroblast_stromal",0.0827521598834183,9607,TRUE
"MMP1","GSE178341","colorectal","fibroblast_stromal",0.100343499531592,9607,TRUE
"MMP7","GSE178341","colorectal","fibroblast_stromal",0.0094722598105548,9607,TRUE
"MUC1","GSE178341","colorectal","fibroblast_stromal",0.0836889767877589,9607,TRUE
"NME1","GSE178341","colorectal","fibroblast_stromal",0.454980743208077,9607,TRUE
"OAS1","GSE178341","colorectal","fibroblast_stromal",0.112938482356615,9607,TRUE
"OPRM1","GSE178341","colorectal","fibroblast_stromal",0.000520453835744769,9607,TRUE
"PAX3","GSE178341","colorectal","fibroblast_stromal",0,9607,TRUE
"PHB","GSE178341","colorectal","fibroblast_stromal",0.514104298948683,9607,TRUE
"POU2F1","GSE178341","colorectal","fibroblast_stromal",0.151868429270324,9607,TRUE
"PPARA","GSE178341","colorectal","fibroblast_stromal",0.111689393150828,9607,TRUE
"PRDM1","GSE178341","colorectal","fibroblast_stromal",0.299156864786093,9607,TRUE
"PROS1","GSE178341","colorectal","fibroblast_stromal",0.336213177891121,9607,TRUE
"PSMB5","GSE178341","colorectal","fibroblast_stromal",0.65670864994275,9607,TRUE
"PTGS2","GSE178341","colorectal","fibroblast_stromal",0.0957635057770376,9607,TRUE
"PTPN6","GSE178341","colorectal","fibroblast_stromal",0.0584990111377121,9607,TRUE
"ROR1","GSE178341","colorectal","fibroblast_stromal",0.0535026543145623,9607,TRUE
"S100A11","GSE178341","colorectal","fibroblast_stromal",0.902154678879983,9607,TRUE
"S1PR1","GSE178341","colorectal","fibroblast_stromal",0.349432705319038,9607,TRUE
"SALL4","GSE178341","colorectal","fibroblast_stromal",0.0191527011554075,9607,TRUE
"SHH","GSE178341","colorectal","fibroblast_stromal",0.00312272301446862,9607,TRUE
"STK11","GSE178341","colorectal","fibroblast_stromal",0.225668783178932,9607,TRUE
"TIMP1","GSE178341","colorectal","fibroblast_stromal",0.868949724159467,9607,TRUE
"TNFRSF10B","GSE178341","colorectal","fibroblast_stromal",0.230352867700635,9607,TRUE
"TP53","GSE178341","colorectal","fibroblast_stromal",0.286978245029666,9607,TRUE
"TP63","GSE178341","colorectal","fibroblast_stromal",0.00197772457583012,9607,TRUE
"VDR","GSE178341","colorectal","fibroblast_stromal",0.0438222129697096,9607,TRUE
"VEGFA","GSE178341","colorectal","fibroblast_stromal",0.158426147600708,9607,TRUE
"VEGFB","GSE178341","colorectal","fibroblast_stromal",0.270115540751535,9607,TRUE
"ZFP36","GSE178341","colorectal","fibroblast_stromal",0.746122618923701,9607,TRUE
"A2M","GSE178341","colorectal","fibroblast_stromal",0.813157072967628,9607,TRUE
"HMOX1","GSE178341","colorectal","fibroblast_stromal",0.0706776308941397,9607,TRUE
"IFNAR1","GSE178341","colorectal","fibroblast_stromal",0.356614968252316,9607,TRUE
"IRF1","GSE178341","colorectal","fibroblast_stromal",0.377433121682107,9607,TRUE
"MYD88","GSE178341","colorectal","fibroblast_stromal",0.155407515353388,9607,TRUE
"PIM1","GSE178341","colorectal","fibroblast_stromal",0.164047049026751,9607,TRUE
"STAT1","GSE178341","colorectal","fibroblast_stromal",0.36421359425419,9607,TRUE
"TYK2","GSE178341","colorectal","fibroblast_stromal",0.160924326012283,9607,TRUE
"BCL2","GSE178341","colorectal","fibroblast_stromal",0.0728635370042677,9607,FALSE
"MMP9","GSE178341","colorectal","fibroblast_stromal",0.0533985635474133,9607,FALSE
"HGF","GSE178341","colorectal","fibroblast_stromal",0.109191214739253,9607,FALSE
"MYC","GSE178341","colorectal","myeloid",0.110118905496395,41882,TRUE
"IL6","GSE178341","colorectal","myeloid",0.0797478630437897,41882,TRUE
"SOCS3","GSE178341","colorectal","myeloid",0.551143689413113,41882,TRUE
"ACVR1B","GSE178341","colorectal","myeloid",0.0770498065994938,41882,TRUE
"ACVRL1","GSE178341","colorectal","myeloid",0.0949572608757939,41882,TRUE
"BAK1","GSE178341","colorectal","myeloid",0.123943460197698,41882,TRUE
"CBL","GSE178341","colorectal","myeloid",0.156726039826178,41882,TRUE
"CCL7","GSE178341","colorectal","myeloid",0.0583305477293348,41882,TRUE
"CCR1","GSE178341","colorectal","myeloid",0.34807315791987,41882,TRUE
"CD14","GSE178341","colorectal","myeloid",0.614798720213934,41882,TRUE
"CD36","GSE178341","colorectal","myeloid",0.26569886824889,41882,TRUE
"CD38","GSE178341","colorectal","myeloid",0.158206389379686,41882,TRUE
"CD44","GSE178341","colorectal","myeloid",0.719402129793229,41882,TRUE
"CD9","GSE178341","colorectal","myeloid",0.472828422711427,41882,TRUE
"CNTFR","GSE178341","colorectal","myeloid",0.000119383028508667,41882,TRUE
"CRLF2","GSE178341","colorectal","myeloid",0.00138484313070054,41882,TRUE
"CSF1","GSE178341","colorectal","myeloid",0.0733728093214269,41882,TRUE
"CSF2","GSE178341","colorectal","myeloid",0.00126546010219187,41882,TRUE
"CSF2RA","GSE178341","colorectal","myeloid",0.307602311255432,41882,TRUE
"CSF2RB","GSE178341","colorectal","myeloid",0.251993696576095,41882,TRUE
"CSF3R","GSE178341","colorectal","myeloid",0.235996370755933,41882,TRUE
"CXCL1","GSE178341","colorectal","myeloid",0.168879232128361,41882,TRUE
"CXCL10","GSE178341","colorectal","myeloid",0.108805692182799,41882,TRUE
"CXCL11","GSE178341","colorectal","myeloid",0.03278257962848,41882,TRUE
"CXCL13","GSE178341","colorectal","myeloid",0.0230886777135762,41882,TRUE
"CXCL3","GSE178341","colorectal","myeloid",0.29669070244974,41882,TRUE
"CXCL9","GSE178341","colorectal","myeloid",0.104531779762189,41882,TRUE
"DNTT","GSE178341","colorectal","myeloid",2.38766057017334e-05,41882,TRUE
"EBI3","GSE178341","colorectal","myeloid",0.0871973640227305,41882,TRUE
"FAS","GSE178341","colorectal","myeloid",0.0491380545341674,41882,TRUE
"GRB2","GSE178341","colorectal","myeloid",0.521608328160069,41882,TRUE
"HAX1","GSE178341","colorectal","myeloid",0.288883052385273,41882,TRUE
"IFNGR1","GSE178341","colorectal","myeloid",0.535934291581109,41882,TRUE
"IFNGR2","GSE178341","colorectal","myeloid",0.512057685879375,41882,TRUE
"IL10RB","GSE178341","colorectal","myeloid",0.12974547538322,41882,TRUE
"IL12RB1","GSE178341","colorectal","myeloid",0.0865765722744855,41882,TRUE
"IL13RA1","GSE178341","colorectal","myeloid",0.357337280932143,41882,TRUE
"IL15RA","GSE178341","colorectal","myeloid",0.0703643570030085,41882,TRUE
"IL17RA","GSE178341","colorectal","myeloid",0.203500310395874,41882,TRUE
"IL17RB","GSE178341","colorectal","myeloid",0.00668544959648536,41882,TRUE
"IL18R1","GSE178341","colorectal","myeloid",0.0293921016188339,41882,TRUE
"IL1B","GSE178341","colorectal","myeloid",0.412229597440428,41882,TRUE
"IL1R1","GSE178341","colorectal","myeloid",0.0714388042595865,41882,TRUE
"IL1R2","GSE178341","colorectal","myeloid",0.13043789694857,41882,TRUE
"IL2RA","GSE178341","colorectal","myeloid",0.112315553220954,41882,TRUE
"IL2RG","GSE178341","colorectal","myeloid",0.341841363831718,41882,TRUE
"IL3RA","GSE178341","colorectal","myeloid",0.132061506136288,41882,TRUE
"IL4R","GSE178341","colorectal","myeloid",0.199250274580966,41882,TRUE
"IL6ST","GSE178341","colorectal","myeloid",0.209111312735781,41882,TRUE
"IL7","GSE178341","colorectal","myeloid",0.0193639272241058,41882,TRUE
"IL9R","GSE178341","colorectal","myeloid",0.00489470416885536,41882,TRUE
"INHBE","GSE178341","colorectal","myeloid",9.55064228069338e-05,41882,TRUE
"IRF9","GSE178341","colorectal","myeloid",0.059476624803018,41882,TRUE
"ITGA4","GSE178341","colorectal","myeloid",0.17988634735686,41882,TRUE
"ITGB3","GSE178341","colorectal","myeloid",0.0204383744806838,41882,TRUE
"JUN","GSE178341","colorectal","myeloid",0.561004727567929,41882,TRUE
"LEPR","GSE178341","colorectal","myeloid",0.025261448832434,41882,TRUE
"LTB","GSE178341","colorectal","myeloid",0.164700826130557,41882,TRUE
"LTBR","GSE178341","colorectal","myeloid",0.186261401079223,41882,TRUE
"MAP3K8","GSE178341","colorectal","myeloid",0.307411298409818,41882,TRUE
"OSMR","GSE178341","colorectal","myeloid",0.00083568119956067,41882,TRUE
"PDGFC","GSE178341","colorectal","myeloid",0.0800582589179122,41882,TRUE
"PF4","GSE178341","colorectal","myeloid",0.00236378396447161,41882,TRUE
"PIK3R5","GSE178341","colorectal","myeloid",0.140895850245929,41882,TRUE
"PLA2G2A","GSE178341","colorectal","myeloid",0.0352179934100568,41882,TRUE
"PTPN1","GSE178341","colorectal","myeloid",0.304856501599733,41882,TRUE
"PTPN11","GSE178341","colorectal","myeloid",0.150709135189341,41882,TRUE
"PTPN2","GSE178341","colorectal","myeloid",0.324506948092259,41882,TRUE
"REG1A","GSE178341","colorectal","myeloid",0.0746860226350222,41882,TRUE
"SOCS1","GSE178341","colorectal","myeloid",0.234683157442338,41882,TRUE
"STAM2","GSE178341","colorectal","myeloid",0.111694761472709,41882,TRUE
"STAT2","GSE178341","colorectal","myeloid",0.258607516355475,41882,TRUE
"STAT3","GSE178341","colorectal","myeloid",0.377608519172914,41882,TRUE
"TGFB1","GSE178341","colorectal","myeloid",0.433408146697865,41882,TRUE
"TLR2","GSE178341","colorectal","myeloid",0.347094217086099,41882,TRUE
"TNF","GSE178341","colorectal","myeloid",0.114941979848145,41882,TRUE
"TNFRSF12A","GSE178341","colorectal","myeloid",0.0645623418174872,41882,TRUE
"TNFRSF1A","GSE178341","colorectal","myeloid",0.381142256816771,41882,TRUE
"TNFRSF1B","GSE178341","colorectal","myeloid",0.431259252184709,41882,TRUE
"TNFRSF21","GSE178341","colorectal","myeloid",0.174872260159496,41882,TRUE
"ABCA1","GSE178341","colorectal","myeloid",0.335609569743565,41882,TRUE
"AKAP12","GSE178341","colorectal","myeloid",0.0312544768635691,41882,TRUE
"BCL2L1","GSE178341","colorectal","myeloid",0.169022491762571,41882,TRUE
"BCL6","GSE178341","colorectal","myeloid",0.1239673368034,41882,TRUE
"CCND1","GSE178341","colorectal","myeloid",0.121388663387613,41882,TRUE
"CCND3","GSE178341","colorectal","myeloid",0.228284227114273,41882,TRUE
"CDK4","GSE178341","colorectal","myeloid",0.199990449357719,41882,TRUE
"CDKN1A","GSE178341","colorectal","myeloid",0.340671410152333,41882,TRUE
"CDKN1B","GSE178341","colorectal","myeloid",0.197149133279213,41882,TRUE
"CFLAR","GSE178341","colorectal","myeloid",0.494580010505706,41882,TRUE
"CISH","GSE178341","colorectal","myeloid",0.0950527672986008,41882,TRUE
"COPS5","GSE178341","colorectal","myeloid",0.211116947614727,41882,TRUE
"CXCL8","GSE178341","colorectal","myeloid",0.491571558187288,41882,TRUE
"DDIT3","GSE178341","colorectal","myeloid",0.136192158922688,41882,TRUE
"DNMT1","GSE178341","colorectal","myeloid",0.26763287331073,41882,TRUE
"EPAS1","GSE178341","colorectal","myeloid",0.120075450074017,41882,TRUE
"ESR2","GSE178341","colorectal","myeloid",0.00207726469605081,41882,TRUE
"ETV6","GSE178341","colorectal","myeloid",0.243493624946278,41882,TRUE
"FGG","GSE178341","colorectal","myeloid",0,41882,TRUE
"FGL1","GSE178341","colorectal","myeloid",0.000596915142543336,41882,TRUE
"FOS","GSE178341","colorectal","myeloid",0.830285086672079,41882,TRUE
"GFAP","GSE178341","colorectal","myeloid",0.000453655508332935,41882,TRUE
"GREB1","GSE178341","colorectal","myeloid",0.00317558855833055,41882,TRUE
"HSPA4","GSE178341","colorectal","myeloid",0.227735065183134,41882,TRUE
"HSPB1","GSE178341","colorectal","myeloid",0.514421469843847,41882,TRUE
"ICAM1","GSE178341","colorectal","myeloid",0.382240580679051,41882,TRUE
"IKBKE","GSE178341","colorectal","myeloid",0.1019292297407,41882,TRUE
"JAK2","GSE178341","colorectal","myeloid",0.122654123489805,41882,TRUE
"JUNB","GSE178341","colorectal","myeloid",0.735280072584881,41882,TRUE
"KRT17","GSE178341","colorectal","myeloid",0.00632730051095936,41882,TRUE
"LEP","GSE178341","colorectal","myeloid",0.00303232892412015,41882,TRUE
"LGALS3BP","GSE178341","colorectal","myeloid",0.231698581729621,41882,TRUE
"LTBP1","GSE178341","colorectal","myeloid",0.00159973258201614,41882,TRUE
"MCL1","GSE178341","colorectal","myeloid",0.76598538751731,41882,TRUE
"MDC1","GSE178341","colorectal","myeloid",0.0402559572131226,41882,TRUE
"MMP1","GSE178341","colorectal","myeloid",0.0506661572990784,41882,TRUE
"MMP7","GSE178341","colorectal","myeloid",0.0179074542763001,41882,TRUE
"MUC1","GSE178341","colorectal","myeloid",0.0392053865622463,41882,TRUE
"NME1","GSE178341","colorectal","myeloid",0.289360584499308,41882,TRUE
"OAS1","GSE178341","colorectal","myeloid",0.173391910605988,41882,TRUE
"OPRM1","GSE178341","colorectal","myeloid",0.00119383028508667,41882,TRUE
"PAX3","GSE178341","colorectal","myeloid",0,41882,TRUE
"PHB","GSE178341","colorectal","myeloid",0.313308820018146,41882,TRUE
"POU2F1","GSE178341","colorectal","myeloid",0.0901819397354472,41882,TRUE
"PPARA","GSE178341","colorectal","myeloid",0.066735112936345,41882,TRUE
"PRDM1","GSE178341","colorectal","myeloid",0.257509192493195,41882,TRUE
"PROS1","GSE178341","colorectal","myeloid",0.0528628050236378,41882,TRUE
"PSMB5","GSE178341","colorectal","myeloid",0.31529057829139,41882,TRUE
"PTGS2","GSE178341","colorectal","myeloid",0.281982713337472,41882,TRUE
"PTPN6","GSE178341","colorectal","myeloid",0.443985483023733,41882,TRUE
"ROR1","GSE178341","colorectal","myeloid",0.00217277111885774,41882,TRUE
"S100A11","GSE178341","colorectal","myeloid",0.922830810371998,41882,TRUE
"S1PR1","GSE178341","colorectal","myeloid",0.0235662098276109,41882,TRUE
"SALL4","GSE178341","colorectal","myeloid",0.000358149085526002,41882,TRUE
"SHH","GSE178341","colorectal","myeloid",0.00114607707368321,41882,TRUE
"STK11","GSE178341","colorectal","myeloid",0.114082422042882,41882,TRUE
"TIMP1","GSE178341","colorectal","myeloid",0.699369657609474,41882,TRUE
"TNFRSF10B","GSE178341","colorectal","myeloid",0.0908504846950957,41882,TRUE
"TP53","GSE178341","colorectal","myeloid",0.14944367508715,41882,TRUE
"TP63","GSE178341","colorectal","myeloid",0.000501408719736402,41882,TRUE
"VDR","GSE178341","colorectal","myeloid",0.107587985292011,41882,TRUE
"VEGFA","GSE178341","colorectal","myeloid",0.337615204622511,41882,TRUE
"VEGFB","GSE178341","colorectal","myeloid",0.231626951912516,41882,TRUE
"ZFP36","GSE178341","colorectal","myeloid",0.747194498830046,41882,TRUE
"A2M","GSE178341","colorectal","myeloid",0.275607659615109,41882,TRUE
"HMOX1","GSE178341","colorectal","myeloid",0.347882145074256,41882,TRUE
"IFNAR1","GSE178341","colorectal","myeloid",0.308390239243589,41882,TRUE
"IRF1","GSE178341","colorectal","myeloid",0.288692039539659,41882,TRUE
"MYD88","GSE178341","colorectal","myeloid",0.233728093214269,41882,TRUE
"PIM1","GSE178341","colorectal","myeloid",0.171577288572657,41882,TRUE
"STAT1","GSE178341","colorectal","myeloid",0.454634449166706,41882,TRUE
"TYK2","GSE178341","colorectal","myeloid",0.131082565302517,41882,TRUE
"BCL2","GSE178341","colorectal","myeloid",0.115491141779285,41882,FALSE
"MMP9","GSE178341","colorectal","myeloid",0.281720070674753,41882,FALSE
"HGF","GSE178341","colorectal","myeloid",0.0520510004297789,41882,FALSE
"MYC","GSE178341","colorectal","lymphoid",0.0893825773129038,92546,TRUE
"IL6","GSE178341","colorectal","lymphoid",0.00702353424243079,92546,TRUE
"SOCS3","GSE178341","colorectal","lymphoid",0.206924124219307,92546,TRUE
"ACVR1B","GSE178341","colorectal","lymphoid",0.00796360728718691,92546,TRUE
"ACVRL1","GSE178341","colorectal","lymphoid",0.00270135932401184,92546,TRUE
"BAK1","GSE178341","colorectal","lymphoid",0.0847902664620837,92546,TRUE
"CBL","GSE178341","colorectal","lymphoid",0.0739416074168522,92546,TRUE
"CCL7","GSE178341","colorectal","lymphoid",0.000475439241026084,92546,TRUE
"CCR1","GSE178341","colorectal","lymphoid",0.0275538651049208,92546,TRUE
"CD14","GSE178341","colorectal","lymphoid",0.0117130940289153,92546,TRUE
"CD36","GSE178341","colorectal","lymphoid",0.00192336783869643,92546,TRUE
"CD38","GSE178341","colorectal","lymphoid",0.197037149093424,92546,TRUE
"CD44","GSE178341","colorectal","lymphoid",0.462840101138893,92546,TRUE
"CD9","GSE178341","colorectal","lymphoid",0.105590733256975,92546,TRUE
"CNTFR","GSE178341","colorectal","lymphoid",5.40271864802369e-05,92546,TRUE
"CRLF2","GSE178341","colorectal","lymphoid",9.72489356644263e-05,92546,TRUE
"CSF1","GSE178341","colorectal","lymphoid",0.0642275192877056,92546,TRUE
"CSF2","GSE178341","colorectal","lymphoid",0.00855790633846952,92546,TRUE
"CSF2RA","GSE178341","colorectal","lymphoid",0.00290666263263674,92546,TRUE
"CSF2RB","GSE178341","colorectal","lymphoid",0.0439024917338405,92546,TRUE
"CSF3R","GSE178341","colorectal","lymphoid",0.00957361744429797,92546,TRUE
"CXCL1","GSE178341","colorectal","lymphoid",0.0160784906965185,92546,TRUE
"CXCL10","GSE178341","colorectal","lymphoid",0.00613748838415491,92546,TRUE
"CXCL11","GSE178341","colorectal","lymphoid",0.00150195578415058,92546,TRUE
"CXCL13","GSE178341","colorectal","lymphoid",0.155890043870075,92546,TRUE
"CXCL3","GSE178341","colorectal","lymphoid",0.0205411362997861,92546,TRUE
"CXCL9","GSE178341","colorectal","lymphoid",0.00284183000886046,92546,TRUE
"DNTT","GSE178341","colorectal","lymphoid",0.000270135932401184,92546,TRUE
"EBI3","GSE178341","colorectal","lymphoid",0.0178613878503663,92546,TRUE
"FAS","GSE178341","colorectal","lymphoid",0.0895554643096406,92546,TRUE
"GRB2","GSE178341","colorectal","lymphoid",0.258811834114927,92546,TRUE
"HAX1","GSE178341","colorectal","lymphoid",0.289791022842694,92546,TRUE
"IFNGR1","GSE178341","colorectal","lymphoid",0.0946124089641908,92546,TRUE
"IFNGR2","GSE178341","colorectal","lymphoid",0.0847686555874916,92546,TRUE
"IL10RB","GSE178341","colorectal","lymphoid",0.0293151513841765,92546,TRUE
"IL12RB1","GSE178341","colorectal","lymphoid",0.0908088950359821,92546,TRUE
"IL13RA1","GSE178341","colorectal","lymphoid",0.015051974153394,92546,TRUE
"IL15RA","GSE178341","colorectal","lymphoid",0.0337345752382599,92546,TRUE
"IL17RA","GSE178341","colorectal","lymphoid",0.0375597000410607,92546,TRUE
"IL17RB","GSE178341","colorectal","lymphoid",0.00311196594126164,92546,TRUE
"IL18R1","GSE178341","colorectal","lymphoid",0.0480409742182266,92546,TRUE
"IL1B","GSE178341","colorectal","lymphoid",0.0124586692023426,92546,TRUE
"IL1R1","GSE178341","colorectal","lymphoid",0.0278780282238022,92546,TRUE
"IL1R2","GSE178341","colorectal","lymphoid",0.0368897629287057,92546,TRUE
"IL2RA","GSE178341","colorectal","lymphoid",0.0731420050569447,92546,TRUE
"IL2RG","GSE178341","colorectal","lymphoid",0.469377390703002,92546,TRUE
"IL3RA","GSE178341","colorectal","lymphoid",0.00620232100793119,92546,TRUE
"IL4R","GSE178341","colorectal","lymphoid",0.0936723359194347,92546,TRUE
"IL6ST","GSE178341","colorectal","lymphoid",0.136948112290104,92546,TRUE
"IL7","GSE178341","colorectal","lymphoid",0.0127936377585201,92546,TRUE
"IL9R","GSE178341","colorectal","lymphoid",0.00731528104942407,92546,TRUE
"INHBE","GSE178341","colorectal","lymphoid",0.000345773993473516,92546,TRUE
"IRF9","GSE178341","colorectal","lymphoid",0.110420763728308,92546,TRUE
"ITGA4","GSE178341","colorectal","lymphoid",0.137164221036025,92546,TRUE
"ITGB3","GSE178341","colorectal","lymphoid",0.000291746806993279,92546,TRUE
"JUN","GSE178341","colorectal","lymphoid",0.636353813238822,92546,TRUE
"LEPR","GSE178341","colorectal","lymphoid",0.00440861841678733,92546,TRUE
"LTB","GSE178341","colorectal","lymphoid",0.403712748254922,92546,TRUE
"LTBR","GSE178341","colorectal","lymphoid",0.0110647677911525,92546,TRUE
"MAP3K8","GSE178341","colorectal","lymphoid",0.0848010718993798,92546,TRUE
"OSMR","GSE178341","colorectal","lymphoid",0.000540271864802369,92546,TRUE
"PDGFC","GSE178341","colorectal","lymphoid",0.000507855552914226,92546,TRUE
"PF4","GSE178341","colorectal","lymphoid",0.000464633803730037,92546,TRUE
"PIK3R5","GSE178341","colorectal","lymphoid",0.0355606941412919,92546,TRUE
"PLA2G2A","GSE178341","colorectal","lymphoid",0.0234261880578307,92546,TRUE
"PTPN1","GSE178341","colorectal","lymphoid",0.178030384889676,92546,TRUE
"PTPN11","GSE178341","colorectal","lymphoid",0.0731744213688328,92546,TRUE
"PTPN2","GSE178341","colorectal","lymphoid",0.198258163507877,92546,TRUE
"REG1A","GSE178341","colorectal","lymphoid",0.0317787910876753,92546,TRUE
"SOCS1","GSE178341","colorectal","lymphoid",0.303016878093056,92546,TRUE
"STAM2","GSE178341","colorectal","lymphoid",0.0311196594126164,92546,TRUE
"STAT2","GSE178341","colorectal","lymphoid",0.0819916582024074,92546,TRUE
"STAT3","GSE178341","colorectal","lymphoid",0.315713266915912,92546,TRUE
"TGFB1","GSE178341","colorectal","lymphoid",0.229637153415599,92546,TRUE
"TLR2","GSE178341","colorectal","lymphoid",0.00370626499254425,92546,TRUE
"TNF","GSE178341","colorectal","lymphoid",0.0457826378233527,92546,TRUE
"TNFRSF12A","GSE178341","colorectal","lymphoid",0.0180558857216952,92546,TRUE
"TNFRSF1A","GSE178341","colorectal","lymphoid",0.0623689840727854,92546,TRUE
"TNFRSF1B","GSE178341","colorectal","lymphoid",0.195329890000648,92546,TRUE
"TNFRSF21","GSE178341","colorectal","lymphoid",0.00372787586713634,92546,TRUE
"ABCA1","GSE178341","colorectal","lymphoid",0.0176668899790374,92546,TRUE
"AKAP12","GSE178341","colorectal","lymphoid",0.00180450802843991,92546,TRUE
"BCL2L1","GSE178341","colorectal","lymphoid",0.0952067080154734,92546,TRUE
"BCL6","GSE178341","colorectal","lymphoid",0.0318004019622674,92546,TRUE
"CCND1","GSE178341","colorectal","lymphoid",0.0139606249864932,92546,TRUE
"CCND3","GSE178341","colorectal","lymphoid",0.222959393166641,92546,TRUE
"CDK4","GSE178341","colorectal","lymphoid",0.122522853499881,92546,TRUE
"CDKN1A","GSE178341","colorectal","lymphoid",0.0958982560024204,92546,TRUE
"CDKN1B","GSE178341","colorectal","lymphoid",0.247304043394636,92546,TRUE
"CFLAR","GSE178341","colorectal","lymphoid",0.439241026084326,92546,TRUE
"CISH","GSE178341","colorectal","lymphoid",0.04699284680051,92546,TRUE
"COPS5","GSE178341","colorectal","lymphoid",0.134073865969356,92546,TRUE
"CXCL8","GSE178341","colorectal","lymphoid",0.0566853240550645,92546,TRUE
"DDIT3","GSE178341","colorectal","lymphoid",0.117260605536706,92546,TRUE
"DNMT1","GSE178341","colorectal","lymphoid",0.148174961640698,92546,TRUE
"EPAS1","GSE178341","colorectal","lymphoid",0.0151924448382426,92546,TRUE
"ESR2","GSE178341","colorectal","lymphoid",0.0230912195016532,92546,TRUE
"ETV6","GSE178341","colorectal","lymphoid",0.0678041190326973,92546,TRUE
"FGG","GSE178341","colorectal","lymphoid",1.08054372960474e-05,92546,TRUE
"FGL1","GSE178341","colorectal","lymphoid",1.08054372960474e-05,92546,TRUE
"FOS","GSE178341","colorectal","lymphoid",0.641486395954444,92546,TRUE
"GFAP","GSE178341","colorectal","lymphoid",0.000118859810256521,92546,TRUE
"GREB1","GSE178341","colorectal","lymphoid",0.00381431936550472,92546,TRUE
"HSPA4","GSE178341","colorectal","lymphoid",0.118935448317593,92546,TRUE
"HSPB1","GSE178341","colorectal","lymphoid",0.285955092602598,92546,TRUE
"ICAM1","GSE178341","colorectal","lymphoid",0.0358740518228773,92546,TRUE
"IKBKE","GSE178341","colorectal","lymphoid",0.0465498238713721,92546,TRUE
"JAK2","GSE178341","colorectal","lymphoid",0.026008687571586,92546,TRUE
"JUNB","GSE178341","colorectal","lymphoid",0.645840987184751,92546,TRUE
"KRT17","GSE178341","colorectal","lymphoid",0.0030795496293735,92546,TRUE
"LEP","GSE178341","colorectal","lymphoid",0.00024852505780909,92546,TRUE
"LGALS3BP","GSE178341","colorectal","lymphoid",0.0469604304886219,92546,TRUE
"LTBP1","GSE178341","colorectal","lymphoid",0.00191256240140038,92546,TRUE
"MCL1","GSE178341","colorectal","lymphoid",0.543113694811229,92546,TRUE
"MDC1","GSE178341","colorectal","lymphoid",0.0308495234802152,92546,TRUE
"MMP1","GSE178341","colorectal","lymphoid",0.00297149525641303,92546,TRUE
"MMP7","GSE178341","colorectal","lymphoid",0.00378190305361658,92546,TRUE
"MUC1","GSE178341","colorectal","lymphoid",0.0259870766969939,92546,TRUE
"NME1","GSE178341","colorectal","lymphoid",0.214152961770363,92546,TRUE
"OAS1","GSE178341","colorectal","lymphoid",0.099226330689603,92546,TRUE
"OPRM1","GSE178341","colorectal","lymphoid",0.00871998789791023,92546,TRUE
"PAX3","GSE178341","colorectal","lymphoid",1.08054372960474e-05,92546,TRUE
"PHB","GSE178341","colorectal","lymphoid",0.22118730145009,92546,TRUE
"POU2F1","GSE178341","colorectal","lymphoid",0.0630605320597325,92546,TRUE
"PPARA","GSE178341","colorectal","lymphoid",0.0341884036046939,92546,TRUE
"PRDM1","GSE178341","colorectal","lymphoid",0.41869988978454,92546,TRUE
"PROS1","GSE178341","colorectal","lymphoid",0.00135067966200592,92546,TRUE
"PSMB5","GSE178341","colorectal","lymphoid",0.179575562423011,92546,TRUE
"PTGS2","GSE178341","colorectal","lymphoid",0.00705595055431893,92546,TRUE
"PTPN6","GSE178341","colorectal","lymphoid",0.225077258876667,92546,TRUE
"ROR1","GSE178341","colorectal","lymphoid",0.0004106066172498,92546,TRUE
"S100A11","GSE178341","colorectal","lymphoid",0.537991917532903,92546,TRUE
"S1PR1","GSE178341","colorectal","lymphoid",0.015505802519828,92546,TRUE
"SALL4","GSE178341","colorectal","lymphoid",0.000583493613986558,92546,TRUE
"SHH","GSE178341","colorectal","lymphoid",0.000810407797203553,92546,TRUE
"STK11","GSE178341","colorectal","lymphoid",0.0518336827091392,92546,TRUE
"TIMP1","GSE178341","colorectal","lymphoid",0.148585568257947,92546,TRUE
"TNFRSF10B","GSE178341","colorectal","lymphoid",0.0185421304000173,92546,TRUE
"TP53","GSE178341","colorectal","lymphoid",0.0773129038532189,92546,TRUE
"TP63","GSE178341","colorectal","lymphoid",0.00180450802843991,92546,TRUE
"VDR","GSE178341","colorectal","lymphoid",0.0443022929137942,92546,TRUE
"VEGFA","GSE178341","colorectal","lymphoid",0.02372874030212,92546,TRUE
"VEGFB","GSE178341","colorectal","lymphoid",0.0834503922373738,92546,TRUE
"ZFP36","GSE178341","colorectal","lymphoid",0.546960430488622,92546,TRUE
"A2M","GSE178341","colorectal","lymphoid",0.00694789618135846,92546,TRUE
"HMOX1","GSE178341","colorectal","lymphoid",0.0272080911114473,92546,TRUE
"IFNAR1","GSE178341","colorectal","lymphoid",0.140427463099432,92546,TRUE
"IRF1","GSE178341","colorectal","lymphoid",0.31331445983619,92546,TRUE
"MYD88","GSE178341","colorectal","lymphoid",0.06432476822337,92546,TRUE
"PIM1","GSE178341","colorectal","lymphoid",0.191893760940505,92546,TRUE
"STAT1","GSE178341","colorectal","lymphoid",0.23223045836665,92546,TRUE
"TYK2","GSE178341","colorectal","lymphoid",0.0619583774555356,92546,TRUE
"BCL2","GSE178341","colorectal","lymphoid",0.153750567285458,92546,FALSE
"MMP9","GSE178341","colorectal","lymphoid",0.0117130940289153,92546,FALSE
"HGF","GSE178341","colorectal","lymphoid",0.00178289715384782,92546,FALSE
"MYC","GSE178341","colorectal","endothelial",NA,0,TRUE
"IL6","GSE178341","colorectal","endothelial",NA,0,TRUE
"SOCS3","GSE178341","colorectal","endothelial",NA,0,TRUE
"ACVR1B","GSE178341","colorectal","endothelial",NA,0,TRUE
"ACVRL1","GSE178341","colorectal","endothelial",NA,0,TRUE
"BAK1","GSE178341","colorectal","endothelial",NA,0,TRUE
"CBL","GSE178341","colorectal","endothelial",NA,0,TRUE
"CCL7","GSE178341","colorectal","endothelial",NA,0,TRUE
"CCR1","GSE178341","colorectal","endothelial",NA,0,TRUE
"CD14","GSE178341","colorectal","endothelial",NA,0,TRUE
"CD36","GSE178341","colorectal","endothelial",NA,0,TRUE
"CD38","GSE178341","colorectal","endothelial",NA,0,TRUE
"CD44","GSE178341","colorectal","endothelial",NA,0,TRUE
"CD9","GSE178341","colorectal","endothelial",NA,0,TRUE
"CNTFR","GSE178341","colorectal","endothelial",NA,0,TRUE
"CRLF2","GSE178341","colorectal","endothelial",NA,0,TRUE
"CSF1","GSE178341","colorectal","endothelial",NA,0,TRUE
"CSF2","GSE178341","colorectal","endothelial",NA,0,TRUE
"CSF2RA","GSE178341","colorectal","endothelial",NA,0,TRUE
"CSF2RB","GSE178341","colorectal","endothelial",NA,0,TRUE
"CSF3R","GSE178341","colorectal","endothelial",NA,0,TRUE
"CXCL1","GSE178341","colorectal","endothelial",NA,0,TRUE
"CXCL10","GSE178341","colorectal","endothelial",NA,0,TRUE
"CXCL11","GSE178341","colorectal","endothelial",NA,0,TRUE
"CXCL13","GSE178341","colorectal","endothelial",NA,0,TRUE
"CXCL3","GSE178341","colorectal","endothelial",NA,0,TRUE
"CXCL9","GSE178341","colorectal","endothelial",NA,0,TRUE
"DNTT","GSE178341","colorectal","endothelial",NA,0,TRUE
"EBI3","GSE178341","colorectal","endothelial",NA,0,TRUE
"FAS","GSE178341","colorectal","endothelial",NA,0,TRUE
"GRB2","GSE178341","colorectal","endothelial",NA,0,TRUE
"HAX1","GSE178341","colorectal","endothelial",NA,0,TRUE
"IFNGR1","GSE178341","colorectal","endothelial",NA,0,TRUE
"IFNGR2","GSE178341","colorectal","endothelial",NA,0,TRUE
"IL10RB","GSE178341","colorectal","endothelial",NA,0,TRUE
"IL12RB1","GSE178341","colorectal","endothelial",NA,0,TRUE
"IL13RA1","GSE178341","colorectal","endothelial",NA,0,TRUE
"IL15RA","GSE178341","colorectal","endothelial",NA,0,TRUE
"IL17RA","GSE178341","colorectal","endothelial",NA,0,TRUE
"IL17RB","GSE178341","colorectal","endothelial",NA,0,TRUE
"IL18R1","GSE178341","colorectal","endothelial",NA,0,TRUE
"IL1B","GSE178341","colorectal","endothelial",NA,0,TRUE
"IL1R1","GSE178341","colorectal","endothelial",NA,0,TRUE
"IL1R2","GSE178341","colorectal","endothelial",NA,0,TRUE
"IL2RA","GSE178341","colorectal","endothelial",NA,0,TRUE
"IL2RG","GSE178341","colorectal","endothelial",NA,0,TRUE
"IL3RA","GSE178341","colorectal","endothelial",NA,0,TRUE
"IL4R","GSE178341","colorectal","endothelial",NA,0,TRUE
"IL6ST","GSE178341","colorectal","endothelial",NA,0,TRUE
"IL7","GSE178341","colorectal","endothelial",NA,0,TRUE
"IL9R","GSE178341","colorectal","endothelial",NA,0,TRUE
"INHBE","GSE178341","colorectal","endothelial",NA,0,TRUE
"IRF9","GSE178341","colorectal","endothelial",NA,0,TRUE
"ITGA4","GSE178341","colorectal","endothelial",NA,0,TRUE
"ITGB3","GSE178341","colorectal","endothelial",NA,0,TRUE
"JUN","GSE178341","colorectal","endothelial",NA,0,TRUE
"LEPR","GSE178341","colorectal","endothelial",NA,0,TRUE
"LTB","GSE178341","colorectal","endothelial",NA,0,TRUE
"LTBR","GSE178341","colorectal","endothelial",NA,0,TRUE
"MAP3K8","GSE178341","colorectal","endothelial",NA,0,TRUE
"OSMR","GSE178341","colorectal","endothelial",NA,0,TRUE
"PDGFC","GSE178341","colorectal","endothelial",NA,0,TRUE
"PF4","GSE178341","colorectal","endothelial",NA,0,TRUE
"PIK3R5","GSE178341","colorectal","endothelial",NA,0,TRUE
"PLA2G2A","GSE178341","colorectal","endothelial",NA,0,TRUE
"PTPN1","GSE178341","colorectal","endothelial",NA,0,TRUE
"PTPN11","GSE178341","colorectal","endothelial",NA,0,TRUE
"PTPN2","GSE178341","colorectal","endothelial",NA,0,TRUE
"REG1A","GSE178341","colorectal","endothelial",NA,0,TRUE
"SOCS1","GSE178341","colorectal","endothelial",NA,0,TRUE
"STAM2","GSE178341","colorectal","endothelial",NA,0,TRUE
"STAT2","GSE178341","colorectal","endothelial",NA,0,TRUE
"STAT3","GSE178341","colorectal","endothelial",NA,0,TRUE
"TGFB1","GSE178341","colorectal","endothelial",NA,0,TRUE
"TLR2","GSE178341","colorectal","endothelial",NA,0,TRUE
"TNF","GSE178341","colorectal","endothelial",NA,0,TRUE
"TNFRSF12A","GSE178341","colorectal","endothelial",NA,0,TRUE
"TNFRSF1A","GSE178341","colorectal","endothelial",NA,0,TRUE
"TNFRSF1B","GSE178341","colorectal","endothelial",NA,0,TRUE
"TNFRSF21","GSE178341","colorectal","endothelial",NA,0,TRUE
"ABCA1","GSE178341","colorectal","endothelial",NA,0,TRUE
"AKAP12","GSE178341","colorectal","endothelial",NA,0,TRUE
"BCL2L1","GSE178341","colorectal","endothelial",NA,0,TRUE
"BCL6","GSE178341","colorectal","endothelial",NA,0,TRUE
"CCND1","GSE178341","colorectal","endothelial",NA,0,TRUE
"CCND3","GSE178341","colorectal","endothelial",NA,0,TRUE
"CDK4","GSE178341","colorectal","endothelial",NA,0,TRUE
"CDKN1A","GSE178341","colorectal","endothelial",NA,0,TRUE
"CDKN1B","GSE178341","colorectal","endothelial",NA,0,TRUE
"CFLAR","GSE178341","colorectal","endothelial",NA,0,TRUE
"CISH","GSE178341","colorectal","endothelial",NA,0,TRUE
"COPS5","GSE178341","colorectal","endothelial",NA,0,TRUE
"CXCL8","GSE178341","colorectal","endothelial",NA,0,TRUE
"DDIT3","GSE178341","colorectal","endothelial",NA,0,TRUE
"DNMT1","GSE178341","colorectal","endothelial",NA,0,TRUE
"EPAS1","GSE178341","colorectal","endothelial",NA,0,TRUE
"ESR2","GSE178341","colorectal","endothelial",NA,0,TRUE
"ETV6","GSE178341","colorectal","endothelial",NA,0,TRUE
"FGG","GSE178341","colorectal","endothelial",NA,0,TRUE
"FGL1","GSE178341","colorectal","endothelial",NA,0,TRUE
"FOS","GSE178341","colorectal","endothelial",NA,0,TRUE
"GFAP","GSE178341","colorectal","endothelial",NA,0,TRUE
"GREB1","GSE178341","colorectal","endothelial",NA,0,TRUE
"HSPA4","GSE178341","colorectal","endothelial",NA,0,TRUE
"HSPB1","GSE178341","colorectal","endothelial",NA,0,TRUE
"ICAM1","GSE178341","colorectal","endothelial",NA,0,TRUE
"IKBKE","GSE178341","colorectal","endothelial",NA,0,TRUE
"JAK2","GSE178341","colorectal","endothelial",NA,0,TRUE
"JUNB","GSE178341","colorectal","endothelial",NA,0,TRUE
"KRT17","GSE178341","colorectal","endothelial",NA,0,TRUE
"LEP","GSE178341","colorectal","endothelial",NA,0,TRUE
"LGALS3BP","GSE178341","colorectal","endothelial",NA,0,TRUE
"LTBP1","GSE178341","colorectal","endothelial",NA,0,TRUE
"MCL1","GSE178341","colorectal","endothelial",NA,0,TRUE
"MDC1","GSE178341","colorectal","endothelial",NA,0,TRUE
"MMP1","GSE178341","colorectal","endothelial",NA,0,TRUE
"MMP7","GSE178341","colorectal","endothelial",NA,0,TRUE
"MUC1","GSE178341","colorectal","endothelial",NA,0,TRUE
"NME1","GSE178341","colorectal","endothelial",NA,0,TRUE
"OAS1","GSE178341","colorectal","endothelial",NA,0,TRUE
"OPRM1","GSE178341","colorectal","endothelial",NA,0,TRUE
"PAX3","GSE178341","colorectal","endothelial",NA,0,TRUE
"PHB","GSE178341","colorectal","endothelial",NA,0,TRUE
"POU2F1","GSE178341","colorectal","endothelial",NA,0,TRUE
"PPARA","GSE178341","colorectal","endothelial",NA,0,TRUE
"PRDM1","GSE178341","colorectal","endothelial",NA,0,TRUE
"PROS1","GSE178341","colorectal","endothelial",NA,0,TRUE
"PSMB5","GSE178341","colorectal","endothelial",NA,0,TRUE
"PTGS2","GSE178341","colorectal","endothelial",NA,0,TRUE
"PTPN6","GSE178341","colorectal","endothelial",NA,0,TRUE
"ROR1","GSE178341","colorectal","endothelial",NA,0,TRUE
"S100A11","GSE178341","colorectal","endothelial",NA,0,TRUE
"S1PR1","GSE178341","colorectal","endothelial",NA,0,TRUE
"SALL4","GSE178341","colorectal","endothelial",NA,0,TRUE
"SHH","GSE178341","colorectal","endothelial",NA,0,TRUE
"STK11","GSE178341","colorectal","endothelial",NA,0,TRUE
"TIMP1","GSE178341","colorectal","endothelial",NA,0,TRUE
"TNFRSF10B","GSE178341","colorectal","endothelial",NA,0,TRUE
"TP53","GSE178341","colorectal","endothelial",NA,0,TRUE
"TP63","GSE178341","colorectal","endothelial",NA,0,TRUE
"VDR","GSE178341","colorectal","endothelial",NA,0,TRUE
"VEGFA","GSE178341","colorectal","endothelial",NA,0,TRUE
"VEGFB","GSE178341","colorectal","endothelial",NA,0,TRUE
"ZFP36","GSE178341","colorectal","endothelial",NA,0,TRUE
"A2M","GSE178341","colorectal","endothelial",NA,0,TRUE
"HMOX1","GSE178341","colorectal","endothelial",NA,0,TRUE
"IFNAR1","GSE178341","colorectal","endothelial",NA,0,TRUE
"IRF1","GSE178341","colorectal","endothelial",NA,0,TRUE
"MYD88","GSE178341","colorectal","endothelial",NA,0,TRUE
"PIM1","GSE178341","colorectal","endothelial",NA,0,TRUE
"STAT1","GSE178341","colorectal","endothelial",NA,0,TRUE
"TYK2","GSE178341","colorectal","endothelial",NA,0,TRUE
"BCL2","GSE178341","colorectal","endothelial",NA,0,FALSE
"MMP9","GSE178341","colorectal","endothelial",NA,0,FALSE
"HGF","GSE178341","colorectal","endothelial",NA,0,FALSE
"MYC","GSE178341","colorectal","other",NA,0,TRUE
"IL6","GSE178341","colorectal","other",NA,0,TRUE
"SOCS3","GSE178341","colorectal","other",NA,0,TRUE
"ACVR1B","GSE178341","colorectal","other",NA,0,TRUE
"ACVRL1","GSE178341","colorectal","other",NA,0,TRUE
"BAK1","GSE178341","colorectal","other",NA,0,TRUE
"CBL","GSE178341","colorectal","other",NA,0,TRUE
"CCL7","GSE178341","colorectal","other",NA,0,TRUE
"CCR1","GSE178341","colorectal","other",NA,0,TRUE
"CD14","GSE178341","colorectal","other",NA,0,TRUE
"CD36","GSE178341","colorectal","other",NA,0,TRUE
"CD38","GSE178341","colorectal","other",NA,0,TRUE
"CD44","GSE178341","colorectal","other",NA,0,TRUE
"CD9","GSE178341","colorectal","other",NA,0,TRUE
"CNTFR","GSE178341","colorectal","other",NA,0,TRUE
"CRLF2","GSE178341","colorectal","other",NA,0,TRUE
"CSF1","GSE178341","colorectal","other",NA,0,TRUE
"CSF2","GSE178341","colorectal","other",NA,0,TRUE
"CSF2RA","GSE178341","colorectal","other",NA,0,TRUE
"CSF2RB","GSE178341","colorectal","other",NA,0,TRUE
"CSF3R","GSE178341","colorectal","other",NA,0,TRUE
"CXCL1","GSE178341","colorectal","other",NA,0,TRUE
"CXCL10","GSE178341","colorectal","other",NA,0,TRUE
"CXCL11","GSE178341","colorectal","other",NA,0,TRUE
"CXCL13","GSE178341","colorectal","other",NA,0,TRUE
"CXCL3","GSE178341","colorectal","other",NA,0,TRUE
"CXCL9","GSE178341","colorectal","other",NA,0,TRUE
"DNTT","GSE178341","colorectal","other",NA,0,TRUE
"EBI3","GSE178341","colorectal","other",NA,0,TRUE
"FAS","GSE178341","colorectal","other",NA,0,TRUE
"GRB2","GSE178341","colorectal","other",NA,0,TRUE
"HAX1","GSE178341","colorectal","other",NA,0,TRUE
"IFNGR1","GSE178341","colorectal","other",NA,0,TRUE
"IFNGR2","GSE178341","colorectal","other",NA,0,TRUE
"IL10RB","GSE178341","colorectal","other",NA,0,TRUE
"IL12RB1","GSE178341","colorectal","other",NA,0,TRUE
"IL13RA1","GSE178341","colorectal","other",NA,0,TRUE
"IL15RA","GSE178341","colorectal","other",NA,0,TRUE
"IL17RA","GSE178341","colorectal","other",NA,0,TRUE
"IL17RB","GSE178341","colorectal","other",NA,0,TRUE
"IL18R1","GSE178341","colorectal","other",NA,0,TRUE
"IL1B","GSE178341","colorectal","other",NA,0,TRUE
"IL1R1","GSE178341","colorectal","other",NA,0,TRUE
"IL1R2","GSE178341","colorectal","other",NA,0,TRUE
"IL2RA","GSE178341","colorectal","other",NA,0,TRUE
"IL2RG","GSE178341","colorectal","other",NA,0,TRUE
"IL3RA","GSE178341","colorectal","other",NA,0,TRUE
"IL4R","GSE178341","colorectal","other",NA,0,TRUE
"IL6ST","GSE178341","colorectal","other",NA,0,TRUE
"IL7","GSE178341","colorectal","other",NA,0,TRUE
"IL9R","GSE178341","colorectal","other",NA,0,TRUE
"INHBE","GSE178341","colorectal","other",NA,0,TRUE
"IRF9","GSE178341","colorectal","other",NA,0,TRUE
"ITGA4","GSE178341","colorectal","other",NA,0,TRUE
"ITGB3","GSE178341","colorectal","other",NA,0,TRUE
"JUN","GSE178341","colorectal","other",NA,0,TRUE
"LEPR","GSE178341","colorectal","other",NA,0,TRUE
"LTB","GSE178341","colorectal","other",NA,0,TRUE
"LTBR","GSE178341","colorectal","other",NA,0,TRUE
"MAP3K8","GSE178341","colorectal","other",NA,0,TRUE
"OSMR","GSE178341","colorectal","other",NA,0,TRUE
"PDGFC","GSE178341","colorectal","other",NA,0,TRUE
"PF4","GSE178341","colorectal","other",NA,0,TRUE
"PIK3R5","GSE178341","colorectal","other",NA,0,TRUE
"PLA2G2A","GSE178341","colorectal","other",NA,0,TRUE
"PTPN1","GSE178341","colorectal","other",NA,0,TRUE
"PTPN11","GSE178341","colorectal","other",NA,0,TRUE
"PTPN2","GSE178341","colorectal","other",NA,0,TRUE
"REG1A","GSE178341","colorectal","other",NA,0,TRUE
"SOCS1","GSE178341","colorectal","other",NA,0,TRUE
"STAM2","GSE178341","colorectal","other",NA,0,TRUE
"STAT2","GSE178341","colorectal","other",NA,0,TRUE
"STAT3","GSE178341","colorectal","other",NA,0,TRUE
"TGFB1","GSE178341","colorectal","other",NA,0,TRUE
"TLR2","GSE178341","colorectal","other",NA,0,TRUE
"TNF","GSE178341","colorectal","other",NA,0,TRUE
"TNFRSF12A","GSE178341","colorectal","other",NA,0,TRUE
"TNFRSF1A","GSE178341","colorectal","other",NA,0,TRUE
"TNFRSF1B","GSE178341","colorectal","other",NA,0,TRUE
"TNFRSF21","GSE178341","colorectal","other",NA,0,TRUE
"ABCA1","GSE178341","colorectal","other",NA,0,TRUE
"AKAP12","GSE178341","colorectal","other",NA,0,TRUE
"BCL2L1","GSE178341","colorectal","other",NA,0,TRUE
"BCL6","GSE178341","colorectal","other",NA,0,TRUE
"CCND1","GSE178341","colorectal","other",NA,0,TRUE
"CCND3","GSE178341","colorectal","other",NA,0,TRUE
"CDK4","GSE178341","colorectal","other",NA,0,TRUE
"CDKN1A","GSE178341","colorectal","other",NA,0,TRUE
"CDKN1B","GSE178341","colorectal","other",NA,0,TRUE
"CFLAR","GSE178341","colorectal","other",NA,0,TRUE
"CISH","GSE178341","colorectal","other",NA,0,TRUE
"COPS5","GSE178341","colorectal","other",NA,0,TRUE
"CXCL8","GSE178341","colorectal","other",NA,0,TRUE
"DDIT3","GSE178341","colorectal","other",NA,0,TRUE
"DNMT1","GSE178341","colorectal","other",NA,0,TRUE
"EPAS1","GSE178341","colorectal","other",NA,0,TRUE
"ESR2","GSE178341","colorectal","other",NA,0,TRUE
"ETV6","GSE178341","colorectal","other",NA,0,TRUE
"FGG","GSE178341","colorectal","other",NA,0,TRUE
"FGL1","GSE178341","colorectal","other",NA,0,TRUE
"FOS","GSE178341","colorectal","other",NA,0,TRUE
"GFAP","GSE178341","colorectal","other",NA,0,TRUE
"GREB1","GSE178341","colorectal","other",NA,0,TRUE
"HSPA4","GSE178341","colorectal","other",NA,0,TRUE
"HSPB1","GSE178341","colorectal","other",NA,0,TRUE
"ICAM1","GSE178341","colorectal","other",NA,0,TRUE
"IKBKE","GSE178341","colorectal","other",NA,0,TRUE
"JAK2","GSE178341","colorectal","other",NA,0,TRUE
"JUNB","GSE178341","colorectal","other",NA,0,TRUE
"KRT17","GSE178341","colorectal","other",NA,0,TRUE
"LEP","GSE178341","colorectal","other",NA,0,TRUE
"LGALS3BP","GSE178341","colorectal","other",NA,0,TRUE
"LTBP1","GSE178341","colorectal","other",NA,0,TRUE
"MCL1","GSE178341","colorectal","other",NA,0,TRUE
"MDC1","GSE178341","colorectal","other",NA,0,TRUE
"MMP1","GSE178341","colorectal","other",NA,0,TRUE
"MMP7","GSE178341","colorectal","other",NA,0,TRUE
"MUC1","GSE178341","colorectal","other",NA,0,TRUE
"NME1","GSE178341","colorectal","other",NA,0,TRUE
"OAS1","GSE178341","colorectal","other",NA,0,TRUE
"OPRM1","GSE178341","colorectal","other",NA,0,TRUE
"PAX3","GSE178341","colorectal","other",NA,0,TRUE
"PHB","GSE178341","colorectal","other",NA,0,TRUE
"POU2F1","GSE178341","colorectal","other",NA,0,TRUE
"PPARA","GSE178341","colorectal","other",NA,0,TRUE
"PRDM1","GSE178341","colorectal","other",NA,0,TRUE
"PROS1","GSE178341","colorectal","other",NA,0,TRUE
"PSMB5","GSE178341","colorectal","other",NA,0,TRUE
"PTGS2","GSE178341","colorectal","other",NA,0,TRUE
"PTPN6","GSE178341","colorectal","other",NA,0,TRUE
"ROR1","GSE178341","colorectal","other",NA,0,TRUE
"S100A11","GSE178341","colorectal","other",NA,0,TRUE
"S1PR1","GSE178341","colorectal","other",NA,0,TRUE
"SALL4","GSE178341","colorectal","other",NA,0,TRUE
"SHH","GSE178341","colorectal","other",NA,0,TRUE
"STK11","GSE178341","colorectal","other",NA,0,TRUE
"TIMP1","GSE178341","colorectal","other",NA,0,TRUE
"TNFRSF10B","GSE178341","colorectal","other",NA,0,TRUE
"TP53","GSE178341","colorectal","other",NA,0,TRUE
"TP63","GSE178341","colorectal","other",NA,0,TRUE
"VDR","GSE178341","colorectal","other",NA,0,TRUE
"VEGFA","GSE178341","colorectal","other",NA,0,TRUE
"VEGFB","GSE178341","colorectal","other",NA,0,TRUE
"ZFP36","GSE178341","colorectal","other",NA,0,TRUE
"A2M","GSE178341","colorectal","other",NA,0,TRUE
"HMOX1","GSE178341","colorectal","other",NA,0,TRUE
"IFNAR1","GSE178341","colorectal","other",NA,0,TRUE
"IRF1","GSE178341","colorectal","other",NA,0,TRUE
"MYD88","GSE178341","colorectal","other",NA,0,TRUE
"PIM1","GSE178341","colorectal","other",NA,0,TRUE
"STAT1","GSE178341","colorectal","other",NA,0,TRUE
"TYK2","GSE178341","colorectal","other",NA,0,TRUE
"BCL2","GSE178341","colorectal","other",NA,0,FALSE
"MMP9","GSE178341","colorectal","other",NA,0,FALSE
"HGF","GSE178341","colorectal","other",NA,0,FALSE
"MYC","Peng","pancreatic","epithelial",0.243508914649854,14751,TRUE
"IL6","Peng","pancreatic","epithelial",0.0282692698800081,14751,TRUE
"SOCS3","Peng","pancreatic","epithelial",0.337468646193478,14751,TRUE
"ACVR1B","Peng","pancreatic","epithelial",0.248254355636906,14751,TRUE
"ACVRL1","Peng","pancreatic","epithelial",0.046234153616704,14751,TRUE
"BAK1","Peng","pancreatic","epithelial",0.218629245474883,14751,TRUE
"CBL","Peng","pancreatic","epithelial",0.104942037827944,14751,TRUE
"CCL7","Peng","pancreatic","epithelial",0.0160667073418751,14751,TRUE
"CCR1","Peng","pancreatic","epithelial",0.0172869635956884,14751,TRUE
"CD14","Peng","pancreatic","epithelial",0.155243712290692,14751,TRUE
"CD36","Peng","pancreatic","epithelial",0.0595891803945495,14751,TRUE
"CD38","Peng","pancreatic","epithelial",0.015320995186767,14751,TRUE
"CD44","Peng","pancreatic","epithelial",0.731475832146973,14751,TRUE
"CD9","Peng","pancreatic","epithelial",0.850179648837367,14751,TRUE
"CNTFR","Peng","pancreatic","epithelial",0.00562673717036133,14751,TRUE
"CRLF2","Peng","pancreatic","epithelial",NA,14751,TRUE
"CSF1","Peng","pancreatic","epithelial",0.148803470951122,14751,TRUE
"CSF2","Peng","pancreatic","epithelial",0.0105077621856145,14751,TRUE
"CSF2RA","Peng","pancreatic","epithelial",0.0528099789844756,14751,TRUE
"CSF2RB","Peng","pancreatic","epithelial",0.0146430750457596,14751,TRUE
"CSF3R","Peng","pancreatic","epithelial",0.0297606941902244,14751,TRUE
"CXCL1","Peng","pancreatic","epithelial",0.309877296454478,14751,TRUE
"CXCL10","Peng","pancreatic","epithelial",0.0395227442207308,14751,TRUE
"CXCL11","Peng","pancreatic","epithelial",0.0517253067588638,14751,TRUE
"CXCL13","Peng","pancreatic","epithelial",0.0501660904345468,14751,TRUE
"CXCL3","Peng","pancreatic","epithelial",0.355501321944275,14751,TRUE
"CXCL9","Peng","pancreatic","epithelial",0.0174903396379906,14751,TRUE
"DNTT","Peng","pancreatic","epithelial",NA,14751,TRUE
"EBI3","Peng","pancreatic","epithelial",0.0115246423971256,14751,TRUE
"FAS","Peng","pancreatic","epithelial",0.131787675411836,14751,TRUE
"GRB2","Peng","pancreatic","epithelial",0.341942919124127,14751,TRUE
"HAX1","Peng","pancreatic","epithelial",0.553386211104332,14751,TRUE
"IFNGR1","Peng","pancreatic","epithelial",0.468375025422005,14751,TRUE
"IFNGR2","Peng","pancreatic","epithelial",0.581045352857433,14751,TRUE
"IL10RB","Peng","pancreatic","epithelial",0.370822317131042,14751,TRUE
"IL12RB1","Peng","pancreatic","epithelial",0.0139651549047522,14751,TRUE
"IL13RA1","Peng","pancreatic","epithelial",0.440512507626602,14751,TRUE
"IL15RA","Peng","pancreatic","epithelial",0.221883262151719,14751,TRUE
"IL17RA","Peng","pancreatic","epithelial",0.134228187919463,14751,TRUE
"IL17RB","Peng","pancreatic","epithelial",0.0897566266693784,14751,TRUE
"IL18R1","Peng","pancreatic","epithelial",0.0270490136261948,14751,TRUE
"IL1B","Peng","pancreatic","epithelial",0.0382346959528168,14751,TRUE
"IL1R1","Peng","pancreatic","epithelial",0.197749305131855,14751,TRUE
"IL1R2","Peng","pancreatic","epithelial",0.101145685038302,14751,TRUE
"IL2RA","Peng","pancreatic","epithelial",0.0117280184394278,14751,TRUE
"IL2RG","Peng","pancreatic","epithelial",0.339027862517795,14751,TRUE
"IL3RA","Peng","pancreatic","epithelial",0.0234560368788557,14751,TRUE
"IL4R","Peng","pancreatic","epithelial",0.291370076604976,14751,TRUE
"IL6ST","Peng","pancreatic","epithelial",0.489458341807335,14751,TRUE
"IL7","Peng","pancreatic","epithelial",0.0670463019456308,14751,TRUE
"IL9R","Peng","pancreatic","epithelial",0.00176259236661921,14751,TRUE
"INHBE","Peng","pancreatic","epithelial",NA,14751,TRUE
"IRF9","Peng","pancreatic","epithelial",0.129821707002915,14751,TRUE
"ITGA4","Peng","pancreatic","epithelial",0.0195918920751136,14751,TRUE
"ITGB3","Peng","pancreatic","epithelial",0.00433868890244729,14751,TRUE
"JUN","Peng","pancreatic","epithelial",0.854653921768016,14751,TRUE
"LEPR","Peng","pancreatic","epithelial",0.0892142905565724,14751,TRUE
"LTB","Peng","pancreatic","epithelial",0.240661650057623,14751,TRUE
"LTBR","Peng","pancreatic","epithelial",0.532438478747204,14751,TRUE
"MAP3K8","Peng","pancreatic","epithelial",0.136329740356586,14751,TRUE
"OSMR","Peng","pancreatic","epithelial",0.281879194630872,14751,TRUE
"PDGFC","Peng","pancreatic","epithelial",0.204189546471426,14751,TRUE
"PF4","Peng","pancreatic","epithelial",0.0638600772828961,14751,TRUE
"PIK3R5","Peng","pancreatic","epithelial",0.0163378753982781,14751,TRUE
"PLA2G2A","Peng","pancreatic","epithelial",0.0609450206765643,14751,TRUE
"PTPN1","Peng","pancreatic","epithelial",0.259033285878923,14751,TRUE
"PTPN11","Peng","pancreatic","epithelial",0.282624906785981,14751,TRUE
"PTPN2","Peng","pancreatic","epithelial",0.385058640092197,14751,TRUE
"REG1A","Peng","pancreatic","epithelial",0.604094637651685,14751,TRUE
"SOCS1","Peng","pancreatic","epithelial",0.131380923327232,14751,TRUE
"STAM2","Peng","pancreatic","epithelial",0.194834248525524,14751,TRUE
"STAT2","Peng","pancreatic","epithelial",0.263575350823673,14751,TRUE
"STAT3","Peng","pancreatic","epithelial",0.571757846925632,14751,TRUE
"TGFB1","Peng","pancreatic","epithelial",0.141007389329537,14751,TRUE
"TLR2","Peng","pancreatic","epithelial",0.0717917429326825,14751,TRUE
"TNF","Peng","pancreatic","epithelial",0.0258965493864823,14751,TRUE
"TNFRSF12A","Peng","pancreatic","epithelial",0.738865161683954,14751,TRUE
"TNFRSF1A","Peng","pancreatic","epithelial",0.600976205003051,14751,TRUE
"TNFRSF1B","Peng","pancreatic","epithelial",0.125821978170971,14751,TRUE
"TNFRSF21","Peng","pancreatic","epithelial",0.478340451494814,14751,TRUE
"ABCA1","Peng","pancreatic","epithelial",0.111178903125212,14751,TRUE
"AKAP12","Peng","pancreatic","epithelial",0.142769981696156,14751,TRUE
"BCL2L1","Peng","pancreatic","epithelial",0.591078570944343,14751,TRUE
"BCL6","Peng","pancreatic","epithelial",0.244729170903668,14751,TRUE
"CCND1","Peng","pancreatic","epithelial",0.661650057623212,14751,TRUE
"CCND3","Peng","pancreatic","epithelial",0.443020812148329,14751,TRUE
"CDK4","Peng","pancreatic","epithelial",0.387566944613924,14751,TRUE
"CDKN1A","Peng","pancreatic","epithelial",0.420717239509186,14751,TRUE
"CDKN1B","Peng","pancreatic","epithelial",0.296929021761237,14751,TRUE
"CFLAR","Peng","pancreatic","epithelial",0.703070978238764,14751,TRUE
"CISH","Peng","pancreatic","epithelial",0.0499627143922446,14751,TRUE
"COPS5","Peng","pancreatic","epithelial",0.428784489187174,14751,TRUE
"CXCL8","Peng","pancreatic","epithelial",0.266761575486408,14751,TRUE
"DDIT3","Peng","pancreatic","epithelial",0.426343976679547,14751,TRUE
"DNMT1","Peng","pancreatic","epithelial",0.195918920751136,14751,TRUE
"EPAS1","Peng","pancreatic","epithelial",0.353942105619958,14751,TRUE
"ESR2","Peng","pancreatic","epithelial",0.00596569724086503,14751,TRUE
"ETV6","Peng","pancreatic","epithelial",0.260931462273744,14751,TRUE
"FGG","Peng","pancreatic","epithelial",0.0336926310080672,14751,TRUE
"FGL1","Peng","pancreatic","epithelial",0.0243373330621653,14751,TRUE
"FOS","Peng","pancreatic","epithelial",0.872618805504711,14751,TRUE
"GFAP","Peng","pancreatic","epithelial",0.00501660904345468,14751,TRUE
"GREB1","Peng","pancreatic","epithelial",0.0136939868483493,14751,TRUE
"HSPA4","Peng","pancreatic","epithelial",0.33577384584096,14751,TRUE
"HSPB1","Peng","pancreatic","epithelial",0.979391227713375,14751,TRUE
"ICAM1","Peng","pancreatic","epithelial",0.201071113822792,14751,TRUE
"IKBKE","Peng","pancreatic","epithelial",0.099450884685784,14751,TRUE
"JAK2","Peng","pancreatic","epithelial",0.0714527828621788,14751,TRUE
"JUNB","Peng","pancreatic","epithelial",0.844213951596502,14751,TRUE
"KRT17","Peng","pancreatic","epithelial",0.315165073554335,14751,TRUE
"LEP","Peng","pancreatic","epithelial",NA,14751,TRUE
"LGALS3BP","Peng","pancreatic","epithelial",0.854043793641109,14751,TRUE
"LTBP1","Peng","pancreatic","epithelial",0.164599010236594,14751,TRUE
"MCL1","Peng","pancreatic","epithelial",0.798996678191309,14751,TRUE
"MDC1","Peng","pancreatic","epithelial",0.0759948478069283,14751,TRUE
"MMP1","Peng","pancreatic","epithelial",0.295505389465121,14751,TRUE
"MMP7","Peng","pancreatic","epithelial",0.840485390820961,14751,TRUE
"MUC1","Peng","pancreatic","epithelial",0.838112670327435,14751,TRUE
"NME1","Peng","pancreatic","epithelial",0.565453189614263,14751,TRUE
"OAS1","Peng","pancreatic","epithelial",0.420378279438682,14751,TRUE
"OPRM1","Peng","pancreatic","epithelial",0.000406752084604434,14751,TRUE
"PAX3","Peng","pancreatic","epithelial",0.00135584028201478,14751,TRUE
"PHB","Peng","pancreatic","epithelial",0.661175513524507,14751,TRUE
"POU2F1","Peng","pancreatic","epithelial",0.163853298081486,14751,TRUE
"PPARA","Peng","pancreatic","epithelial",0.131652091383635,14751,TRUE
"PRDM1","Peng","pancreatic","epithelial",0.0801301606670734,14751,TRUE
"PROS1","Peng","pancreatic","epithelial",0.168259778998034,14751,TRUE
"PSMB5","Peng","pancreatic","epithelial",0.687343230967392,14751,TRUE
"PTGS2","Peng","pancreatic","epithelial",0.178089621042641,14751,TRUE
"PTPN6","Peng","pancreatic","epithelial",0.233407904548844,14751,TRUE
"ROR1","Peng","pancreatic","epithelial",0.0707748627211714,14751,TRUE
"S100A11","Peng","pancreatic","epithelial",0.994644430886042,14751,TRUE
"S1PR1","Peng","pancreatic","epithelial",0.0576910039997288,14751,TRUE
"SALL4","Peng","pancreatic","epithelial",0.00962646600230493,14751,TRUE
"SHH","Peng","pancreatic","epithelial",0.102908277404922,14751,TRUE
"STK11","Peng","pancreatic","epithelial",0.193817368314013,14751,TRUE
"TIMP1","Peng","pancreatic","epithelial",0.962849976272795,14751,TRUE
"TNFRSF10B","Peng","pancreatic","epithelial",0.278828553996339,14751,TRUE
"TP53","Peng","pancreatic","epithelial",0.182428309945088,14751,TRUE
"TP63","Peng","pancreatic","epithelial",0.013490610806047,14751,TRUE
"VDR","Peng","pancreatic","epithelial",0.101755813165209,14751,TRUE
"VEGFA","Peng","pancreatic","epithelial",0.500305064063453,14751,TRUE
"VEGFB","Peng","pancreatic","epithelial",0.300589790522676,14751,TRUE
"ZFP36","Peng","pancreatic","epithelial",0.860822995051183,14751,TRUE
"A2M","Peng","pancreatic","epithelial",0.313538065215918,14751,TRUE
"HMOX1","Peng","pancreatic","epithelial",0.0921293471629042,14751,TRUE
"IFNAR1","Peng","pancreatic","epithelial",0.359026506677513,14751,TRUE
"IRF1","Peng","pancreatic","epithelial",0.340654870856213,14751,TRUE
"MYD88","Peng","pancreatic","epithelial",0.271032472374754,14751,TRUE
"PIM1","Peng","pancreatic","epithelial",0.260321334146838,14751,TRUE
"STAT1","Peng","pancreatic","epithelial",0.514473595010508,14751,TRUE
"TYK2","Peng","pancreatic","epithelial",0.150769439360043,14751,TRUE
"BCL2","Peng","pancreatic","epithelial",0.0470476577859128,14751,FALSE
"MMP9","Peng","pancreatic","epithelial",0.0601993085214562,14751,FALSE
"HGF","Peng","pancreatic","epithelial",0.00908412988949902,14751,FALSE
"MYC","Peng","pancreatic","fibroblast_stromal",0.363071460275189,11265,TRUE
"IL6","Peng","pancreatic","fibroblast_stromal",0.0868175765645806,11265,TRUE
"SOCS3","Peng","pancreatic","fibroblast_stromal",0.443763870395029,11265,TRUE
"ACVR1B","Peng","pancreatic","fibroblast_stromal",0.0845095428317798,11265,TRUE
"ACVRL1","Peng","pancreatic","fibroblast_stromal",0.166178428761651,11265,TRUE
"BAK1","Peng","pancreatic","fibroblast_stromal",0.0867288060363959,11265,TRUE
"CBL","Peng","pancreatic","fibroblast_stromal",0.0857523302263648,11265,TRUE
"CCL7","Peng","pancreatic","fibroblast_stromal",0.00878828229027963,11265,TRUE
"CCR1","Peng","pancreatic","fibroblast_stromal",0.0184642698624057,11265,TRUE
"CD14","Peng","pancreatic","fibroblast_stromal",0.128362183754993,11265,TRUE
"CD36","Peng","pancreatic","fibroblast_stromal",0.158455392809587,11265,TRUE
"CD38","Peng","pancreatic","fibroblast_stromal",0.0199733688415446,11265,TRUE
"CD44","Peng","pancreatic","fibroblast_stromal",0.521704394141145,11265,TRUE
"CD9","Peng","pancreatic","fibroblast_stromal",0.760585885486019,11265,TRUE
"CNTFR","Peng","pancreatic","fibroblast_stromal",0.00381713271193964,11265,TRUE
"CRLF2","Peng","pancreatic","fibroblast_stromal",NA,11265,TRUE
"CSF1","Peng","pancreatic","fibroblast_stromal",0.190590324012428,11265,TRUE
"CSF2","Peng","pancreatic","fibroblast_stromal",0.000887705281846427,11265,TRUE
"CSF2RA","Peng","pancreatic","fibroblast_stromal",0.0245006657789614,11265,TRUE
"CSF2RB","Peng","pancreatic","fibroblast_stromal",0.0125166444740346,11265,TRUE
"CSF3R","Peng","pancreatic","fibroblast_stromal",0.0274300932090546,11265,TRUE
"CXCL1","Peng","pancreatic","fibroblast_stromal",0.0804260985352863,11265,TRUE
"CXCL10","Peng","pancreatic","fibroblast_stromal",0.0248557478917,11265,TRUE
"CXCL11","Peng","pancreatic","fibroblast_stromal",0.0127829560585885,11265,TRUE
"CXCL13","Peng","pancreatic","fibroblast_stromal",0.0403018197958278,11265,TRUE
"CXCL3","Peng","pancreatic","fibroblast_stromal",0.112383488681758,11265,TRUE
"CXCL9","Peng","pancreatic","fibroblast_stromal",0.0251220594762539,11265,TRUE
"DNTT","Peng","pancreatic","fibroblast_stromal",NA,11265,TRUE
"EBI3","Peng","pancreatic","fibroblast_stromal",0.00559254327563249,11265,TRUE
"FAS","Peng","pancreatic","fibroblast_stromal",0.213049267643142,11265,TRUE
"GRB2","Peng","pancreatic","fibroblast_stromal",0.23098091433644,11265,TRUE
"HAX1","Peng","pancreatic","fibroblast_stromal",0.409853528628495,11265,TRUE
"IFNGR1","Peng","pancreatic","fibroblast_stromal",0.44092321349312,11265,TRUE
"IFNGR2","Peng","pancreatic","fibroblast_stromal",0.354283177984909,11265,TRUE
"IL10RB","Peng","pancreatic","fibroblast_stromal",0.234975588104749,11265,TRUE
"IL12RB1","Peng","pancreatic","fibroblast_stromal",0.0108300044385264,11265,TRUE
"IL13RA1","Peng","pancreatic","fibroblast_stromal",0.264891256102974,11265,TRUE
"IL15RA","Peng","pancreatic","fibroblast_stromal",0.102441189525078,11265,TRUE
"IL17RA","Peng","pancreatic","fibroblast_stromal",0.092410119840213,11265,TRUE
"IL17RB","Peng","pancreatic","fibroblast_stromal",0.0105636928539725,11265,TRUE
"IL18R1","Peng","pancreatic","fibroblast_stromal",0.0203284509542832,11265,TRUE
"IL1B","Peng","pancreatic","fibroblast_stromal",0.0234354194407457,11265,TRUE
"IL1R1","Peng","pancreatic","fibroblast_stromal",0.360142032845095,11265,TRUE
"IL1R2","Peng","pancreatic","fibroblast_stromal",0.0216600088770528,11265,TRUE
"IL2RA","Peng","pancreatic","fibroblast_stromal",0.0126941855304039,11265,TRUE
"IL2RG","Peng","pancreatic","fibroblast_stromal",0.0995117620949845,11265,TRUE
"IL3RA","Peng","pancreatic","fibroblast_stromal",0.0205947625388371,11265,TRUE
"IL4R","Peng","pancreatic","fibroblast_stromal",0.152418996893032,11265,TRUE
"IL6ST","Peng","pancreatic","fibroblast_stromal",0.499600532623169,11265,TRUE
"IL7","Peng","pancreatic","fibroblast_stromal",0.0246782068353307,11265,TRUE
"IL9R","Peng","pancreatic","fibroblast_stromal",0.00133155792276964,11265,TRUE
"INHBE","Peng","pancreatic","fibroblast_stromal",NA,11265,TRUE
"IRF9","Peng","pancreatic","fibroblast_stromal",0.0685308477585442,11265,TRUE
"ITGA4","Peng","pancreatic","fibroblast_stromal",0.0550377274744785,11265,TRUE
"ITGB3","Peng","pancreatic","fibroblast_stromal",0.0109187749667111,11265,TRUE
"JUN","Peng","pancreatic","fibroblast_stromal",0.748424323124723,11265,TRUE
"LEPR","Peng","pancreatic","fibroblast_stromal",0.0967598757212605,11265,TRUE
"LTB","Peng","pancreatic","fibroblast_stromal",0.177097203728362,11265,TRUE
"LTBR","Peng","pancreatic","fibroblast_stromal",0.314780292942743,11265,TRUE
"MAP3K8","Peng","pancreatic","fibroblast_stromal",0.174700399467377,11265,TRUE
"OSMR","Peng","pancreatic","fibroblast_stromal",0.258766089658233,11265,TRUE
"PDGFC","Peng","pancreatic","fibroblast_stromal",0.248823790501553,11265,TRUE
"PF4","Peng","pancreatic","fibroblast_stromal",0.00390590324012428,11265,TRUE
"PIK3R5","Peng","pancreatic","fibroblast_stromal",0.0147359076786507,11265,TRUE
"PLA2G2A","Peng","pancreatic","fibroblast_stromal",0.121704394141145,11265,TRUE
"PTPN1","Peng","pancreatic","fibroblast_stromal",0.234442964935641,11265,TRUE
"PTPN11","Peng","pancreatic","fibroblast_stromal",0.147181535730138,11265,TRUE
"PTPN2","Peng","pancreatic","fibroblast_stromal",0.221127385707945,11265,TRUE
"REG1A","Peng","pancreatic","fibroblast_stromal",0.524456280514869,11265,TRUE
"SOCS1","Peng","pancreatic","fibroblast_stromal",0.103861517976032,11265,TRUE
"STAM2","Peng","pancreatic","fibroblast_stromal",0.0923213493120284,11265,TRUE
"STAT2","Peng","pancreatic","fibroblast_stromal",0.289658233466489,11265,TRUE
"STAT3","Peng","pancreatic","fibroblast_stromal",0.549667110519308,11265,TRUE
"TGFB1","Peng","pancreatic","fibroblast_stromal",0.31415889924545,11265,TRUE
"TLR2","Peng","pancreatic","fibroblast_stromal",0.034531735463826,11265,TRUE
"TNF","Peng","pancreatic","fibroblast_stromal",0.012161562361296,11265,TRUE
"TNFRSF12A","Peng","pancreatic","fibroblast_stromal",0.474389702618731,11265,TRUE
"TNFRSF1A","Peng","pancreatic","fibroblast_stromal",0.635508211273857,11265,TRUE
"TNFRSF1B","Peng","pancreatic","fibroblast_stromal",0.100133155792277,11265,TRUE
"TNFRSF21","Peng","pancreatic","fibroblast_stromal",0.225654682645362,11265,TRUE
"ABCA1","Peng","pancreatic","fibroblast_stromal",0.181358189081225,11265,TRUE
"AKAP12","Peng","pancreatic","fibroblast_stromal",0.542476697736352,11265,TRUE
"BCL2L1","Peng","pancreatic","fibroblast_stromal",0.219440745672437,11265,TRUE
"BCL6","Peng","pancreatic","fibroblast_stromal",0.23231247225921,11265,TRUE
"CCND1","Peng","pancreatic","fibroblast_stromal",0.333510874389703,11265,TRUE
"CCND3","Peng","pancreatic","fibroblast_stromal",0.312916111850865,11265,TRUE
"CDK4","Peng","pancreatic","fibroblast_stromal",0.417487794052375,11265,TRUE
"CDKN1A","Peng","pancreatic","fibroblast_stromal",0.441011984021305,11265,TRUE
"CDKN1B","Peng","pancreatic","fibroblast_stromal",0.249800266311585,11265,TRUE
"CFLAR","Peng","pancreatic","fibroblast_stromal",0.395827785175322,11265,TRUE
"CISH","Peng","pancreatic","fibroblast_stromal",0.0381713271193964,11265,TRUE
"COPS5","Peng","pancreatic","fibroblast_stromal",0.289658233466489,11265,TRUE
"CXCL8","Peng","pancreatic","fibroblast_stromal",0.143897026187306,11265,TRUE
"DDIT3","Peng","pancreatic","fibroblast_stromal",0.293652907234798,11265,TRUE
"DNMT1","Peng","pancreatic","fibroblast_stromal",0.163160230803373,11265,TRUE
"EPAS1","Peng","pancreatic","fibroblast_stromal",0.524367509986684,11265,TRUE
"ESR2","Peng","pancreatic","fibroblast_stromal",0.00310696848646249,11265,TRUE
"ETV6","Peng","pancreatic","fibroblast_stromal",0.138304482911673,11265,TRUE
"FGG","Peng","pancreatic","fibroblast_stromal",0.00887705281846427,11265,TRUE
"FGL1","Peng","pancreatic","fibroblast_stromal",0.0054150022192632,11265,TRUE
"FOS","Peng","pancreatic","fibroblast_stromal",0.796094096759876,11265,TRUE
"GFAP","Peng","pancreatic","fibroblast_stromal",0.00115401686640036,11265,TRUE
"GREB1","Peng","pancreatic","fibroblast_stromal",0.0221926320461607,11265,TRUE
"HSPA4","Peng","pancreatic","fibroblast_stromal",0.207101642254771,11265,TRUE
"HSPB1","Peng","pancreatic","fibroblast_stromal",0.971060807811806,11265,TRUE
"ICAM1","Peng","pancreatic","fibroblast_stromal",0.167865068797159,11265,TRUE
"IKBKE","Peng","pancreatic","fibroblast_stromal",0.0338215712383489,11265,TRUE
"JAK2","Peng","pancreatic","fibroblast_stromal",0.0686196182867288,11265,TRUE
"JUNB","Peng","pancreatic","fibroblast_stromal",0.879449622725255,11265,TRUE
"KRT17","Peng","pancreatic","fibroblast_stromal",0.0750110963160231,11265,TRUE
"LEP","Peng","pancreatic","fibroblast_stromal",NA,11265,TRUE
"LGALS3BP","Peng","pancreatic","fibroblast_stromal",0.806391478029294,11265,TRUE
"LTBP1","Peng","pancreatic","fibroblast_stromal",0.472347980470484,11265,TRUE
"MCL1","Peng","pancreatic","fibroblast_stromal",0.684154460719041,11265,TRUE
"MDC1","Peng","pancreatic","fibroblast_stromal",0.0478473146915224,11265,TRUE
"MMP1","Peng","pancreatic","fibroblast_stromal",0.0463382157123835,11265,TRUE
"MMP7","Peng","pancreatic","fibroblast_stromal",0.418819351975144,11265,TRUE
"MUC1","Peng","pancreatic","fibroblast_stromal",0.325610297381269,11265,TRUE
"NME1","Peng","pancreatic","fibroblast_stromal",0.462228140257435,11265,TRUE
"OAS1","Peng","pancreatic","fibroblast_stromal",0.137239236573458,11265,TRUE
"OPRM1","Peng","pancreatic","fibroblast_stromal",0.000443852640923213,11265,TRUE
"PAX3","Peng","pancreatic","fibroblast_stromal",0.000177541056369285,11265,TRUE
"PHB","Peng","pancreatic","fibroblast_stromal",0.469241011984021,11265,TRUE
"POU2F1","Peng","pancreatic","fibroblast_stromal",0.0812250332889481,11265,TRUE
"PPARA","Peng","pancreatic","fibroblast_stromal",0.0546826453617399,11265,TRUE
"PRDM1","Peng","pancreatic","fibroblast_stromal",0.152951620062139,11265,TRUE
"PROS1","Peng","pancreatic","fibroblast_stromal",0.33155792276964,11265,TRUE
"PSMB5","Peng","pancreatic","fibroblast_stromal",0.638970261873058,11265,TRUE
"PTGS2","Peng","pancreatic","fibroblast_stromal",0.0555703506435863,11265,TRUE
"PTPN6","Peng","pancreatic","fibroblast_stromal",0.0859298712827341,11265,TRUE
"ROR1","Peng","pancreatic","fibroblast_stromal",0.0688859298712827,11265,TRUE
"S100A11","Peng","pancreatic","fibroblast_stromal",0.9751442521083,11265,TRUE
"S1PR1","Peng","pancreatic","fibroblast_stromal",0.0446515756768753,11265,TRUE
"SALL4","Peng","pancreatic","fibroblast_stromal",0.0155348424323125,11265,TRUE
"SHH","Peng","pancreatic","fibroblast_stromal",0.00292942743009321,11265,TRUE
"STK11","Peng","pancreatic","fibroblast_stromal",0.119041278295606,11265,TRUE
"TIMP1","Peng","pancreatic","fibroblast_stromal",0.983843763870395,11265,TRUE
"TNFRSF10B","Peng","pancreatic","fibroblast_stromal",0.120284065690191,11265,TRUE
"TP53","Peng","pancreatic","fibroblast_stromal",0.16404793608522,11265,TRUE
"TP63","Peng","pancreatic","fibroblast_stromal",0.00150909897913893,11265,TRUE
"VDR","Peng","pancreatic","fibroblast_stromal",0.0817576564580559,11265,TRUE
"VEGFA","Peng","pancreatic","fibroblast_stromal",0.2497114957834,11265,TRUE
"VEGFB","Peng","pancreatic","fibroblast_stromal",0.333599644917887,11265,TRUE
"ZFP36","Peng","pancreatic","fibroblast_stromal",0.835153129161119,11265,TRUE
"A2M","Peng","pancreatic","fibroblast_stromal",0.760940967598757,11265,TRUE
"HMOX1","Peng","pancreatic","fibroblast_stromal",0.0663115845539281,11265,TRUE
"IFNAR1","Peng","pancreatic","fibroblast_stromal",0.224500665778961,11265,TRUE
"IRF1","Peng","pancreatic","fibroblast_stromal",0.168752774079006,11265,TRUE
"MYD88","Peng","pancreatic","fibroblast_stromal",0.0978251220594763,11265,TRUE
"PIM1","Peng","pancreatic","fibroblast_stromal",0.224056813138038,11265,TRUE
"STAT1","Peng","pancreatic","fibroblast_stromal",0.321171770972037,11265,TRUE
"TYK2","Peng","pancreatic","fibroblast_stromal",0.0984465157567688,11265,TRUE
"BCL2","Peng","pancreatic","fibroblast_stromal",0.0655126498002663,11265,FALSE
"MMP9","Peng","pancreatic","fibroblast_stromal",0.0559254327563249,11265,FALSE
"HGF","Peng","pancreatic","fibroblast_stromal",0.138038171327119,11265,FALSE
"MYC","Peng","pancreatic","myeloid",0.149022801302932,4912,TRUE
"IL6","Peng","pancreatic","myeloid",0.0447882736156352,4912,TRUE
"SOCS3","Peng","pancreatic","myeloid",0.436074918566775,4912,TRUE
"ACVR1B","Peng","pancreatic","myeloid",0.0667752442996743,4912,TRUE
"ACVRL1","Peng","pancreatic","myeloid",0.060057003257329,4912,TRUE
"BAK1","Peng","pancreatic","myeloid",0.112174267100977,4912,TRUE
"CBL","Peng","pancreatic","myeloid",0.121946254071661,4912,TRUE
"CCL7","Peng","pancreatic","myeloid",0.0871335504885993,4912,TRUE
"CCR1","Peng","pancreatic","myeloid",0.2935667752443,4912,TRUE
"CD14","Peng","pancreatic","myeloid",0.743281758957655,4912,TRUE
"CD36","Peng","pancreatic","myeloid",0.235952768729642,4912,TRUE
"CD38","Peng","pancreatic","myeloid",0.13049674267101,4912,TRUE
"CD44","Peng","pancreatic","myeloid",0.777890879478827,4912,TRUE
"CD9","Peng","pancreatic","myeloid",0.697882736156352,4912,TRUE
"CNTFR","Peng","pancreatic","myeloid",0.000610749185667752,4912,TRUE
"CRLF2","Peng","pancreatic","myeloid",NA,4912,TRUE
"CSF1","Peng","pancreatic","myeloid",0.051913680781759,4912,TRUE
"CSF2","Peng","pancreatic","myeloid",0.0012214983713355,4912,TRUE
"CSF2RA","Peng","pancreatic","myeloid",0.440960912052117,4912,TRUE
"CSF2RB","Peng","pancreatic","myeloid",0.134771986970684,4912,TRUE
"CSF3R","Peng","pancreatic","myeloid",0.363599348534202,4912,TRUE
"CXCL1","Peng","pancreatic","myeloid",0.105048859934853,4912,TRUE
"CXCL10","Peng","pancreatic","myeloid",0.0753257328990228,4912,TRUE
"CXCL11","Peng","pancreatic","myeloid",0.0287052117263844,4912,TRUE
"CXCL13","Peng","pancreatic","myeloid",0.0598534201954397,4912,TRUE
"CXCL3","Peng","pancreatic","myeloid",0.225773615635179,4912,TRUE
"CXCL9","Peng","pancreatic","myeloid",0.060871335504886,4912,TRUE
"DNTT","Peng","pancreatic","myeloid",NA,4912,TRUE
"EBI3","Peng","pancreatic","myeloid",0.0692182410423453,4912,TRUE
"FAS","Peng","pancreatic","myeloid",0.0625,4912,TRUE
"GRB2","Peng","pancreatic","myeloid",0.577565146579805,4912,TRUE
"HAX1","Peng","pancreatic","myeloid",0.324307817589577,4912,TRUE
"IFNGR1","Peng","pancreatic","myeloid",0.742263843648209,4912,TRUE
"IFNGR2","Peng","pancreatic","myeloid",0.605456026058632,4912,TRUE
"IL10RB","Peng","pancreatic","myeloid",0.384161237785016,4912,TRUE
"IL12RB1","Peng","pancreatic","myeloid",0.0659609120521173,4912,TRUE
"IL13RA1","Peng","pancreatic","myeloid",0.444218241042345,4912,TRUE
"IL15RA","Peng","pancreatic","myeloid",0.072271986970684,4912,TRUE
"IL17RA","Peng","pancreatic","myeloid",0.231473941368078,4912,TRUE
"IL17RB","Peng","pancreatic","myeloid",0.0107899022801303,4912,TRUE
"IL18R1","Peng","pancreatic","myeloid",0.0337947882736156,4912,TRUE
"IL1B","Peng","pancreatic","myeloid",0.165513029315961,4912,TRUE
"IL1R1","Peng","pancreatic","myeloid",0.0875407166123778,4912,TRUE
"IL1R2","Peng","pancreatic","myeloid",0.0971091205211726,4912,TRUE
"IL2RA","Peng","pancreatic","myeloid",0.0445846905537459,4912,TRUE
"IL2RG","Peng","pancreatic","myeloid",0.337133550488599,4912,TRUE
"IL3RA","Peng","pancreatic","myeloid",0.120724755700326,4912,TRUE
"IL4R","Peng","pancreatic","myeloid",0.180985342019544,4912,TRUE
"IL6ST","Peng","pancreatic","myeloid",0.225977198697068,4912,TRUE
"IL7","Peng","pancreatic","myeloid",0.0116042345276873,4912,TRUE
"IL9R","Peng","pancreatic","myeloid",0.00183224755700326,4912,TRUE
"INHBE","Peng","pancreatic","myeloid",NA,4912,TRUE
"IRF9","Peng","pancreatic","myeloid",0.0692182410423453,4912,TRUE
"ITGA4","Peng","pancreatic","myeloid",0.138843648208469,4912,TRUE
"ITGB3","Peng","pancreatic","myeloid",0.00610749185667752,4912,TRUE
"JUN","Peng","pancreatic","myeloid",0.741449511400652,4912,TRUE
"LEPR","Peng","pancreatic","myeloid",0.0329804560260586,4912,TRUE
"LTB","Peng","pancreatic","myeloid",0.279723127035831,4912,TRUE
"LTBR","Peng","pancreatic","myeloid",0.26364006514658,4912,TRUE
"MAP3K8","Peng","pancreatic","myeloid",0.327157980456026,4912,TRUE
"OSMR","Peng","pancreatic","myeloid",0.0388843648208469,4912,TRUE
"PDGFC","Peng","pancreatic","myeloid",0.0834690553745928,4912,TRUE
"PF4","Peng","pancreatic","myeloid",0.00244299674267101,4912,TRUE
"PIK3R5","Peng","pancreatic","myeloid",0.126425081433225,4912,TRUE
"PLA2G2A","Peng","pancreatic","myeloid",0.051099348534202,4912,TRUE
"PTPN1","Peng","pancreatic","myeloid",0.286644951140065,4912,TRUE
"PTPN11","Peng","pancreatic","myeloid",0.113395765472313,4912,TRUE
"PTPN2","Peng","pancreatic","myeloid",0.344055374592834,4912,TRUE
"REG1A","Peng","pancreatic","myeloid",0.552320846905538,4912,TRUE
"SOCS1","Peng","pancreatic","myeloid",0.187296416938111,4912,TRUE
"STAM2","Peng","pancreatic","myeloid",0.0775651465798046,4912,TRUE
"STAT2","Peng","pancreatic","myeloid",0.23900651465798,4912,TRUE
"STAT3","Peng","pancreatic","myeloid",0.365635179153094,4912,TRUE
"TGFB1","Peng","pancreatic","myeloid",0.386197068403909,4912,TRUE
"TLR2","Peng","pancreatic","myeloid",0.4185667752443,4912,TRUE
"TNF","Peng","pancreatic","myeloid",0.0508957654723127,4912,TRUE
"TNFRSF12A","Peng","pancreatic","myeloid",0.251017915309446,4912,TRUE
"TNFRSF1A","Peng","pancreatic","myeloid",0.490228013029316,4912,TRUE
"TNFRSF1B","Peng","pancreatic","myeloid",0.440553745928339,4912,TRUE
"TNFRSF21","Peng","pancreatic","myeloid",0.149837133550489,4912,TRUE
"ABCA1","Peng","pancreatic","myeloid",0.20663680781759,4912,TRUE
"AKAP12","Peng","pancreatic","myeloid",0.0525244299674267,4912,TRUE
"BCL2L1","Peng","pancreatic","myeloid",0.168770358306189,4912,TRUE
"BCL6","Peng","pancreatic","myeloid",0.155741042345277,4912,TRUE
"CCND1","Peng","pancreatic","myeloid",0.157980456026059,4912,TRUE
"CCND3","Peng","pancreatic","myeloid",0.306799674267101,4912,TRUE
"CDK4","Peng","pancreatic","myeloid",0.213762214983713,4912,TRUE
"CDKN1A","Peng","pancreatic","myeloid",0.37235342019544,4912,TRUE
"CDKN1B","Peng","pancreatic","myeloid",0.211726384364821,4912,TRUE
"CFLAR","Peng","pancreatic","myeloid",0.493078175895765,4912,TRUE
"CISH","Peng","pancreatic","myeloid",0.132532573289902,4912,TRUE
"COPS5","Peng","pancreatic","myeloid",0.257125407166124,4912,TRUE
"CXCL8","Peng","pancreatic","myeloid",0.332247557003257,4912,TRUE
"DDIT3","Peng","pancreatic","myeloid",0.191164495114007,4912,TRUE
"DNMT1","Peng","pancreatic","myeloid",0.302524429967427,4912,TRUE
"EPAS1","Peng","pancreatic","myeloid",0.19564332247557,4912,TRUE
"ESR2","Peng","pancreatic","myeloid",0.00162866449511401,4912,TRUE
"ETV6","Peng","pancreatic","myeloid",0.189942996742671,4912,TRUE
"FGG","Peng","pancreatic","myeloid",0.00793973941368078,4912,TRUE
"FGL1","Peng","pancreatic","myeloid",0.00162866449511401,4912,TRUE
"FOS","Peng","pancreatic","myeloid",0.887011400651466,4912,TRUE
"GFAP","Peng","pancreatic","myeloid",0.000407166123778502,4912,TRUE
"GREB1","Peng","pancreatic","myeloid",0.00366449511400651,4912,TRUE
"HSPA4","Peng","pancreatic","myeloid",0.218241042345277,4912,TRUE
"HSPB1","Peng","pancreatic","myeloid",0.815757328990228,4912,TRUE
"ICAM1","Peng","pancreatic","myeloid",0.235545602605863,4912,TRUE
"IKBKE","Peng","pancreatic","myeloid",0.0846905537459283,4912,TRUE
"JAK2","Peng","pancreatic","myeloid",0.109324104234528,4912,TRUE
"JUNB","Peng","pancreatic","myeloid",0.850773615635179,4912,TRUE
"KRT17","Peng","pancreatic","myeloid",0.0944625407166124,4912,TRUE
"LEP","Peng","pancreatic","myeloid",NA,4912,TRUE
"LGALS3BP","Peng","pancreatic","myeloid",0.464372964169381,4912,TRUE
"LTBP1","Peng","pancreatic","myeloid",0.0390879478827362,4912,TRUE
"MCL1","Peng","pancreatic","myeloid",0.812092833876222,4912,TRUE
"MDC1","Peng","pancreatic","myeloid",0.0405130293159609,4912,TRUE
"MMP1","Peng","pancreatic","myeloid",0.0474348534201954,4912,TRUE
"MMP7","Peng","pancreatic","myeloid",0.484324104234528,4912,TRUE
"MUC1","Peng","pancreatic","myeloid",0.31799674267101,4912,TRUE
"NME1","Peng","pancreatic","myeloid",0.441775244299674,4912,TRUE
"OAS1","Peng","pancreatic","myeloid",0.278501628664495,4912,TRUE
"OPRM1","Peng","pancreatic","myeloid",0.000203583061889251,4912,TRUE
"PAX3","Peng","pancreatic","myeloid",0,4912,TRUE
"PHB","Peng","pancreatic","myeloid",0.430985342019544,4912,TRUE
"POU2F1","Peng","pancreatic","myeloid",0.0765472312703583,4912,TRUE
"PPARA","Peng","pancreatic","myeloid",0.0401058631921824,4912,TRUE
"PRDM1","Peng","pancreatic","myeloid",0.149022801302932,4912,TRUE
"PROS1","Peng","pancreatic","myeloid",0.0484527687296417,4912,TRUE
"PSMB5","Peng","pancreatic","myeloid",0.40492671009772,4912,TRUE
"PTGS2","Peng","pancreatic","myeloid",0.0745114006514658,4912,TRUE
"PTPN6","Peng","pancreatic","myeloid",0.504071661237785,4912,TRUE
"ROR1","Peng","pancreatic","myeloid",0.00590390879478827,4912,TRUE
"S100A11","Peng","pancreatic","myeloid",0.996946254071661,4912,TRUE
"S1PR1","Peng","pancreatic","myeloid",0.0572068403908795,4912,TRUE
"SALL4","Peng","pancreatic","myeloid",0.000203583061889251,4912,TRUE
"SHH","Peng","pancreatic","myeloid",0.00366449511400651,4912,TRUE
"STK11","Peng","pancreatic","myeloid",0.0922231270358306,4912,TRUE
"TIMP1","Peng","pancreatic","myeloid",0.930374592833876,4912,TRUE
"TNFRSF10B","Peng","pancreatic","myeloid",0.10321661237785,4912,TRUE
"TP53","Peng","pancreatic","myeloid",0.133550488599349,4912,TRUE
"TP63","Peng","pancreatic","myeloid",0.00101791530944625,4912,TRUE
"VDR","Peng","pancreatic","myeloid",0.108102605863192,4912,TRUE
"VEGFA","Peng","pancreatic","myeloid",0.330415309446254,4912,TRUE
"VEGFB","Peng","pancreatic","myeloid",0.206840390879479,4912,TRUE
"ZFP36","Peng","pancreatic","myeloid",0.883346905537459,4912,TRUE
"A2M","Peng","pancreatic","myeloid",0.532369706840391,4912,TRUE
"HMOX1","Peng","pancreatic","myeloid",0.429763843648208,4912,TRUE
"IFNAR1","Peng","pancreatic","myeloid",0.279723127035831,4912,TRUE
"IRF1","Peng","pancreatic","myeloid",0.212540716612378,4912,TRUE
"MYD88","Peng","pancreatic","myeloid",0.23921009771987,4912,TRUE
"PIM1","Peng","pancreatic","myeloid",0.216205211726384,4912,TRUE
"STAT1","Peng","pancreatic","myeloid",0.45663680781759,4912,TRUE
"TYK2","Peng","pancreatic","myeloid",0.130089576547231,4912,TRUE
"BCL2","Peng","pancreatic","myeloid",0.0944625407166124,4912,FALSE
"MMP9","Peng","pancreatic","myeloid",0.10321661237785,4912,FALSE
"HGF","Peng","pancreatic","myeloid",0.0775651465798046,4912,FALSE
"MYC","Peng","pancreatic","lymphoid",0.176100628930818,5883,TRUE
"IL6","Peng","pancreatic","lymphoid",0.0181879993200748,5883,TRUE
"SOCS3","Peng","pancreatic","lymphoid",0.138194798572157,5883,TRUE
"ACVR1B","Peng","pancreatic","lymphoid",0.0226075131735509,5883,TRUE
"ACVRL1","Peng","pancreatic","lymphoid",0.0159782423933367,5883,TRUE
"BAK1","Peng","pancreatic","lymphoid",0.103688594254632,5883,TRUE
"CBL","Peng","pancreatic","lymphoid",0.0673125956144824,5883,TRUE
"CCL7","Peng","pancreatic","lymphoid",0.00509943906170321,5883,TRUE
"CCR1","Peng","pancreatic","lymphoid",0.0283868774434812,5883,TRUE
"CD14","Peng","pancreatic","lymphoid",0.0809110997790243,5883,TRUE
"CD36","Peng","pancreatic","lymphoid",0.0314465408805031,5883,TRUE
"CD38","Peng","pancreatic","lymphoid",0.186299507054224,5883,TRUE
"CD44","Peng","pancreatic","lymphoid",0.538330783613802,5883,TRUE
"CD9","Peng","pancreatic","lymphoid",0.220295767465579,5883,TRUE
"CNTFR","Peng","pancreatic","lymphoid",0,5883,TRUE
"CRLF2","Peng","pancreatic","lymphoid",NA,5883,TRUE
"CSF1","Peng","pancreatic","lymphoid",0.0348461669216386,5883,TRUE
"CSF2","Peng","pancreatic","lymphoid",0.00441951385347612,5883,TRUE
"CSF2RA","Peng","pancreatic","lymphoid",0.0164881862995071,5883,TRUE
"CSF2RB","Peng","pancreatic","lymphoid",0.0355260921298657,5883,TRUE
"CSF3R","Peng","pancreatic","lymphoid",0.0198878123406425,5883,TRUE
"CXCL1","Peng","pancreatic","lymphoid",0.0564337922828489,5883,TRUE
"CXCL10","Peng","pancreatic","lymphoid",0.014278429372769,5883,TRUE
"CXCL11","Peng","pancreatic","lymphoid",0.00560938296787353,5883,TRUE
"CXCL13","Peng","pancreatic","lymphoid",0.0640829508754037,5883,TRUE
"CXCL3","Peng","pancreatic","lymphoid",0.0523542410334863,5883,TRUE
"CXCL9","Peng","pancreatic","lymphoid",0.00951895291517933,5883,TRUE
"DNTT","Peng","pancreatic","lymphoid",NA,5883,TRUE
"EBI3","Peng","pancreatic","lymphoid",0.0365459799422064,5883,TRUE
"FAS","Peng","pancreatic","lymphoid",0.100968893421724,5883,TRUE
"GRB2","Peng","pancreatic","lymphoid",0.317865034846167,5883,TRUE
"HAX1","Peng","pancreatic","lymphoid",0.336562978072412,5883,TRUE
"IFNGR1","Peng","pancreatic","lymphoid",0.224545300016998,5883,TRUE
"IFNGR2","Peng","pancreatic","lymphoid",0.19598844127146,5883,TRUE
"IL10RB","Peng","pancreatic","lymphoid",0.149753527112018,5883,TRUE
"IL12RB1","Peng","pancreatic","lymphoid",0.110317865034846,5883,TRUE
"IL13RA1","Peng","pancreatic","lymphoid",0.0566037735849057,5883,TRUE
"IL15RA","Peng","pancreatic","lymphoid",0.0423253442121367,5883,TRUE
"IL17RA","Peng","pancreatic","lymphoid",0.0564337922828489,5883,TRUE
"IL17RB","Peng","pancreatic","lymphoid",0.0122386537480877,5883,TRUE
"IL18R1","Peng","pancreatic","lymphoid",0.0469148393676696,5883,TRUE
"IL1B","Peng","pancreatic","lymphoid",0.0164881862995071,5883,TRUE
"IL1R1","Peng","pancreatic","lymphoid",0.0402855685874554,5883,TRUE
"IL1R2","Peng","pancreatic","lymphoid",0.0246472887982322,5883,TRUE
"IL2RA","Peng","pancreatic","lymphoid",0.0780214176440591,5883,TRUE
"IL2RG","Peng","pancreatic","lymphoid",0.567227604963454,5883,TRUE
"IL3RA","Peng","pancreatic","lymphoid",0.0156382797892232,5883,TRUE
"IL4R","Peng","pancreatic","lymphoid",0.154343022267551,5883,TRUE
"IL6ST","Peng","pancreatic","lymphoid",0.158932517423083,5883,TRUE
"IL7","Peng","pancreatic","lymphoid",0.0181879993200748,5883,TRUE
"IL9R","Peng","pancreatic","lymphoid",0.00764915859255482,5883,TRUE
"INHBE","Peng","pancreatic","lymphoid",NA,5883,TRUE
"IRF9","Peng","pancreatic","lymphoid",0.0734319224885263,5883,TRUE
"ITGA4","Peng","pancreatic","lymphoid",0.152133265340813,5883,TRUE
"ITGB3","Peng","pancreatic","lymphoid",0.000849906510283869,5883,TRUE
"JUN","Peng","pancreatic","lymphoid",0.419003909569947,5883,TRUE
"LEPR","Peng","pancreatic","lymphoid",0.00985891551929288,5883,TRUE
"LTB","Peng","pancreatic","lymphoid",0.799082100968893,5883,TRUE
"LTBR","Peng","pancreatic","lymphoid",0.0436851946285909,5883,TRUE
"MAP3K8","Peng","pancreatic","lymphoid",0.0914499405065443,5883,TRUE
"OSMR","Peng","pancreatic","lymphoid",0.0246472887982322,5883,TRUE
"PDGFC","Peng","pancreatic","lymphoid",0.0144484106748258,5883,TRUE
"PF4","Peng","pancreatic","lymphoid",0.00186979432262451,5883,TRUE
"PIK3R5","Peng","pancreatic","lymphoid",0.0379058303586605,5883,TRUE
"PLA2G2A","Peng","pancreatic","lymphoid",0.0309365969743328,5883,TRUE
"PTPN1","Peng","pancreatic","lymphoid",0.198368179500255,5883,TRUE
"PTPN11","Peng","pancreatic","lymphoid",0.0693523712391637,5883,TRUE
"PTPN2","Peng","pancreatic","lymphoid",0.230324664286928,5883,TRUE
"REG1A","Peng","pancreatic","lymphoid",0.430222675505694,5883,TRUE
"SOCS1","Peng","pancreatic","lymphoid",0.294237633860275,5883,TRUE
"STAM2","Peng","pancreatic","lymphoid",0.0348461669216386,5883,TRUE
"STAT2","Peng","pancreatic","lymphoid",0.0967193608703043,5883,TRUE
"STAT3","Peng","pancreatic","lymphoid",0.26925038245793,5883,TRUE
"TGFB1","Peng","pancreatic","lymphoid",0.179500254971953,5883,TRUE
"TLR2","Peng","pancreatic","lymphoid",0.0207377188509264,5883,TRUE
"TNF","Peng","pancreatic","lymphoid",0.0414754377018528,5883,TRUE
"TNFRSF12A","Peng","pancreatic","lymphoid",0.114567397586266,5883,TRUE
"TNFRSF1A","Peng","pancreatic","lymphoid",0.136664966853646,5883,TRUE
"TNFRSF1B","Peng","pancreatic","lymphoid",0.192928777834438,5883,TRUE
"TNFRSF21","Peng","pancreatic","lymphoid",0.0373958864524902,5883,TRUE
"ABCA1","Peng","pancreatic","lymphoid",0.0190379058303587,5883,TRUE
"AKAP12","Peng","pancreatic","lymphoid",0.0317865034846167,5883,TRUE
"BCL2L1","Peng","pancreatic","lymphoid",0.117117117117117,5883,TRUE
"BCL6","Peng","pancreatic","lymphoid",0.084140744518103,5883,TRUE
"CCND1","Peng","pancreatic","lymphoid",0.0763216046234914,5883,TRUE
"CCND3","Peng","pancreatic","lymphoid",0.460139384667687,5883,TRUE
"CDK4","Peng","pancreatic","lymphoid",0.18018018018018,5883,TRUE
"CDKN1A","Peng","pancreatic","lymphoid",0.108788033316335,5883,TRUE
"CDKN1B","Peng","pancreatic","lymphoid",0.205507394186639,5883,TRUE
"CFLAR","Peng","pancreatic","lymphoid",0.427163012068672,5883,TRUE
"CISH","Peng","pancreatic","lymphoid",0.0800611932687404,5883,TRUE
"COPS5","Peng","pancreatic","lymphoid",0.187319394866565,5883,TRUE
"CXCL8","Peng","pancreatic","lymphoid",0.0722420533741288,5883,TRUE
"DDIT3","Peng","pancreatic","lymphoid",0.0970593234744178,5883,TRUE
"DNMT1","Peng","pancreatic","lymphoid",0.224885262621112,5883,TRUE
"EPAS1","Peng","pancreatic","lymphoid",0.121366649668536,5883,TRUE
"ESR2","Peng","pancreatic","lymphoid",0.0159782423933367,5883,TRUE
"ETV6","Peng","pancreatic","lymphoid",0.0554139044705082,5883,TRUE
"FGG","Peng","pancreatic","lymphoid",0.00373958864524902,5883,TRUE
"FGL1","Peng","pancreatic","lymphoid",0.000509943906170321,5883,TRUE
"FOS","Peng","pancreatic","lymphoid",0.391806901240863,5883,TRUE
"GFAP","Peng","pancreatic","lymphoid",0.000509943906170321,5883,TRUE
"GREB1","Peng","pancreatic","lymphoid",0.0039095699473058,5883,TRUE
"HSPA4","Peng","pancreatic","lymphoid",0.188849226585076,5883,TRUE
"HSPB1","Peng","pancreatic","lymphoid",0.549209586945436,5883,TRUE
"ICAM1","Peng","pancreatic","lymphoid",0.0831208567057624,5883,TRUE
"IKBKE","Peng","pancreatic","lymphoid",0.0834608193098759,5883,TRUE
"JAK2","Peng","pancreatic","lymphoid",0.0290668026517083,5883,TRUE
"JUNB","Peng","pancreatic","lymphoid",0.521842597314295,5883,TRUE
"KRT17","Peng","pancreatic","lymphoid",0.0606833248342682,5883,TRUE
"LEP","Peng","pancreatic","lymphoid",NA,5883,TRUE
"LGALS3BP","Peng","pancreatic","lymphoid",0.193268740438552,5883,TRUE
"LTBP1","Peng","pancreatic","lymphoid",0.0363759986401496,5883,TRUE
"MCL1","Peng","pancreatic","lymphoid",0.416964133945266,5883,TRUE
"MDC1","Peng","pancreatic","lymphoid",0.0367159612442631,5883,TRUE
"MMP1","Peng","pancreatic","lymphoid",0.0554139044705082,5883,TRUE
"MMP7","Peng","pancreatic","lymphoid",0.324834268230495,5883,TRUE
"MUC1","Peng","pancreatic","lymphoid",0.232534421213666,5883,TRUE
"NME1","Peng","pancreatic","lymphoid",0.30086690464049,5883,TRUE
"OAS1","Peng","pancreatic","lymphoid",0.121876593574707,5883,TRUE
"OPRM1","Peng","pancreatic","lymphoid",0.00424953255141934,5883,TRUE
"PAX3","Peng","pancreatic","lymphoid",0,5883,TRUE
"PHB","Peng","pancreatic","lymphoid",0.335713071562128,5883,TRUE
"POU2F1","Peng","pancreatic","lymphoid",0.0671426143124256,5883,TRUE
"PPARA","Peng","pancreatic","lymphoid",0.0237973822879483,5883,TRUE
"PRDM1","Peng","pancreatic","lymphoid",0.19496855345912,5883,TRUE
"PROS1","Peng","pancreatic","lymphoid",0.0198878123406425,5883,TRUE
"PSMB5","Peng","pancreatic","lymphoid",0.256161822199558,5883,TRUE
"PTGS2","Peng","pancreatic","lymphoid",0.0144484106748258,5883,TRUE
"PTPN6","Peng","pancreatic","lymphoid",0.36511983681795,5883,TRUE
"ROR1","Peng","pancreatic","lymphoid",0.0032296447390787,5883,TRUE
"S100A11","Peng","pancreatic","lymphoid",0.742988271290158,5883,TRUE
"S1PR1","Peng","pancreatic","lymphoid",0.0662927078021418,5883,TRUE
"SALL4","Peng","pancreatic","lymphoid",0.000679925208227095,5883,TRUE
"SHH","Peng","pancreatic","lymphoid",0.00288968213496515,5883,TRUE
"STK11","Peng","pancreatic","lymphoid",0.045045045045045,5883,TRUE
"TIMP1","Peng","pancreatic","lymphoid",0.593404725480197,5883,TRUE
"TNFRSF10B","Peng","pancreatic","lymphoid",0.057113717491076,5883,TRUE
"TP53","Peng","pancreatic","lymphoid",0.114567397586266,5883,TRUE
"TP63","Peng","pancreatic","lymphoid",0.00237973822879483,5883,TRUE
"VDR","Peng","pancreatic","lymphoid",0.0362060173380928,5883,TRUE
"VEGFA","Peng","pancreatic","lymphoid",0.0567737548869624,5883,TRUE
"VEGFB","Peng","pancreatic","lymphoid",0.0700322964473908,5883,TRUE
"ZFP36","Peng","pancreatic","lymphoid",0.5131735509094,5883,TRUE
"A2M","Peng","pancreatic","lymphoid",0.21655617882033,5883,TRUE
"HMOX1","Peng","pancreatic","lymphoid",0.0460649328573857,5883,TRUE
"IFNAR1","Peng","pancreatic","lymphoid",0.12646608873024,5883,TRUE
"IRF1","Peng","pancreatic","lymphoid",0.251912289648139,5883,TRUE
"MYD88","Peng","pancreatic","lymphoid",0.102328743838178,5883,TRUE
"PIM1","Peng","pancreatic","lymphoid",0.242393336732959,5883,TRUE
"STAT1","Peng","pancreatic","lymphoid",0.197518272989971,5883,TRUE
"TYK2","Peng","pancreatic","lymphoid",0.0776814550399456,5883,TRUE
"BCL2","Peng","pancreatic","lymphoid",0.118986911439742,5883,FALSE
"MMP9","Peng","pancreatic","lymphoid",0.0275369709331973,5883,FALSE
"HGF","Peng","pancreatic","lymphoid",0.00696923338432772,5883,FALSE
"MYC","Peng","pancreatic","endothelial",0.546718903036239,5105,TRUE
"IL6","Peng","pancreatic","endothelial",0.12869735553379,5105,TRUE
"SOCS3","Peng","pancreatic","endothelial",0.846229187071499,5105,TRUE
"ACVR1B","Peng","pancreatic","endothelial",0.111851126346719,5105,TRUE
"ACVRL1","Peng","pancreatic","endothelial",0.579627815866797,5105,TRUE
"BAK1","Peng","pancreatic","endothelial",0.111655239960823,5105,TRUE
"CBL","Peng","pancreatic","endothelial",0.188638589618022,5105,TRUE
"CCL7","Peng","pancreatic","endothelial",0.00940254652301665,5105,TRUE
"CCR1","Peng","pancreatic","endothelial",0.0131243878550441,5105,TRUE
"CD14","Peng","pancreatic","endothelial",0.209794319294809,5105,TRUE
"CD36","Peng","pancreatic","endothelial",0.452889324191969,5105,TRUE
"CD38","Peng","pancreatic","endothelial",0.0186092066601371,5105,TRUE
"CD44","Peng","pancreatic","endothelial",0.260137120470127,5105,TRUE
"CD9","Peng","pancreatic","endothelial",0.8564152791381,5105,TRUE
"CNTFR","Peng","pancreatic","endothelial",0.000979431929480901,5105,TRUE
"CRLF2","Peng","pancreatic","endothelial",NA,5105,TRUE
"CSF1","Peng","pancreatic","endothelial",0.171596474045054,5105,TRUE
"CSF2","Peng","pancreatic","endothelial",0.0029382957884427,5105,TRUE
"CSF2RA","Peng","pancreatic","endothelial",0.0242899118511263,5105,TRUE
"CSF2RB","Peng","pancreatic","endothelial",0.219000979431929,5105,TRUE
"CSF3R","Peng","pancreatic","endothelial",0.0291870714985309,5105,TRUE
"CXCL1","Peng","pancreatic","endothelial",0.0940254652301665,5105,TRUE
"CXCL10","Peng","pancreatic","endothelial",0.035847208619001,5105,TRUE
"CXCL11","Peng","pancreatic","endothelial",0.0240940254652302,5105,TRUE
"CXCL13","Peng","pancreatic","endothelial",0.0816846229187072,5105,TRUE
"CXCL3","Peng","pancreatic","endothelial",0.107737512242899,5105,TRUE
"CXCL9","Peng","pancreatic","endothelial",0.0254652301665034,5105,TRUE
"DNTT","Peng","pancreatic","endothelial",NA,5105,TRUE
"EBI3","Peng","pancreatic","endothelial",0.00470127326150833,5105,TRUE
"FAS","Peng","pancreatic","endothelial",0.0481880509304603,5105,TRUE
"GRB2","Peng","pancreatic","endothelial",0.333986287952987,5105,TRUE
"HAX1","Peng","pancreatic","endothelial",0.425269343780607,5105,TRUE
"IFNGR1","Peng","pancreatic","endothelial",0.660920666013712,5105,TRUE
"IFNGR2","Peng","pancreatic","endothelial",0.384916748285994,5105,TRUE
"IL10RB","Peng","pancreatic","endothelial",0.265426052889324,5105,TRUE
"IL12RB1","Peng","pancreatic","endothelial",0.00783545543584721,5105,TRUE
"IL13RA1","Peng","pancreatic","endothelial",0.365719882468168,5105,TRUE
"IL15RA","Peng","pancreatic","endothelial",0.252693437806072,5105,TRUE
"IL17RA","Peng","pancreatic","endothelial",0.197061704211557,5105,TRUE
"IL17RB","Peng","pancreatic","endothelial",0.00959843290891283,5105,TRUE
"IL18R1","Peng","pancreatic","endothelial",0.0352595494613124,5105,TRUE
"IL1B","Peng","pancreatic","endothelial",0.0235063663075416,5105,TRUE
"IL1R1","Peng","pancreatic","endothelial",0.361998041136141,5105,TRUE
"IL1R2","Peng","pancreatic","endothelial",0.0219392752203722,5105,TRUE
"IL2RA","Peng","pancreatic","endothelial",0.0109696376101861,5105,TRUE
"IL2RG","Peng","pancreatic","endothelial",0.13692458374143,5105,TRUE
"IL3RA","Peng","pancreatic","endothelial",0.610969637610186,5105,TRUE
"IL4R","Peng","pancreatic","endothelial",0.385308521057786,5105,TRUE
"IL6ST","Peng","pancreatic","endothelial",0.839177277179236,5105,TRUE
"IL7","Peng","pancreatic","endothelial",0.0144955925563173,5105,TRUE
"IL9R","Peng","pancreatic","endothelial",0.00117531831537708,5105,TRUE
"INHBE","Peng","pancreatic","endothelial",NA,5105,TRUE
"IRF9","Peng","pancreatic","endothelial",0.145739471106758,5105,TRUE
"ITGA4","Peng","pancreatic","endothelial",0.021743388834476,5105,TRUE
"ITGB3","Peng","pancreatic","endothelial",0.0305582761998041,5105,TRUE
"JUN","Peng","pancreatic","endothelial",0.772771792360431,5105,TRUE
"LEPR","Peng","pancreatic","endothelial",0.318315377081293,5105,TRUE
"LTB","Peng","pancreatic","endothelial",0.20666013712047,5105,TRUE
"LTBR","Peng","pancreatic","endothelial",0.42664054848188,5105,TRUE
"MAP3K8","Peng","pancreatic","endothelial",0.244857982370225,5105,TRUE
"OSMR","Peng","pancreatic","endothelial",0.420763956904995,5105,TRUE
"PDGFC","Peng","pancreatic","endothelial",0.0317335945151812,5105,TRUE
"PF4","Peng","pancreatic","endothelial",0.00646425073457395,5105,TRUE
"PIK3R5","Peng","pancreatic","endothelial",0.0197845249755142,5105,TRUE
"PLA2G2A","Peng","pancreatic","endothelial",0.0787463271302644,5105,TRUE
"PTPN1","Peng","pancreatic","endothelial",0.286385896180215,5105,TRUE
"PTPN11","Peng","pancreatic","endothelial",0.290695396669931,5105,TRUE
"PTPN2","Peng","pancreatic","endothelial",0.221939275220372,5105,TRUE
"REG1A","Peng","pancreatic","endothelial",0.643486777668952,5105,TRUE
"SOCS1","Peng","pancreatic","endothelial",0.0973555337904016,5105,TRUE
"STAM2","Peng","pancreatic","endothelial",0.116552399608227,5105,TRUE
"STAT2","Peng","pancreatic","endothelial",0.23232125367287,5105,TRUE
"STAT3","Peng","pancreatic","endothelial",0.744955925563173,5105,TRUE
"TGFB1","Peng","pancreatic","endothelial",0.390009794319295,5105,TRUE
"TLR2","Peng","pancreatic","endothelial",0.0364348677766895,5105,TRUE
"TNF","Peng","pancreatic","endothelial",0.00744368266405485,5105,TRUE
"TNFRSF12A","Peng","pancreatic","endothelial",0.283839373163565,5105,TRUE
"TNFRSF1A","Peng","pancreatic","endothelial",0.793535749265426,5105,TRUE
"TNFRSF1B","Peng","pancreatic","endothelial",0.413124387855044,5105,TRUE
"TNFRSF21","Peng","pancreatic","endothelial",0.0832517140058766,5105,TRUE
"ABCA1","Peng","pancreatic","endothelial",0.0930460333006856,5105,TRUE
"AKAP12","Peng","pancreatic","endothelial",0.282664054848188,5105,TRUE
"BCL2L1","Peng","pancreatic","endothelial",0.324779627815867,5105,TRUE
"BCL6","Peng","pancreatic","endothelial",0.145347698334966,5105,TRUE
"CCND1","Peng","pancreatic","endothelial",0.270714985308521,5105,TRUE
"CCND3","Peng","pancreatic","endothelial",0.490107737512243,5105,TRUE
"CDK4","Peng","pancreatic","endothelial",0.339079333986288,5105,TRUE
"CDKN1A","Peng","pancreatic","endothelial",0.602742409402547,5105,TRUE
"CDKN1B","Peng","pancreatic","endothelial",0.328893241919687,5105,TRUE
"CFLAR","Peng","pancreatic","endothelial",0.732223310479922,5105,TRUE
"CISH","Peng","pancreatic","endothelial",0.0540646425073457,5105,TRUE
"COPS5","Peng","pancreatic","endothelial",0.343192948090108,5105,TRUE
"CXCL8","Peng","pancreatic","endothelial",0.114985308521058,5105,TRUE
"DDIT3","Peng","pancreatic","endothelial",0.15690499510284,5105,TRUE
"DNMT1","Peng","pancreatic","endothelial",0.326542605288932,5105,TRUE
"EPAS1","Peng","pancreatic","endothelial",0.959059745347698,5105,TRUE
"ESR2","Peng","pancreatic","endothelial",0.0129285014691479,5105,TRUE
"ETV6","Peng","pancreatic","endothelial",0.251714005876592,5105,TRUE
"FGG","Peng","pancreatic","endothelial",0.00470127326150833,5105,TRUE
"FGL1","Peng","pancreatic","endothelial",0.00470127326150833,5105,TRUE
"FOS","Peng","pancreatic","endothelial",0.792164544564153,5105,TRUE
"GFAP","Peng","pancreatic","endothelial",0.00176297747306562,5105,TRUE
"GREB1","Peng","pancreatic","endothelial",0.00411361410381978,5105,TRUE
"HSPA4","Peng","pancreatic","endothelial",0.253476983349657,5105,TRUE
"HSPB1","Peng","pancreatic","endothelial",0.968658178256611,5105,TRUE
"ICAM1","Peng","pancreatic","endothelial",0.413907933398629,5105,TRUE
"IKBKE","Peng","pancreatic","endothelial",0.0258570029382958,5105,TRUE
"JAK2","Peng","pancreatic","endothelial",0.069539666993144,5105,TRUE
"JUNB","Peng","pancreatic","endothelial",0.932223310479922,5105,TRUE
"KRT17","Peng","pancreatic","endothelial",0.105190989226249,5105,TRUE
"LEP","Peng","pancreatic","endothelial",NA,5105,TRUE
"LGALS3BP","Peng","pancreatic","endothelial",0.272673849167483,5105,TRUE
"LTBP1","Peng","pancreatic","endothelial",0.227815866797258,5105,TRUE
"MCL1","Peng","pancreatic","endothelial",0.801762977473066,5105,TRUE
"MDC1","Peng","pancreatic","endothelial",0.0801175318315377,5105,TRUE
"MMP1","Peng","pancreatic","endothelial",0.0333006856023506,5105,TRUE
"MMP7","Peng","pancreatic","endothelial",0.536532810969638,5105,TRUE
"MUC1","Peng","pancreatic","endothelial",0.366111655239961,5105,TRUE
"NME1","Peng","pancreatic","endothelial",0.442115572967679,5105,TRUE
"OAS1","Peng","pancreatic","endothelial",0.147306562193928,5105,TRUE
"OPRM1","Peng","pancreatic","endothelial",0.00019588638589618,5105,TRUE
"PAX3","Peng","pancreatic","endothelial",0,5105,TRUE
"PHB","Peng","pancreatic","endothelial",0.476787463271303,5105,TRUE
"POU2F1","Peng","pancreatic","endothelial",0.126934378060725,5105,TRUE
"PPARA","Peng","pancreatic","endothelial",0.0732615083251714,5105,TRUE
"PRDM1","Peng","pancreatic","endothelial",0.296376101860921,5105,TRUE
"PROS1","Peng","pancreatic","endothelial",0.478354554358472,5105,TRUE
"PSMB5","Peng","pancreatic","endothelial",0.719882468168462,5105,TRUE
"PTGS2","Peng","pancreatic","endothelial",0.0611165523996082,5105,TRUE
"PTPN6","Peng","pancreatic","endothelial",0.15435847208619,5105,TRUE
"ROR1","Peng","pancreatic","endothelial",0.00881488736532811,5105,TRUE
"S100A11","Peng","pancreatic","endothelial",0.989422135161606,5105,TRUE
"S1PR1","Peng","pancreatic","endothelial",0.834084231145935,5105,TRUE
"SALL4","Peng","pancreatic","endothelial",0.000979431929480901,5105,TRUE
"SHH","Peng","pancreatic","endothelial",0.00666013712047013,5105,TRUE
"STK11","Peng","pancreatic","endothelial",0.168854064642507,5105,TRUE
"TIMP1","Peng","pancreatic","endothelial",0.969049951028404,5105,TRUE
"TNFRSF10B","Peng","pancreatic","endothelial",0.272086190009794,5105,TRUE
"TP53","Peng","pancreatic","endothelial",0.255239960822723,5105,TRUE
"TP63","Peng","pancreatic","endothelial",0.00156709108716944,5105,TRUE
"VDR","Peng","pancreatic","endothelial",0.0164544564152791,5105,TRUE
"VEGFA","Peng","pancreatic","endothelial",0.123016650342801,5105,TRUE
"VEGFB","Peng","pancreatic","endothelial",0.149069539666993,5105,TRUE
"ZFP36","Peng","pancreatic","endothelial",0.929872673849167,5105,TRUE
"A2M","Peng","pancreatic","endothelial",0.99333986287953,5105,TRUE
"HMOX1","Peng","pancreatic","endothelial",0.0660137120470127,5105,TRUE
"IFNAR1","Peng","pancreatic","endothelial",0.380607247796278,5105,TRUE
"IRF1","Peng","pancreatic","endothelial",0.274828599412341,5105,TRUE
"MYD88","Peng","pancreatic","endothelial",0.205680705190989,5105,TRUE
"PIM1","Peng","pancreatic","endothelial",0.226444662095984,5105,TRUE
"STAT1","Peng","pancreatic","endothelial",0.342213516160627,5105,TRUE
"TYK2","Peng","pancreatic","endothelial",0.165719882468168,5105,TRUE
"BCL2","Peng","pancreatic","endothelial",0.0407443682664055,5105,FALSE
"MMP9","Peng","pancreatic","endothelial",0.0244857982370225,5105,FALSE
"HGF","Peng","pancreatic","endothelial",0.0270323212536729,5105,FALSE
"MYC","Peng","pancreatic","other",0.0416666666666667,48,TRUE
"IL6","Peng","pancreatic","other",0.0416666666666667,48,TRUE
"SOCS3","Peng","pancreatic","other",0.0208333333333333,48,TRUE
"ACVR1B","Peng","pancreatic","other",0.0833333333333333,48,TRUE
"ACVRL1","Peng","pancreatic","other",0.0208333333333333,48,TRUE
"BAK1","Peng","pancreatic","other",0.0416666666666667,48,TRUE
"CBL","Peng","pancreatic","other",0.0208333333333333,48,TRUE
"CCL7","Peng","pancreatic","other",0,48,TRUE
"CCR1","Peng","pancreatic","other",0,48,TRUE
"CD14","Peng","pancreatic","other",0.0833333333333333,48,TRUE
"CD36","Peng","pancreatic","other",0.0416666666666667,48,TRUE
"CD38","Peng","pancreatic","other",0.229166666666667,48,TRUE
"CD44","Peng","pancreatic","other",0.854166666666667,48,TRUE
"CD9","Peng","pancreatic","other",0.9375,48,TRUE
"CNTFR","Peng","pancreatic","other",0,48,TRUE
"CRLF2","Peng","pancreatic","other",NA,48,TRUE
"CSF1","Peng","pancreatic","other",0.1875,48,TRUE
"CSF2","Peng","pancreatic","other",0,48,TRUE
"CSF2RA","Peng","pancreatic","other",0,48,TRUE
"CSF2RB","Peng","pancreatic","other",0.25,48,TRUE
"CSF3R","Peng","pancreatic","other",0,48,TRUE
"CXCL1","Peng","pancreatic","other",0,48,TRUE
"CXCL10","Peng","pancreatic","other",0.0208333333333333,48,TRUE
"CXCL11","Peng","pancreatic","other",0,48,TRUE
"CXCL13","Peng","pancreatic","other",0.0208333333333333,48,TRUE
"CXCL3","Peng","pancreatic","other",0,48,TRUE
"CXCL9","Peng","pancreatic","other",0,48,TRUE
"DNTT","Peng","pancreatic","other",NA,48,TRUE
"EBI3","Peng","pancreatic","other",0,48,TRUE
"FAS","Peng","pancreatic","other",0,48,TRUE
"GRB2","Peng","pancreatic","other",0.208333333333333,48,TRUE
"HAX1","Peng","pancreatic","other",0.375,48,TRUE
"IFNGR1","Peng","pancreatic","other",0.270833333333333,48,TRUE
"IFNGR2","Peng","pancreatic","other",0.3125,48,TRUE
"IL10RB","Peng","pancreatic","other",0.166666666666667,48,TRUE
"IL12RB1","Peng","pancreatic","other",0.0208333333333333,48,TRUE
"IL13RA1","Peng","pancreatic","other",0,48,TRUE
"IL15RA","Peng","pancreatic","other",0,48,TRUE
"IL17RA","Peng","pancreatic","other",0.0208333333333333,48,TRUE
"IL17RB","Peng","pancreatic","other",0.166666666666667,48,TRUE
"IL18R1","Peng","pancreatic","other",0.145833333333333,48,TRUE
"IL1B","Peng","pancreatic","other",0.0208333333333333,48,TRUE
"IL1R1","Peng","pancreatic","other",0.0416666666666667,48,TRUE
"IL1R2","Peng","pancreatic","other",0,48,TRUE
"IL2RA","Peng","pancreatic","other",0,48,TRUE
"IL2RG","Peng","pancreatic","other",0.208333333333333,48,TRUE
"IL3RA","Peng","pancreatic","other",0.0416666666666667,48,TRUE
"IL4R","Peng","pancreatic","other",0.25,48,TRUE
"IL6ST","Peng","pancreatic","other",0.104166666666667,48,TRUE
"IL7","Peng","pancreatic","other",0,48,TRUE
"IL9R","Peng","pancreatic","other",0.0416666666666667,48,TRUE
"INHBE","Peng","pancreatic","other",NA,48,TRUE
"IRF9","Peng","pancreatic","other",0.0208333333333333,48,TRUE
"ITGA4","Peng","pancreatic","other",0.0416666666666667,48,TRUE
"ITGB3","Peng","pancreatic","other",0,48,TRUE
"JUN","Peng","pancreatic","other",0.416666666666667,48,TRUE
"LEPR","Peng","pancreatic","other",0,48,TRUE
"LTB","Peng","pancreatic","other",0.125,48,TRUE
"LTBR","Peng","pancreatic","other",0.0625,48,TRUE
"MAP3K8","Peng","pancreatic","other",0.0833333333333333,48,TRUE
"OSMR","Peng","pancreatic","other",0.0208333333333333,48,TRUE
"PDGFC","Peng","pancreatic","other",0.0625,48,TRUE
"PF4","Peng","pancreatic","other",0,48,TRUE
"PIK3R5","Peng","pancreatic","other",0,48,TRUE
"PLA2G2A","Peng","pancreatic","other",0.0208333333333333,48,TRUE
"PTPN1","Peng","pancreatic","other",0.145833333333333,48,TRUE
"PTPN11","Peng","pancreatic","other",0.0625,48,TRUE
"PTPN2","Peng","pancreatic","other",0.0833333333333333,48,TRUE
"REG1A","Peng","pancreatic","other",0.270833333333333,48,TRUE
"SOCS1","Peng","pancreatic","other",0.75,48,TRUE
"STAM2","Peng","pancreatic","other",0.0833333333333333,48,TRUE
"STAT2","Peng","pancreatic","other",0.0208333333333333,48,TRUE
"STAT3","Peng","pancreatic","other",0.25,48,TRUE
"TGFB1","Peng","pancreatic","other",0.166666666666667,48,TRUE
"TLR2","Peng","pancreatic","other",0,48,TRUE
"TNF","Peng","pancreatic","other",0,48,TRUE
"TNFRSF12A","Peng","pancreatic","other",0.208333333333333,48,TRUE
"TNFRSF1A","Peng","pancreatic","other",0.0833333333333333,48,TRUE
"TNFRSF1B","Peng","pancreatic","other",0.0208333333333333,48,TRUE
"TNFRSF21","Peng","pancreatic","other",0.0625,48,TRUE
"ABCA1","Peng","pancreatic","other",0.25,48,TRUE
"AKAP12","Peng","pancreatic","other",0.0833333333333333,48,TRUE
"BCL2L1","Peng","pancreatic","other",0.125,48,TRUE
"BCL6","Peng","pancreatic","other",0.0833333333333333,48,TRUE
"CCND1","Peng","pancreatic","other",0.145833333333333,48,TRUE
"CCND3","Peng","pancreatic","other",0.208333333333333,48,TRUE
"CDK4","Peng","pancreatic","other",0.145833333333333,48,TRUE
"CDKN1A","Peng","pancreatic","other",0.166666666666667,48,TRUE
"CDKN1B","Peng","pancreatic","other",0.145833333333333,48,TRUE
"CFLAR","Peng","pancreatic","other",0.291666666666667,48,TRUE
"CISH","Peng","pancreatic","other",0,48,TRUE
"COPS5","Peng","pancreatic","other",0.291666666666667,48,TRUE
"CXCL8","Peng","pancreatic","other",0.104166666666667,48,TRUE
"DDIT3","Peng","pancreatic","other",0.291666666666667,48,TRUE
"DNMT1","Peng","pancreatic","other",0.125,48,TRUE
"EPAS1","Peng","pancreatic","other",0.25,48,TRUE
"ESR2","Peng","pancreatic","other",0,48,TRUE
"ETV6","Peng","pancreatic","other",0.0416666666666667,48,TRUE
"FGG","Peng","pancreatic","other",0,48,TRUE
"FGL1","Peng","pancreatic","other",0,48,TRUE
"FOS","Peng","pancreatic","other",0.520833333333333,48,TRUE
"GFAP","Peng","pancreatic","other",0,48,TRUE
"GREB1","Peng","pancreatic","other",0,48,TRUE
"HSPA4","Peng","pancreatic","other",0.0833333333333333,48,TRUE
"HSPB1","Peng","pancreatic","other",0.770833333333333,48,TRUE
"ICAM1","Peng","pancreatic","other",0.125,48,TRUE
"IKBKE","Peng","pancreatic","other",0.0416666666666667,48,TRUE
"JAK2","Peng","pancreatic","other",0,48,TRUE
"JUNB","Peng","pancreatic","other",0.875,48,TRUE
"KRT17","Peng","pancreatic","other",0.0416666666666667,48,TRUE
"LEP","Peng","pancreatic","other",NA,48,TRUE
"LGALS3BP","Peng","pancreatic","other",0.125,48,TRUE
"LTBP1","Peng","pancreatic","other",0.0416666666666667,48,TRUE
"MCL1","Peng","pancreatic","other",0.520833333333333,48,TRUE
"MDC1","Peng","pancreatic","other",0.0833333333333333,48,TRUE
"MMP1","Peng","pancreatic","other",0,48,TRUE
"MMP7","Peng","pancreatic","other",0.166666666666667,48,TRUE
"MUC1","Peng","pancreatic","other",0.25,48,TRUE
"NME1","Peng","pancreatic","other",0.270833333333333,48,TRUE
"OAS1","Peng","pancreatic","other",0.0208333333333333,48,TRUE
"OPRM1","Peng","pancreatic","other",0,48,TRUE
"PAX3","Peng","pancreatic","other",0,48,TRUE
"PHB","Peng","pancreatic","other",0.333333333333333,48,TRUE
"POU2F1","Peng","pancreatic","other",0.0208333333333333,48,TRUE
"PPARA","Peng","pancreatic","other",0.0416666666666667,48,TRUE
"PRDM1","Peng","pancreatic","other",0.0625,48,TRUE
"PROS1","Peng","pancreatic","other",0.104166666666667,48,TRUE
"PSMB5","Peng","pancreatic","other",0.3125,48,TRUE
"PTGS2","Peng","pancreatic","other",0.104166666666667,48,TRUE
"PTPN6","Peng","pancreatic","other",0.4375,48,TRUE
"ROR1","Peng","pancreatic","other",0,48,TRUE
"S100A11","Peng","pancreatic","other",0.916666666666667,48,TRUE
"S1PR1","Peng","pancreatic","other",0.0625,48,TRUE
"SALL4","Peng","pancreatic","other",0,48,TRUE
"SHH","Peng","pancreatic","other",0,48,TRUE
"STK11","Peng","pancreatic","other",0.0833333333333333,48,TRUE
"TIMP1","Peng","pancreatic","other",0.958333333333333,48,TRUE
"TNFRSF10B","Peng","pancreatic","other",0.0625,48,TRUE
"TP53","Peng","pancreatic","other",0.0416666666666667,48,TRUE
"TP63","Peng","pancreatic","other",0,48,TRUE
"VDR","Peng","pancreatic","other",0,48,TRUE
"VEGFA","Peng","pancreatic","other",0.125,48,TRUE
"VEGFB","Peng","pancreatic","other",0.166666666666667,48,TRUE
"ZFP36","Peng","pancreatic","other",0.895833333333333,48,TRUE
"A2M","Peng","pancreatic","other",0.166666666666667,48,TRUE
"HMOX1","Peng","pancreatic","other",0,48,TRUE
"IFNAR1","Peng","pancreatic","other",0.104166666666667,48,TRUE
"IRF1","Peng","pancreatic","other",0.166666666666667,48,TRUE
"MYD88","Peng","pancreatic","other",0.104166666666667,48,TRUE
"PIM1","Peng","pancreatic","other",0.0833333333333333,48,TRUE
"STAT1","Peng","pancreatic","other",0.145833333333333,48,TRUE
"TYK2","Peng","pancreatic","other",0,48,TRUE
"BCL2","Peng","pancreatic","other",0.0208333333333333,48,FALSE
"MMP9","Peng","pancreatic","other",0.0625,48,FALSE
"HGF","Peng","pancreatic","other",0,48,FALSE
