"cohort","patient","score_140","stat3_mrna","rppa_total_STAT3","rppa_pY705","label"
"TCGA-COAD","TCGA-3L-AA1B",-0.0198913801265633,5.67323415595601,-0.104323390810045,0.12697,"EXPLORATORY_POSTHOC"
"TCGA-COAD","TCGA-4N-A93T",-1.49556715569335,5.15080741543145,-0.0233449337647819,-0.028389,"EXPLORATORY_POSTHOC"
"TCGA-COAD","TCGA-4T-AA8H",-2.06912702551351,5.4839737396933,-0.00559303142420427,-0.21851,"EXPLORATORY_POSTHOC"
"TCGA-COAD","TCGA-5M-AAT6",1.09039998136967,5.90796980864225,-0.138331232862913,0.21664,"EXPLORATORY_POSTHOC"
"TCGA-COAD","TCGA-A6-2671",-0.0620649925114624,5.86278611328787,-0.757017633236681,0.46476,"EXPLORATORY_POSTHOC"
"TCGA-COAD","TCGA-A6-2672",1.57319084891243,6.24113849104758,-0.395221517961138,0.00018188,"EXPLORATORY_POSTHOC"
"TCGA-COAD","TCGA-A6-2676",0.897503484764086,6.03460750740542,NA,-0.35044,"EXPLORATORY_POSTHOC"
"TCGA-COAD","TCGA-A6-2677",-0.414551142800584,6.34660237529899,-0.338707411552978,0.14418,"EXPLORATORY_POSTHOC"
"TCGA-COAD","TCGA-A6-2678",0.816217489863889,6.64483688900257,-0.308833173558916,0.088949,"EXPLORATORY_POSTHOC"
"TCGA-COAD","TCGA-A6-2680",-0.0030863142232573,5.73230990702648,-0.763047775607258,-0.024981,"EXPLORATORY_POSTHOC"
"TCGA-COAD","TCGA-A6-2681",0.411595426028862,5.87003915166257,-1.20013346823603,-0.038148,"EXPLORATORY_POSTHOC"
"TCGA-COAD","TCGA-A6-2683",-2.46712657293294,5.35854043985515,-0.256576809398704,-0.17424,"EXPLORATORY_POSTHOC"
"TCGA-COAD","TCGA-A6-2684",0.126897544609846,5.37748819534381,-1.54175824613456,0.25089,"EXPLORATORY_POSTHOC"
"TCGA-COAD","TCGA-A6-2685",0.693893766100973,5.7297811473704,-0.518416229299317,0.2837,"EXPLORATORY_POSTHOC"
"TCGA-COAD","TCGA-A6-2686",0.419581792746876,6.24545953414399,0.179933605012095,-0.14433,"EXPLORATORY_POSTHOC"
"TCGA-COAD","TCGA-A6-3807",0.222863137749884,5.78824197711818,-1.29645535558826,0.10934,"EXPLORATORY_POSTHOC"
"TCGA-COAD","TCGA-A6-3808",1.2180879225306,6.12967249202924,-0.868713022907486,0.36236,"EXPLORATORY_POSTHOC"
"TCGA-COAD","TCGA-A6-3809",1.34973598824967,6.10061819028473,-0.543472234909639,0.13584,"EXPLORATORY_POSTHOC"
"TCGA-COAD","TCGA-A6-3810",0.23428750473949,5.65870562829818,-0.87819292864534,0.28655,"EXPLORATORY_POSTHOC"
"TCGA-COAD","TCGA-A6-5656",-1.48362507002216,5.18794585632353,-0.583354136245256,1.2593,"EXPLORATORY_POSTHOC"
"TCGA-COAD","TCGA-A6-5657",1.42202505281904,5.9892253121097,-0.987039834755678,0.32279,"EXPLORATORY_POSTHOC"
"TCGA-COAD","TCGA-A6-5659",-0.298230632983643,6.03399335903235,-0.657393925879614,-0.2943,"EXPLORATORY_POSTHOC"
"TCGA-COAD","TCGA-A6-5660",0.0517875923457725,6.17291349249465,-1.17249735033899,0.27589,"EXPLORATORY_POSTHOC"
"TCGA-COAD","TCGA-A6-5661",0.776432396215941,6.18531353835281,-0.686871694491023,0.28318,"EXPLORATORY_POSTHOC"
"TCGA-COAD","TCGA-A6-5662",-0.167776154385106,5.85109937011867,-0.887138043916916,0.76876,"EXPLORATORY_POSTHOC"
"TCGA-COAD","TCGA-A6-5664",1.47324260709633,6.41828947562511,-0.379843127191705,0.3663,"EXPLORATORY_POSTHOC"
"TCGA-COAD","TCGA-A6-5665",0.0100419890645704,6.11906146527176,0.0521584471547131,-0.13068,"EXPLORATORY_POSTHOC"
"TCGA-COAD","TCGA-A6-5666",-0.862702963334589,5.49234993905909,-0.632345184572867,0.21819,"EXPLORATORY_POSTHOC"
"TCGA-COAD","TCGA-A6-5667",0.409885436238409,5.92706443665855,-0.633602716202232,-0.039647,"EXPLORATORY_POSTHOC"
"TCGA-COAD","TCGA-A6-6137",1.08659158452088,7.11480010164193,0.163256826014507,0.23824,"EXPLORATORY_POSTHOC"
"TCGA-COAD","TCGA-A6-6138",1.6623437707706,6.54439574050404,0.0223462326420785,0.033922,"EXPLORATORY_POSTHOC"
"TCGA-COAD","TCGA-A6-6140",0.593035545563317,6.42353111119617,-0.281880662369805,0.42187,"EXPLORATORY_POSTHOC"
"TCGA-COAD","TCGA-A6-6141",-0.616571953500939,6.1370505611661,0.136862259743319,-0.096391,"EXPLORATORY_POSTHOC"
"TCGA-COAD","TCGA-A6-6142",1.18853286354097,6.42121993237164,-0.391714894546148,0.47994,"EXPLORATORY_POSTHOC"
"TCGA-COAD","TCGA-A6-6648",0.325604012984319,6.39968551774294,-0.572788365066171,0.31676,"EXPLORATORY_POSTHOC"
"TCGA-COAD","TCGA-A6-6649",1.26303430669144,6.1387039039081,-0.286235209774947,-0.032198,"EXPLORATORY_POSTHOC"
"TCGA-COAD","TCGA-A6-6650",-0.280667949952388,6.0800201616745,-0.474280981045643,-0.19788,"EXPLORATORY_POSTHOC"
"TCGA-COAD","TCGA-A6-6651",0.898796985986008,6.36541609213506,-0.711528363561834,1.3297,"EXPLORATORY_POSTHOC"
"TCGA-COAD","TCGA-A6-6652",-0.378064682193649,6.79510195812282,NA,0.13619,"EXPLORATORY_POSTHOC"
"TCGA-COAD","TCGA-A6-6653",0.772129372513335,7.06875785981055,0.430506521498399,0.37961,"EXPLORATORY_POSTHOC"
"TCGA-COAD","TCGA-A6-6654",2.08394274849906,6.47407743412947,0.44991074981306,0.082139,"EXPLORATORY_POSTHOC"
"TCGA-COAD","TCGA-A6-6780",0.432654476443052,5.99275710303098,-1.04958134671065,-0.11015,"EXPLORATORY_POSTHOC"
"TCGA-COAD","TCGA-A6-6781",1.7463193668926,6.46660428208307,-2.18190714518858,-0.26213,"EXPLORATORY_POSTHOC"
"TCGA-COAD","TCGA-A6-6782",-0.408359577801421,5.3969027076132,-1.0385682036073,1.0067,"EXPLORATORY_POSTHOC"
"TCGA-COAD","TCGA-A6-A566",1.40959639847448,5.94941353609389,-0.860185266566462,0.18245,"EXPLORATORY_POSTHOC"
"TCGA-COAD","TCGA-AA-3489",1.38113135644882,6.38380622780382,-0.57284353223494,-0.12814,"EXPLORATORY_POSTHOC"
"TCGA-COAD","TCGA-AA-3492",0.0500558608874799,6.24992691756267,-0.165553053455052,0.028972,"EXPLORATORY_POSTHOC"
"TCGA-COAD","TCGA-AA-3496",0.402767036108014,6.73741230961916,NA,0.2269,"EXPLORATORY_POSTHOC"
"TCGA-COAD","TCGA-AA-3502",-0.813823927642879,6.07853298454724,NA,0.67434,"EXPLORATORY_POSTHOC"
"TCGA-COAD","TCGA-AA-3506",0.300607793706631,6.35870042529137,-0.258666001105035,0.04499,"EXPLORATORY_POSTHOC"
"TCGA-COAD","TCGA-AA-3510",-0.325704744688387,5.83398806925249,-0.250197374511036,0.070986,"EXPLORATORY_POSTHOC"
"TCGA-COAD","TCGA-AA-3511",-0.473032709051209,5.85805561535504,-0.804562643733066,0.0031212,"EXPLORATORY_POSTHOC"
"TCGA-COAD","TCGA-AA-3514",-1.46696887133722,5.12093248507061,-0.861214637043424,0.31529,"EXPLORATORY_POSTHOC"
"TCGA-COAD","TCGA-AA-3517",-0.0792571445948106,5.6326579232137,-0.793638290050483,0.20846,"EXPLORATORY_POSTHOC"
"TCGA-COAD","TCGA-AA-3519",-0.838284028969045,5.87546062996353,-0.455639540080918,0.097846,"EXPLORATORY_POSTHOC"
"TCGA-COAD","TCGA-AA-3520",0.624375758114956,5.82962887758646,-0.140868449374082,-0.042344,"EXPLORATORY_POSTHOC"
"TCGA-COAD","TCGA-AA-3522",-0.111198351312198,5.84689192010765,-0.523706383663781,-0.041482,"EXPLORATORY_POSTHOC"
"TCGA-COAD","TCGA-AA-3525",-0.206136643261748,5.67393796411102,-0.36291257666128,0.20487,"EXPLORATORY_POSTHOC"
"TCGA-COAD","TCGA-AA-3529",0.318195526514159,5.86579759537026,NA,0.25483,"EXPLORATORY_POSTHOC"
"TCGA-COAD","TCGA-AA-3530",-0.272014039803117,5.71281310371968,-0.436978553483869,-0.20759,"EXPLORATORY_POSTHOC"
"TCGA-COAD","TCGA-AA-3531",-0.979582765103866,5.65736847405287,-0.732707866166261,-0.034936,"EXPLORATORY_POSTHOC"
"TCGA-COAD","TCGA-AA-3532",0.830743312616209,6.52155647120486,0.105093336132741,0.64943,"EXPLORATORY_POSTHOC"
"TCGA-COAD","TCGA-AA-3534",0.214177020580511,5.9767279298105,-0.636676537704109,0.13885,"EXPLORATORY_POSTHOC"
"TCGA-COAD","TCGA-AA-3548",-1.00700142649822,5.6170574649233,-0.0830818270586247,-0.27158,"EXPLORATORY_POSTHOC"
"TCGA-COAD","TCGA-AA-3552",0.119983942332733,6.11273765901093,-0.281237289496763,-0.16095,"EXPLORATORY_POSTHOC"
"TCGA-COAD","TCGA-AA-3553",0.605717388135226,6.17469203684196,-0.482297687295001,0.73505,"EXPLORATORY_POSTHOC"
"TCGA-COAD","TCGA-AA-3554",1.60683643762986,6.31059824103781,-0.998162995302499,0.040522,"EXPLORATORY_POSTHOC"
"TCGA-COAD","TCGA-AA-3555",1.23914804468387,6.30056305717381,-0.930953315862318,-0.080574,"EXPLORATORY_POSTHOC"
"TCGA-COAD","TCGA-AA-3560",-1.55642899998743,5.40332908329982,-1.00074428052845,-0.30432,"EXPLORATORY_POSTHOC"
"TCGA-COAD","TCGA-AA-3561",-1.32372036216407,5.4653802912667,-0.523484425058559,0.37392,"EXPLORATORY_POSTHOC"
"TCGA-COAD","TCGA-AA-3562",-0.179332175904036,6.07828746358619,NA,-0.058269,"EXPLORATORY_POSTHOC"
"TCGA-COAD","TCGA-AA-3655",0.73798563630015,6.11267928440449,-0.5589107624919,0.13857,"EXPLORATORY_POSTHOC"
"TCGA-COAD","TCGA-AA-3664",-0.060259042896054,5.71213351576515,-0.707716666706082,-0.078182,"EXPLORATORY_POSTHOC"
"TCGA-COAD","TCGA-AA-3672",0.592555383607527,6.05978139468784,-0.495361019999379,0.29848,"EXPLORATORY_POSTHOC"
"TCGA-COAD","TCGA-AA-3678",0.778466527061176,6.50423265573398,-0.110577185312496,0.56522,"EXPLORATORY_POSTHOC"
"TCGA-COAD","TCGA-AA-3681",0.824934709647969,6.15514407068391,-0.880385889457059,0.48527,"EXPLORATORY_POSTHOC"
"TCGA-COAD","TCGA-AA-3688",-0.383023187280314,5.83377054868546,-0.430284089322651,0.22706,"EXPLORATORY_POSTHOC"
"TCGA-COAD","TCGA-AA-3695",0.490958942806502,5.25476786945276,-0.409049430083974,-0.10162,"EXPLORATORY_POSTHOC"
"TCGA-COAD","TCGA-AA-3696",-0.208198610143638,5.79208487658206,-0.47323750771804,-0.55127,"EXPLORATORY_POSTHOC"
"TCGA-COAD","TCGA-AA-3697",0.672238609592336,5.97127453234434,-0.934934060671331,0.038374,"EXPLORATORY_POSTHOC"
"TCGA-COAD","TCGA-AA-3710",1.87817144364348,6.29105647664542,-0.607798352480008,-0.038278,"EXPLORATORY_POSTHOC"
"TCGA-COAD","TCGA-AA-3712",0.731209966910163,6.42524612088633,-0.416071236273712,0.16286,"EXPLORATORY_POSTHOC"
"TCGA-COAD","TCGA-AA-3713",1.10848939215039,6.71635443226706,0.207015887394827,-0.014524,"EXPLORATORY_POSTHOC"
"TCGA-COAD","TCGA-AA-3715",1.27511942047124,6.13086705056921,0.0877796065328072,-0.39225,"EXPLORATORY_POSTHOC"
"TCGA-COAD","TCGA-AA-3811",0.0759865750605422,5.73485591427717,-0.508128936758026,-0.4779,"EXPLORATORY_POSTHOC"
"TCGA-COAD","TCGA-AA-3812",-0.617375180958799,5.83147446637849,-0.0394963926383691,0.51537,"EXPLORATORY_POSTHOC"
"TCGA-COAD","TCGA-AA-3814",0.535499361312079,5.92587365182919,-0.0816443328994942,0.29736,"EXPLORATORY_POSTHOC"
"TCGA-COAD","TCGA-AA-3815",0.932623496452237,6.94083155281875,-0.247426977211487,-0.33539,"EXPLORATORY_POSTHOC"
"TCGA-COAD","TCGA-AA-3818",-0.333902706673106,5.55085758010792,-0.527885772561657,0.31324,"EXPLORATORY_POSTHOC"
"TCGA-COAD","TCGA-AA-3819",-0.416291958177997,5.98805294340192,-0.259076020347324,0.13441,"EXPLORATORY_POSTHOC"
"TCGA-COAD","TCGA-AA-3831",-0.0830380804074317,5.64515979694998,-0.918432128034822,-0.15201,"EXPLORATORY_POSTHOC"
"TCGA-COAD","TCGA-AA-3833",0.669414660908597,5.95034709575354,-1.30877946313502,-0.015083,"EXPLORATORY_POSTHOC"
"TCGA-COAD","TCGA-AA-3837",-0.169709133520958,6.00304672813155,-0.451168562412079,-0.03305,"EXPLORATORY_POSTHOC"
"TCGA-COAD","TCGA-AA-3841",-0.0518736968317053,5.61512787068124,-0.74762897521784,0.73579,"EXPLORATORY_POSTHOC"
"TCGA-COAD","TCGA-AA-3844",-0.56693457299896,5.55885536968617,-0.406495391323044,-0.1061,"EXPLORATORY_POSTHOC"
"TCGA-COAD","TCGA-AA-3845",1.29698555873025,6.01625784188041,-0.496452622120133,-0.5061,"EXPLORATORY_POSTHOC"
"TCGA-COAD","TCGA-AA-3848",-1.2798577278003,5.29003728381214,-0.559481163877728,0.051643,"EXPLORATORY_POSTHOC"
"TCGA-COAD","TCGA-AA-3850",-0.29564316915295,5.69722614524803,-1.06073741240318,0.68874,"EXPLORATORY_POSTHOC"
"TCGA-COAD","TCGA-AA-3852",-0.230492420971193,5.81379657988207,-1.08104714338481,0.10739,"EXPLORATORY_POSTHOC"
"TCGA-COAD","TCGA-AA-3854",-0.291551279763369,6.04981370658354,-0.388744916862056,-0.31524,"EXPLORATORY_POSTHOC"
"TCGA-COAD","TCGA-AA-3856",0.142595219385136,6.29253514507169,0.174002850209584,0.4619,"EXPLORATORY_POSTHOC"
"TCGA-COAD","TCGA-AA-3861",-0.648598131646572,5.64683660243367,-0.0491319375535712,-0.37127,"EXPLORATORY_POSTHOC"
"TCGA-COAD","TCGA-AA-3862",-0.0248051345390525,5.26974010330369,-1.44886610740571,0.12453,"EXPLORATORY_POSTHOC"
"TCGA-COAD","TCGA-AA-3864",0.373393855143283,6.06248873022933,-0.580034497240247,-0.13202,"EXPLORATORY_POSTHOC"
"TCGA-COAD","TCGA-AA-3866",1.39421638379051,6.54182146010621,-0.461117277994545,0.6149,"EXPLORATORY_POSTHOC"
"TCGA-COAD","TCGA-AA-3869",0.291780687620243,6.42474409111062,-0.199994864865786,0.096053,"EXPLORATORY_POSTHOC"
"TCGA-COAD","TCGA-AA-3872",1.03392225318399,5.7349453088951,-0.610694208344412,0.30974,"EXPLORATORY_POSTHOC"
"TCGA-COAD","TCGA-AA-3930",0.363583632468881,6.15325003478358,-0.141900805734714,0.21512,"EXPLORATORY_POSTHOC"
"TCGA-COAD","TCGA-AA-3947",-0.947536938307977,5.63636070645887,-0.553092859073709,-0.011593,"EXPLORATORY_POSTHOC"
"TCGA-COAD","TCGA-AA-3950",0.673837487518003,5.82592297200634,-0.869472720932216,0.19364,"EXPLORATORY_POSTHOC"
"TCGA-COAD","TCGA-AA-3955",-0.508689625471182,5.51894736858646,-0.762472081929739,-0.11726,"EXPLORATORY_POSTHOC"
"TCGA-COAD","TCGA-AA-3968",0.202508205170666,5.58440334804998,-0.251660181899018,0.14744,"EXPLORATORY_POSTHOC"
"TCGA-COAD","TCGA-AA-3971",-0.244744436176154,5.54547729985503,-0.504261545600911,-0.054041,"EXPLORATORY_POSTHOC"
"TCGA-COAD","TCGA-AA-3972",-0.99136311656014,5.61075615797806,-0.617800873941092,-0.031317,"EXPLORATORY_POSTHOC"
"TCGA-COAD","TCGA-AA-3973",-0.703024709338078,5.52432387416578,-0.849180272496853,0.092884,"EXPLORATORY_POSTHOC"
"TCGA-COAD","TCGA-AA-3975",-0.272082350524772,5.62373227581399,-0.982532658734295,-0.1324,"EXPLORATORY_POSTHOC"
"TCGA-COAD","TCGA-AA-3982",-0.0838975784934803,5.62546630381575,-0.658623665447299,-0.12422,"EXPLORATORY_POSTHOC"
"TCGA-COAD","TCGA-AA-3986",0.0243714862742355,6.05848534857409,-1.52520875841709,0.24572,"EXPLORATORY_POSTHOC"
"TCGA-COAD","TCGA-AA-3989",-0.169894065967209,5.6048660107426,-0.657206889182501,0.19373,"EXPLORATORY_POSTHOC"
"TCGA-COAD","TCGA-AA-A004",-0.973640791790555,5.4550509855794,-0.951627859215629,0.34606,"EXPLORATORY_POSTHOC"
"TCGA-COAD","TCGA-AA-A00A",0.502521534518559,6.44950194887966,-1.37695404768394,0.12795,"EXPLORATORY_POSTHOC"
"TCGA-COAD","TCGA-AA-A00E",0.775965123349575,6.25539498199216,-0.220838317369562,0.13154,"EXPLORATORY_POSTHOC"
"TCGA-COAD","TCGA-AA-A00F",-0.547361808435508,5.06596429503331,-1.23107386329049,0.1842,"EXPLORATORY_POSTHOC"
"TCGA-COAD","TCGA-AA-A00J",-0.338802142191475,6.07088731522217,-0.523212979028373,0.029592,"EXPLORATORY_POSTHOC"
"TCGA-COAD","TCGA-AA-A00K",-0.377406282635161,5.45278320476589,-0.996942600827603,0.5094,"EXPLORATORY_POSTHOC"
"TCGA-COAD","TCGA-AA-A00L",-0.781559716337352,6.02694609163469,-0.984201633030962,-0.24436,"EXPLORATORY_POSTHOC"
"TCGA-COAD","TCGA-AA-A00N",0.502384466412231,5.95871510010559,-2.70454884889643,0.17173,"EXPLORATORY_POSTHOC"
"TCGA-COAD","TCGA-AA-A00Q",-0.651653626614323,5.18494673223677,-0.814885247712364,0.36679,"EXPLORATORY_POSTHOC"
"TCGA-COAD","TCGA-AA-A00R",0.689353212470757,6.20822850462022,-1.19348479326342,0.4402,"EXPLORATORY_POSTHOC"
"TCGA-COAD","TCGA-AA-A00U",0.0763453780972888,6.09632300435269,-0.294243533092077,0.19442,"EXPLORATORY_POSTHOC"
"TCGA-COAD","TCGA-AA-A00W",0.0176613582132934,6.1971105147127,-0.815668501261353,-0.22592,"EXPLORATORY_POSTHOC"
"TCGA-COAD","TCGA-AA-A00Z",0.101915655855635,6.52027137056763,-0.540774002415532,0.19238,"EXPLORATORY_POSTHOC"
"TCGA-COAD","TCGA-AA-A010",-0.579162675856871,5.84152535119589,-0.611159527868727,-0.15323,"EXPLORATORY_POSTHOC"
"TCGA-COAD","TCGA-AA-A017",-1.20334698685307,5.59064992085816,-0.658987122669359,0.42976,"EXPLORATORY_POSTHOC"
"TCGA-COAD","TCGA-AA-A01C",-0.726180861738983,5.4511286697602,-0.807659908436827,0.17306,"EXPLORATORY_POSTHOC"
"TCGA-COAD","TCGA-AA-A01D",0.490799723861375,5.70588669394058,-1.02081568672135,-0.13718,"EXPLORATORY_POSTHOC"
"TCGA-COAD","TCGA-AA-A01F",-2.22089811577892,5.5862663481284,-1.22778387830834,0.51414,"EXPLORATORY_POSTHOC"
"TCGA-COAD","TCGA-AA-A01I",-1.46485056070532,5.43054956441803,-0.393504698697855,0.045916,"EXPLORATORY_POSTHOC"
"TCGA-COAD","TCGA-AA-A01K",-0.20168517749638,5.64095923690655,NA,0.40329,"EXPLORATORY_POSTHOC"
"TCGA-COAD","TCGA-AA-A01P",0.478611653407082,6.17617514419,0.101529721746523,-0.18642,"EXPLORATORY_POSTHOC"
"TCGA-COAD","TCGA-AA-A01Q",-2.49515424840634,5.22005129588012,-3.33450613664078,-0.085926,"EXPLORATORY_POSTHOC"
"TCGA-COAD","TCGA-AA-A01R",0.00440131436785382,5.46182647090674,-0.662205766217659,-0.030038,"EXPLORATORY_POSTHOC"
"TCGA-COAD","TCGA-AA-A01S",-1.71132677947799,5.74608161569285,-0.63311686685961,0.034183,"EXPLORATORY_POSTHOC"
"TCGA-COAD","TCGA-AA-A01T",-1.9425819757885,4.66807940235983,-0.646244020053902,-0.13258,"EXPLORATORY_POSTHOC"
"TCGA-COAD","TCGA-AA-A01V",-0.304563676481237,5.9906168309233,-0.00714784552951307,0.13949,"EXPLORATORY_POSTHOC"
"TCGA-COAD","TCGA-AA-A01X",-1.13882558184724,5.63464263518505,-0.577661475381464,-0.30006,"EXPLORATORY_POSTHOC"
"TCGA-COAD","TCGA-AA-A022",-0.290374812656741,5.6118127142354,-0.249460201968579,0.16786,"EXPLORATORY_POSTHOC"
"TCGA-COAD","TCGA-AA-A024",-1.8681434943264,5.25592366027356,-0.0885736734799432,-0.24457,"EXPLORATORY_POSTHOC"
"TCGA-COAD","TCGA-AA-A029",-0.802258058790429,5.29433034282881,-0.992410626857369,0.13151,"EXPLORATORY_POSTHOC"
"TCGA-COAD","TCGA-AA-A02E",-0.368530327941558,6.07129931271407,-0.415891039434415,0.80066,"EXPLORATORY_POSTHOC"
"TCGA-COAD","TCGA-AA-A02F",-0.772652002692944,4.75688985507462,-1.75217262966631,0.15606,"EXPLORATORY_POSTHOC"
"TCGA-COAD","TCGA-AA-A02H",-0.68084975572131,5.84551263208134,-0.666896956252362,-0.098875,"EXPLORATORY_POSTHOC"
"TCGA-COAD","TCGA-AA-A02J",-0.755910466117128,5.6838816911937,-0.42967093759834,0.27146,"EXPLORATORY_POSTHOC"
"TCGA-COAD","TCGA-AA-A02K",-1.29119450265782,5.44882168000904,0.0697023049950251,0.035916,"EXPLORATORY_POSTHOC"
"TCGA-COAD","TCGA-AA-A02O",-1.51117930857427,5.08370269507789,-0.659688320720458,0.11516,"EXPLORATORY_POSTHOC"
"TCGA-COAD","TCGA-AA-A02R",0.910955621543823,6.04783717437429,-0.318852437664753,-0.079914,"EXPLORATORY_POSTHOC"
"TCGA-COAD","TCGA-AA-A02W",-0.408712827570318,5.29349555944226,-1.17770769609162,0.26601,"EXPLORATORY_POSTHOC"
"TCGA-COAD","TCGA-AA-A02Y",-1.08056121946826,5.74097072182828,-0.690170473905798,0.1527,"EXPLORATORY_POSTHOC"
"TCGA-COAD","TCGA-AA-A03F",-2.06773849565979,5.17331535546195,-3.3787857202328,0.34896,"EXPLORATORY_POSTHOC"
"TCGA-COAD","TCGA-AA-A03J",-0.967824823205405,5.14429930867681,-1.31206121012394,0.10864,"EXPLORATORY_POSTHOC"
"TCGA-COAD","TCGA-AD-5900",0.687775244466027,5.45109898946091,-0.1116013,0.35755,"EXPLORATORY_POSTHOC"
"TCGA-COAD","TCGA-AD-6548",1.42432275135479,6.00403614919957,-1.128849,0.54001,"EXPLORATORY_POSTHOC"
"TCGA-COAD","TCGA-AD-6889",-0.0932467713682027,5.7258801850412,-0.5100026,0.026213,"EXPLORATORY_POSTHOC"
"TCGA-COAD","TCGA-AD-6899",1.39769974760732,6.37459960305,-0.4959243,-0.15207,"EXPLORATORY_POSTHOC"
"TCGA-COAD","TCGA-AD-6965",0.460816582336962,6.00297249418984,-0.2356545,0.11059,"EXPLORATORY_POSTHOC"
"TCGA-COAD","TCGA-AD-A5EJ",-0.49254689762662,5.73399690186728,0.1215052,0.25669,"EXPLORATORY_POSTHOC"
"TCGA-COAD","TCGA-AM-5820",-0.155726756349185,5.95606594809793,-0.7725789,-0.25861,"EXPLORATORY_POSTHOC"
"TCGA-COAD","TCGA-AM-5821",1.14671745780486,5.47707499969728,-0.29406,0.28418,"EXPLORATORY_POSTHOC"
"TCGA-COAD","TCGA-AU-6004",1.33018989753861,6.66445866250466,0.00402668,0.64105,"EXPLORATORY_POSTHOC"
"TCGA-COAD","TCGA-AY-5543",0.0906882663351614,5.85629105757831,-0.07592667,0.078576,"EXPLORATORY_POSTHOC"
"TCGA-COAD","TCGA-AY-6196",1.68791399145268,6.34725284191038,-0.8928842,-0.018245,"EXPLORATORY_POSTHOC"
"TCGA-COAD","TCGA-AY-6197",1.24572236276034,6.83126416818082,0.1382004,0.46925,"EXPLORATORY_POSTHOC"
"TCGA-COAD","TCGA-AY-6386",0.257323016389884,6.17422063641043,-0.4629713,0.10199,"EXPLORATORY_POSTHOC"
"TCGA-COAD","TCGA-AY-A54L",-1.26482799228901,5.08003508968354,-0.7383646,-0.25234,"EXPLORATORY_POSTHOC"
"TCGA-COAD","TCGA-AY-A69D",0.339496174585152,6.25949847900332,-0.06916459,-0.0014415,"EXPLORATORY_POSTHOC"
"TCGA-COAD","TCGA-AY-A71X",-1.11834480312669,5.62376153471654,-0.3186003,0.044948,"EXPLORATORY_POSTHOC"
"TCGA-COAD","TCGA-AY-A8YK",-0.319895533602854,6.31378095756452,-0.0916247,0.082389,"EXPLORATORY_POSTHOC"
"TCGA-COAD","TCGA-AZ-4308",-1.4033107545784,4.99583723504622,-0.8616664,0.18466,"EXPLORATORY_POSTHOC"
"TCGA-COAD","TCGA-AZ-4315",-0.774556199623549,5.84818975393983,-0.5973342,0.041464,"EXPLORATORY_POSTHOC"
"TCGA-COAD","TCGA-AZ-4323",0.832586945707313,6.1205199076717,-0.8817249,-0.11535,"EXPLORATORY_POSTHOC"
"TCGA-COAD","TCGA-AZ-4614",-1.0828890681751,5.2001629739997,-0.9446498,0.1182,"EXPLORATORY_POSTHOC"
"TCGA-COAD","TCGA-AZ-4615",0.568827996655036,6.3704433048213,-0.3480586,0.75797,"EXPLORATORY_POSTHOC"
"TCGA-COAD","TCGA-AZ-4616",-0.170490784962949,5.59431863156562,-3.605665,-0.4462,"EXPLORATORY_POSTHOC"
"TCGA-COAD","TCGA-AZ-4682",-0.755722474974241,5.30112301228256,-0.02086505,-0.26202,"EXPLORATORY_POSTHOC"
"TCGA-COAD","TCGA-AZ-4684",-0.0315198316423806,5.8609876203397,-0.1394384,-0.24491,"EXPLORATORY_POSTHOC"
"TCGA-COAD","TCGA-AZ-5407",-0.429067705039519,6.08903621787345,-0.04989448,-0.085598,"EXPLORATORY_POSTHOC"
"TCGA-COAD","TCGA-AZ-6598",-0.836247486070392,5.92616550875329,-0.2534756,0.60084,"EXPLORATORY_POSTHOC"
"TCGA-COAD","TCGA-AZ-6599",-1.16271242004751,5.8876300572853,-0.1435292,0.021146,"EXPLORATORY_POSTHOC"
"TCGA-COAD","TCGA-AZ-6600",0.44734046970757,5.97691576879671,-0.4237525,0.55336,"EXPLORATORY_POSTHOC"
"TCGA-COAD","TCGA-AZ-6601",1.48311680717622,6.04789387122743,-0.4936024,0.36225,"EXPLORATORY_POSTHOC"
"TCGA-COAD","TCGA-AZ-6603",0.793069635160447,6.52001672822675,0.2926969,0.44063,"EXPLORATORY_POSTHOC"
"TCGA-COAD","TCGA-AZ-6605",0.722064615284463,6.20479217753945,-0.7528441,0.66878,"EXPLORATORY_POSTHOC"
"TCGA-COAD","TCGA-AZ-6606",0.248304307577755,6.02668278028681,-0.5866401,0.40282,"EXPLORATORY_POSTHOC"
"TCGA-COAD","TCGA-AZ-6607",2.22176146277939,6.9204743404087,0.1568775,0.47632,"EXPLORATORY_POSTHOC"
"TCGA-COAD","TCGA-AZ-6608",-1.31339484197784,5.02846748811867,-0.4665836,0.44925,"EXPLORATORY_POSTHOC"
"TCGA-COAD","TCGA-CA-5254",-0.0491325826206132,6.83988780356566,-0.1251889,1.8784,"EXPLORATORY_POSTHOC"
"TCGA-COAD","TCGA-CA-5255",-0.937736908283512,5.34077944023554,-0.470196,-0.18983,"EXPLORATORY_POSTHOC"
"TCGA-COAD","TCGA-CA-5256",-1.64242366994532,5.56849731715412,-0.4775239,0.34926,"EXPLORATORY_POSTHOC"
"TCGA-COAD","TCGA-CA-5796",-0.571372186787768,6.46364534206126,0.3656502,-0.32093,"EXPLORATORY_POSTHOC"
"TCGA-COAD","TCGA-CA-5797",0.289875732458124,5.83274826874154,-0.3584925,-0.08268,"EXPLORATORY_POSTHOC"
"TCGA-COAD","TCGA-CA-6715",0.0364291771333575,6.62068463939203,0.1251071,-0.10145,"EXPLORATORY_POSTHOC"
"TCGA-COAD","TCGA-CA-6716",-0.143756086275183,6.38820848359979,-0.4161173,0.11556,"EXPLORATORY_POSTHOC"
"TCGA-COAD","TCGA-CA-6717",0.765198398684215,6.33298534832099,-0.5634753,-0.21152,"EXPLORATORY_POSTHOC"
"TCGA-COAD","TCGA-CA-6718",1.9108941738164,6.40440247786054,-0.9883015,-0.10255,"EXPLORATORY_POSTHOC"
"TCGA-COAD","TCGA-CA-6719",1.30630500858728,6.638476460935,-0.3782278,0.86366,"EXPLORATORY_POSTHOC"
"TCGA-COAD","TCGA-CK-5914",0.621523275280646,6.06358922531452,-0.2703912,0.055008,"EXPLORATORY_POSTHOC"
"TCGA-COAD","TCGA-CK-5916",0.697719771020582,6.5996465883286,-0.1016686,0.26472,"EXPLORATORY_POSTHOC"
"TCGA-COAD","TCGA-CK-6746",0.546308177952756,6.48798469793882,0.4609173,-0.38489,"EXPLORATORY_POSTHOC"
"TCGA-COAD","TCGA-CK-6747",0.188047551580716,6.24667410237446,-0.1356531,0.085213,"EXPLORATORY_POSTHOC"
"TCGA-COAD","TCGA-CK-6748",0.421228196338473,5.84444591469473,-0.8568908,0.72652,"EXPLORATORY_POSTHOC"
"TCGA-COAD","TCGA-CK-6751",-0.224923835232617,5.68859721372052,-0.4608933,-0.0012301,"EXPLORATORY_POSTHOC"
"TCGA-COAD","TCGA-CM-4743",-0.506193866525531,5.26757325072488,-1.5973,0.15366,"EXPLORATORY_POSTHOC"
"TCGA-COAD","TCGA-CM-4744",-0.795011156532667,5.18646490184534,-0.5627699,0.33787,"EXPLORATORY_POSTHOC"
"TCGA-COAD","TCGA-CM-4746",-1.6893794882973,5.16853774444767,-0.3853485,0.42637,"EXPLORATORY_POSTHOC"
"TCGA-COAD","TCGA-CM-4747",-1.22085883862472,5.38877503952623,-0.4964986,0.14282,"EXPLORATORY_POSTHOC"
"TCGA-COAD","TCGA-CM-4748",0.587953352405666,6.16445444264598,-1.209178,0.41252,"EXPLORATORY_POSTHOC"
"TCGA-COAD","TCGA-CM-4750",-1.02472879444616,5.55485894801749,-0.6296603,0.08707,"EXPLORATORY_POSTHOC"
"TCGA-COAD","TCGA-CM-4752",-0.157369091320178,6.53079646556031,0.2183937,0.36547,"EXPLORATORY_POSTHOC"
"TCGA-COAD","TCGA-CM-5341",-0.866420533395029,4.09929520433777,-1.052328,0.54724,"EXPLORATORY_POSTHOC"
"TCGA-COAD","TCGA-CM-5344",-0.523070671081876,5.70252456997814,-0.4682442,0.077577,"EXPLORATORY_POSTHOC"
"TCGA-COAD","TCGA-CM-5348",1.14253926151173,6.21090507797125,-0.6544486,-0.13295,"EXPLORATORY_POSTHOC"
"TCGA-COAD","TCGA-CM-5349",0.0351453776180064,5.42957579579918,-0.5906066,-0.301,"EXPLORATORY_POSTHOC"
"TCGA-COAD","TCGA-CM-5860",1.13879008341881,5.65131293170159,-0.5085761,0.054403,"EXPLORATORY_POSTHOC"
"TCGA-COAD","TCGA-CM-5861",-0.657293727489034,6.12298118406704,-0.388233,0.19647,"EXPLORATORY_POSTHOC"
"TCGA-COAD","TCGA-CM-5862",-1.45593244097146,5.06699758695883,-0.5812146,0.17539,"EXPLORATORY_POSTHOC"
"TCGA-COAD","TCGA-CM-5863",-0.0118025861680125,5.99517921411369,-1.617743,0.8258,"EXPLORATORY_POSTHOC"
"TCGA-COAD","TCGA-CM-5864",-0.987302119225347,5.69602999135136,-0.4353375,0.090587,"EXPLORATORY_POSTHOC"
"TCGA-COAD","TCGA-CM-5868",-0.122942633134179,6.02056442733564,0.04205717,0.36661,"EXPLORATORY_POSTHOC"
"TCGA-COAD","TCGA-CM-6161",0.440315428556638,5.88989451053062,-0.4535678,-0.043469,"EXPLORATORY_POSTHOC"
"TCGA-COAD","TCGA-CM-6162",2.33367348883578,7.29789846471675,-0.7457863,0.50564,"EXPLORATORY_POSTHOC"
"TCGA-COAD","TCGA-CM-6163",-0.0526045842861772,5.91609442293836,-0.87226,0.32476,"EXPLORATORY_POSTHOC"
"TCGA-COAD","TCGA-CM-6164",0.495123383407243,6.00564251260006,NA,0.14823,"EXPLORATORY_POSTHOC"
"TCGA-COAD","TCGA-CM-6165",0.466499417487332,6.44099205093335,NA,-0.19552,"EXPLORATORY_POSTHOC"
"TCGA-COAD","TCGA-CM-6166",-0.638230589554208,5.85299259558032,-0.5860577,0.52325,"EXPLORATORY_POSTHOC"
"TCGA-COAD","TCGA-CM-6167",1.52378430941083,6.95090111110913,-0.2478305,0.28863,"EXPLORATORY_POSTHOC"
"TCGA-COAD","TCGA-CM-6168",2.00009246209873,6.4173580329061,-0.7658715,0.23716,"EXPLORATORY_POSTHOC"
"TCGA-COAD","TCGA-CM-6169",1.7155370041724,6.3937044910017,NA,0.56703,"EXPLORATORY_POSTHOC"
"TCGA-COAD","TCGA-CM-6170",0.48329470470087,6.82425869660337,-0.1808045,0.5272,"EXPLORATORY_POSTHOC"
"TCGA-COAD","TCGA-CM-6171",0.488569733247503,6.23607735328542,-0.6623898,0.016084,"EXPLORATORY_POSTHOC"
"TCGA-COAD","TCGA-CM-6172",0.101242885505463,6.64649102879964,-0.05674636,0.4328,"EXPLORATORY_POSTHOC"
"TCGA-COAD","TCGA-CM-6674",0.354291074727726,6.43947686612895,-0.9897689,0.020912,"EXPLORATORY_POSTHOC"
"TCGA-COAD","TCGA-CM-6675",1.03677960872901,6.50188653417828,-0.3146897,-0.40172,"EXPLORATORY_POSTHOC"
"TCGA-COAD","TCGA-CM-6676",0.151553300661939,6.38639883681134,-0.0002660705,0.31494,"EXPLORATORY_POSTHOC"
"TCGA-COAD","TCGA-CM-6677",-0.178335268194155,6.02273177017226,NA,0.19375,"EXPLORATORY_POSTHOC"
"TCGA-COAD","TCGA-CM-6678",-1.10164363221453,5.5395093589241,-1.375599,0.19603,"EXPLORATORY_POSTHOC"
"TCGA-COAD","TCGA-CM-6679",0.268362205654388,6.11002073804364,-1.048859,0.039015,"EXPLORATORY_POSTHOC"
"TCGA-COAD","TCGA-CM-6680",1.36565927534316,6.5640549589178,0.3693816,0.31941,"EXPLORATORY_POSTHOC"
"TCGA-COAD","TCGA-D5-5538",1.38056275200985,6.43147921787534,-0.006796805,0.71367,"EXPLORATORY_POSTHOC"
"TCGA-COAD","TCGA-D5-5539",0.323287371158689,6.05803069935947,-1.058972,0.32322,"EXPLORATORY_POSTHOC"
"TCGA-COAD","TCGA-D5-5540",-1.42171101187257,4.53008323087464,-0.1264669,0.59696,"EXPLORATORY_POSTHOC"
"TCGA-COAD","TCGA-D5-5541",0.901905612765587,6.30570609991254,-0.2359527,0.1789,"EXPLORATORY_POSTHOC"
"TCGA-COAD","TCGA-D5-6529",0.850297250075819,6.34947497599974,-1.233169,0.6764,"EXPLORATORY_POSTHOC"
"TCGA-COAD","TCGA-D5-6530",0.343281145061571,6.71528113831237,-0.2721809,0.15698,"EXPLORATORY_POSTHOC"
"TCGA-COAD","TCGA-D5-6531",-0.204785193196501,5.61793904204702,-0.4201129,0.25111,"EXPLORATORY_POSTHOC"
"TCGA-COAD","TCGA-D5-6532",-0.663157208730487,6.65500542571938,0.3503759,-0.01638,"EXPLORATORY_POSTHOC"
"TCGA-COAD","TCGA-D5-6533",0.784107563071225,6.44293686275283,-0.6319057,0.90055,"EXPLORATORY_POSTHOC"
"TCGA-COAD","TCGA-D5-6534",2.27056384453136,6.20858358729342,-1.029978,0.19823,"EXPLORATORY_POSTHOC"
"TCGA-COAD","TCGA-D5-6535",0.93629661081865,6.50863464656308,-0.2889416,0.52798,"EXPLORATORY_POSTHOC"
"TCGA-COAD","TCGA-D5-6536",0.117697584040318,5.84197563408371,-1.121147,0.53747,"EXPLORATORY_POSTHOC"
"TCGA-COAD","TCGA-D5-6537",0.736755113233917,6.95999497930414,0.3055138,0.25996,"EXPLORATORY_POSTHOC"
"TCGA-COAD","TCGA-D5-6538",-1.4128621986176,5.60205001664048,-0.5539191,-0.58893,"EXPLORATORY_POSTHOC"
"TCGA-COAD","TCGA-D5-6539",0.41645974675777,6.23901990325728,-0.136937,-0.12098,"EXPLORATORY_POSTHOC"
"TCGA-COAD","TCGA-D5-6540",1.27903335664033,6.28785271809707,-1.043685,0.85783,"EXPLORATORY_POSTHOC"
"TCGA-COAD","TCGA-D5-6541",-0.22214170267157,6.03443583633755,-0.9482153,0.45386,"EXPLORATORY_POSTHOC"
"TCGA-COAD","TCGA-D5-6898",0.946412998410962,6.00604438533376,-0.505681,0.14823,"EXPLORATORY_POSTHOC"
"TCGA-COAD","TCGA-D5-6920",1.2589706590671,6.59637464784677,0.0851153,-0.12506,"EXPLORATORY_POSTHOC"
"TCGA-COAD","TCGA-D5-6922",1.50418142845802,6.40658258701278,-0.2772741,-0.099593,"EXPLORATORY_POSTHOC"
"TCGA-COAD","TCGA-D5-6923",1.74418240453347,6.20907314589108,-0.8948119,0.5592,"EXPLORATORY_POSTHOC"
"TCGA-COAD","TCGA-D5-6924",1.48037056198203,6.09218417682043,-0.6963679,-0.1315,"EXPLORATORY_POSTHOC"
"TCGA-COAD","TCGA-D5-6926",1.70032503320486,6.59079361558347,-0.3613755,0.20282,"EXPLORATORY_POSTHOC"
"TCGA-COAD","TCGA-D5-6927",2.18698206566036,6.54411285624311,-0.889796,0.10368,"EXPLORATORY_POSTHOC"
"TCGA-COAD","TCGA-D5-6928",2.07204317722286,6.60657103443863,-0.2905693,0.15941,"EXPLORATORY_POSTHOC"
"TCGA-COAD","TCGA-D5-6930",0.570607314443327,6.14397088727374,-0.001148239,0.4903,"EXPLORATORY_POSTHOC"
"TCGA-COAD","TCGA-D5-6931",1.21488076778221,6.27534607080505,-0.285717,0.66846,"EXPLORATORY_POSTHOC"
"TCGA-COAD","TCGA-D5-6932",-0.00393886446335521,5.74216254827083,-0.52617,0.67001,"EXPLORATORY_POSTHOC"
"TCGA-COAD","TCGA-DM-A0X9",-1.12352806218772,5.59195462281806,-0.8813564,-0.075826,"EXPLORATORY_POSTHOC"
"TCGA-COAD","TCGA-DM-A0XF",-0.0421151962906063,5.55298872183257,-1.216681,0.64933,"EXPLORATORY_POSTHOC"
"TCGA-COAD","TCGA-DM-A1D0",-1.99853231790403,5.93965678279776,-1.16901,0.34347,"EXPLORATORY_POSTHOC"
"TCGA-COAD","TCGA-DM-A1D4",-1.97348204607216,4.82698567839311,-0.6536828,-0.14418,"EXPLORATORY_POSTHOC"
"TCGA-COAD","TCGA-DM-A1D6",-1.70574598126101,5.28631193962165,-1.162629,0.61847,"EXPLORATORY_POSTHOC"
"TCGA-COAD","TCGA-DM-A1D7",-0.245016418703953,5.60845739504099,-0.3751787,0.21099,"EXPLORATORY_POSTHOC"
"TCGA-COAD","TCGA-DM-A1D8",-2.20693342904019,4.35958442047994,-1.115032,-0.14278,"EXPLORATORY_POSTHOC"
"TCGA-COAD","TCGA-DM-A1D9",-1.46352959747025,4.57633468422452,-1.172506,-0.15805,"EXPLORATORY_POSTHOC"
"TCGA-COAD","TCGA-DM-A1DA",-1.88305860705543,4.72561574672249,-0.8886031,-0.18946,"EXPLORATORY_POSTHOC"
"TCGA-COAD","TCGA-DM-A1DB",-0.598783025268283,5.31122698906757,-0.8094718,0.1852,"EXPLORATORY_POSTHOC"
"TCGA-COAD","TCGA-DM-A1HA",-1.18446885957941,5.24760856665492,-0.831984,-0.31397,"EXPLORATORY_POSTHOC"
"TCGA-COAD","TCGA-DM-A1HB",-0.621453357696764,6.06317501980426,-2.840712,0.19497,"EXPLORATORY_POSTHOC"
"TCGA-COAD","TCGA-DM-A280",-1.61911921462053,5.35466019946892,-0.6646817,0.17645,"EXPLORATORY_POSTHOC"
"TCGA-COAD","TCGA-DM-A282",-1.86989752106893,5.04766925139131,0.2145622,-0.18149,"EXPLORATORY_POSTHOC"
"TCGA-COAD","TCGA-DM-A288",-1.33032495746402,5.67511586234266,-1.098406,0.14808,"EXPLORATORY_POSTHOC"
"TCGA-COAD","TCGA-DM-A28A",0.533595184374284,5.92038620525553,-0.6727929,0.48323,"EXPLORATORY_POSTHOC"
"TCGA-COAD","TCGA-DM-A28C",-2.09184351482749,5.70751926924544,-0.316722,-0.54483,"EXPLORATORY_POSTHOC"
"TCGA-COAD","TCGA-DM-A28E",-1.12276458948573,5.94538764918889,-0.3200045,-0.21777,"EXPLORATORY_POSTHOC"
"TCGA-COAD","TCGA-DM-A28F",-0.085596860679982,6.09113703100109,-0.3534265,0.64134,"EXPLORATORY_POSTHOC"
"TCGA-COAD","TCGA-DM-A28G",-2.18368924213323,5.14498039176141,-0.04500472,-0.36434,"EXPLORATORY_POSTHOC"
"TCGA-COAD","TCGA-DM-A28M",-1.41314244205916,5.9636059025994,-0.172523,-0.038007,"EXPLORATORY_POSTHOC"
"TCGA-COAD","TCGA-F4-6459",0.946112029986624,6.2076273963152,-0.5506248,0.6717,"EXPLORATORY_POSTHOC"
"TCGA-COAD","TCGA-F4-6460",-0.0106871817274678,5.78234303404953,-0.5431319,0.21098,"EXPLORATORY_POSTHOC"
"TCGA-COAD","TCGA-F4-6461",-0.409682242260713,5.87751605054364,-0.8453256,-0.15733,"EXPLORATORY_POSTHOC"
"TCGA-COAD","TCGA-F4-6463",0.390917792590898,6.10100707302289,-0.6950082,0.39309,"EXPLORATORY_POSTHOC"
"TCGA-COAD","TCGA-F4-6569",0.960239548614264,6.17225947614505,-1.253714,0.24612,"EXPLORATORY_POSTHOC"
"TCGA-COAD","TCGA-F4-6570",1.35614028833758,5.69035283773829,-0.5276216,0.085549,"EXPLORATORY_POSTHOC"
"TCGA-COAD","TCGA-F4-6703",2.4846313555693,6.8982216569791,-0.6379747,0.31473,"EXPLORATORY_POSTHOC"
"TCGA-COAD","TCGA-F4-6704",-0.420651196246588,6.5819010418208,-0.6790929,-0.25877,"EXPLORATORY_POSTHOC"
"TCGA-COAD","TCGA-F4-6805",1.91408231038321,6.56837266711074,-1.022277,0.3691,"EXPLORATORY_POSTHOC"
"TCGA-COAD","TCGA-F4-6806",0.354244070171327,6.17681342893576,-0.06344029,0.25939,"EXPLORATORY_POSTHOC"
"TCGA-COAD","TCGA-F4-6807",1.32996047995318,6.81484006130053,-0.4770965,0.086909,"EXPLORATORY_POSTHOC"
"TCGA-COAD","TCGA-F4-6808",-1.10110480311651,5.69110978043581,-1.369586,-0.059632,"EXPLORATORY_POSTHOC"
"TCGA-COAD","TCGA-F4-6809",0.49579674381091,5.36325870170799,-0.9882054,0.59724,"EXPLORATORY_POSTHOC"
"TCGA-COAD","TCGA-F4-6854",0.860782982447508,6.10692615289983,-0.5646094,-0.014102,"EXPLORATORY_POSTHOC"
"TCGA-COAD","TCGA-F4-6855",0.602798214007968,6.00612519538111,-1.3361,0.2035,"EXPLORATORY_POSTHOC"
"TCGA-COAD","TCGA-F4-6856",0.305956814399293,6.82418867352457,0.09370787,0.061416,"EXPLORATORY_POSTHOC"
"TCGA-COAD","TCGA-G4-6293",0.231893652794428,6.54369074545313,-0.07369776,0.26717,"EXPLORATORY_POSTHOC"
"TCGA-COAD","TCGA-G4-6294",-0.866800576426938,5.4176196400503,-0.5706306,0.28181,"EXPLORATORY_POSTHOC"
"TCGA-COAD","TCGA-G4-6295",0.630636712463451,6.13129314500955,-0.1178426,0.61139,"EXPLORATORY_POSTHOC"
"TCGA-COAD","TCGA-G4-6297",1.58507443471829,6.41958776703656,-0.3325996,0.19906,"EXPLORATORY_POSTHOC"
"TCGA-COAD","TCGA-G4-6298",-0.80327061851664,5.47262423616095,0.06161712,0.0053711,"EXPLORATORY_POSTHOC"
"TCGA-COAD","TCGA-G4-6299",0.866664713039604,5.85812525741867,-0.5820489,-0.031527,"EXPLORATORY_POSTHOC"
"TCGA-COAD","TCGA-G4-6302",1.00074238692746,6.80074332990003,-0.6134816,0.40557,"EXPLORATORY_POSTHOC"
"TCGA-COAD","TCGA-G4-6303",1.11617164094944,6.43543691088235,-0.7203138,-0.013832,"EXPLORATORY_POSTHOC"
"TCGA-COAD","TCGA-G4-6304",-0.755466809875298,5.42618087464504,-0.2363671,-0.21,"EXPLORATORY_POSTHOC"
"TCGA-COAD","TCGA-G4-6306",-0.69426475255569,5.30955093094794,-0.2971642,0.30931,"EXPLORATORY_POSTHOC"
"TCGA-COAD","TCGA-G4-6307",-1.46445494396988,5.61872319287082,0.3409222,0.56974,"EXPLORATORY_POSTHOC"
"TCGA-COAD","TCGA-G4-6309",0.313406356503622,5.91439709227201,0.3138533,0.136,"EXPLORATORY_POSTHOC"
"TCGA-COAD","TCGA-G4-6310",-1.2048582965908,6.272010121112,0.4283895,0.22304,"EXPLORATORY_POSTHOC"
"TCGA-COAD","TCGA-G4-6311",0.930133049129938,6.08518880528716,-0.2007843,0.45391,"EXPLORATORY_POSTHOC"
"TCGA-COAD","TCGA-G4-6314",0.818060764798687,6.59719891684891,-0.2111235,1.1538,"EXPLORATORY_POSTHOC"
"TCGA-COAD","TCGA-G4-6315",-0.410257160717317,6.19741723098668,-0.4197441,0.03572,"EXPLORATORY_POSTHOC"
"TCGA-COAD","TCGA-G4-6317",-1.59239788199023,5.48308699192589,-0.3198141,0.31736,"EXPLORATORY_POSTHOC"
"TCGA-COAD","TCGA-G4-6320",-1.08630938144755,5.50904971441305,-0.1885218,-0.47711,"EXPLORATORY_POSTHOC"
"TCGA-COAD","TCGA-G4-6321",-1.11374058937335,5.94328608217725,-0.157996,-0.083402,"EXPLORATORY_POSTHOC"
"TCGA-COAD","TCGA-G4-6322",0.168869803844448,6.35853340712121,0.2440753,-0.12317,"EXPLORATORY_POSTHOC"
"TCGA-COAD","TCGA-G4-6323",-0.495747542015272,5.95392403417971,0.1269787,0.16455,"EXPLORATORY_POSTHOC"
"TCGA-COAD","TCGA-G4-6586",0.100952634988879,6.08410892299447,-1.308769,0.2999,"EXPLORATORY_POSTHOC"
"TCGA-COAD","TCGA-G4-6588",0.761599775271647,6.39717318522305,-0.8853529,0.79577,"EXPLORATORY_POSTHOC"
"TCGA-COAD","TCGA-G4-6625",1.03592321267375,6.25186865559886,-0.2234358,0.45836,"EXPLORATORY_POSTHOC"
"TCGA-COAD","TCGA-G4-6626",-0.31898608257458,6.13241027333634,-0.2407391,0.2075,"EXPLORATORY_POSTHOC"
"TCGA-COAD","TCGA-G4-6627",1.21438272654589,6.09823425671208,-1.496181,0.44697,"EXPLORATORY_POSTHOC"
"TCGA-COAD","TCGA-G4-6628",1.64590035969331,6.49895608364288,-0.7069237,1.468,"EXPLORATORY_POSTHOC"
"TCGA-COAD","TCGA-NH-A50T",-1.69223237578413,4.95602876499646,-0.7344523,-0.12779,"EXPLORATORY_POSTHOC"
"TCGA-COAD","TCGA-NH-A50V",0.157769353059973,5.37596037634357,-0.8377687,0.048522,"EXPLORATORY_POSTHOC"
"TCGA-COAD","TCGA-NH-A5IV",0.125546422720732,5.63553965399196,-0.4499534,0.88507,"EXPLORATORY_POSTHOC"
"TCGA-COAD","TCGA-NH-A6GA",0.710259564697373,5.76502812294721,-0.4322916,0.3519,"EXPLORATORY_POSTHOC"
"TCGA-COAD","TCGA-NH-A6GB",-0.0516178004789497,6.38047838165471,-1.265746,0.46174,"EXPLORATORY_POSTHOC"
"TCGA-COAD","TCGA-NH-A6GC",-1.80383088501724,5.11769504266975,-1.430532,0.051612,"EXPLORATORY_POSTHOC"
"TCGA-COAD","TCGA-NH-A8F7",-1.32794894015614,6.09588434457968,-0.6001291,0.11268,"EXPLORATORY_POSTHOC"
"TCGA-COAD","TCGA-NH-A8F8",-0.453218468414613,5.6134255685,-0.5844556,0.29596,"EXPLORATORY_POSTHOC"
"TCGA-COAD","TCGA-QG-A5YV",0.0312386984842253,5.61717503966927,0.1816468,-0.18834,"EXPLORATORY_POSTHOC"
"TCGA-COAD","TCGA-QG-A5YW",-0.454578424371227,6.12238075472407,0.7279614,0.083285,"EXPLORATORY_POSTHOC"
"TCGA-COAD","TCGA-QG-A5YX",-0.784382340379379,6.61323842835709,0.7155575,-0.029664,"EXPLORATORY_POSTHOC"
"TCGA-COAD","TCGA-QG-A5Z1",-0.031164948022824,6.32650319302351,-0.4262133,0.19726,"EXPLORATORY_POSTHOC"
"TCGA-COAD","TCGA-QG-A5Z2",0.913143551134285,6.60248508909191,0.2352883,-0.21303,"EXPLORATORY_POSTHOC"
"TCGA-COAD","TCGA-QL-A97D",-0.0605675052116614,5.35640795139489,-0.4360778,-0.11984,"EXPLORATORY_POSTHOC"
"TCGA-COAD","TCGA-RU-A8FL",-1.78046090680157,5.30176321746614,-0.5535853,0.11447,"EXPLORATORY_POSTHOC"
"TCGA-COAD","TCGA-SS-A7HO",-0.871915425691228,5.77186973624272,-1.483912,-0.52401,"EXPLORATORY_POSTHOC"
"TCGA-COAD","TCGA-T9-A92H",-0.470600980291173,5.76458766694796,-0.3931147,0.25432,"EXPLORATORY_POSTHOC"
"TCGA-READ","TCGA-AF-2690",1.21665282235901,6.0136766381874,-0.5345075,0.38976,"EXPLORATORY_POSTHOC"
"TCGA-READ","TCGA-AF-3400",1.91506634224408,6.46089324613807,-0.9744543,0.23456,"EXPLORATORY_POSTHOC"
"TCGA-READ","TCGA-AF-3913",0.0929873252679763,5.62715154698694,-1.476679,0.12902,"EXPLORATORY_POSTHOC"
"TCGA-READ","TCGA-AF-5654",-0.841867138085401,5.66853330664469,0.01615411,0.31155,"EXPLORATORY_POSTHOC"
"TCGA-READ","TCGA-AF-6136",-0.299453479527711,5.44534598606403,-0.5695906,-0.29617,"EXPLORATORY_POSTHOC"
"TCGA-READ","TCGA-AF-6655",1.41240826525095,5.99738725923303,-0.5020325,0.32147,"EXPLORATORY_POSTHOC"
"TCGA-READ","TCGA-AF-6672",-0.31788765465414,5.67302775352315,0.00726406,0.047691,"EXPLORATORY_POSTHOC"
"TCGA-READ","TCGA-AF-A56N",0.922316505151172,6.26411602155925,-0.6786541,0.2227,"EXPLORATORY_POSTHOC"
"TCGA-READ","TCGA-AG-3574",-1.04897494043672,5.30833903013941,-0.4402026,0.091496,"EXPLORATORY_POSTHOC"
"TCGA-READ","TCGA-AG-3578",0.609296810750753,6.39954710276509,-0.284754,0.17551,"EXPLORATORY_POSTHOC"
"TCGA-READ","TCGA-AG-3580",0.485576895783689,6.12802113757868,-0.5257008,0.41812,"EXPLORATORY_POSTHOC"
"TCGA-READ","TCGA-AG-3581",-0.26531883707756,5.98820749611647,-0.2962403,0.21397,"EXPLORATORY_POSTHOC"
"TCGA-READ","TCGA-AG-3582",0.70391532410188,6.34634884430999,-1.289839,0.54422,"EXPLORATORY_POSTHOC"
"TCGA-READ","TCGA-AG-3583",-0.991137617562687,5.70645871989757,-0.130129,0.21861,"EXPLORATORY_POSTHOC"
"TCGA-READ","TCGA-AG-3584",0.375888271704986,5.89034940719884,-0.2583501,0.33152,"EXPLORATORY_POSTHOC"
"TCGA-READ","TCGA-AG-3586",-0.353604468118873,5.45097696403719,-0.6142468,-0.16539,"EXPLORATORY_POSTHOC"
"TCGA-READ","TCGA-AG-3587",0.477370341642827,6.11515604330527,NA,0.96855,"EXPLORATORY_POSTHOC"
"TCGA-READ","TCGA-AG-3591",-1.1715265143324,5.05356319425737,NA,-0.86009,"EXPLORATORY_POSTHOC"
"TCGA-READ","TCGA-AG-3593",-0.133943376550947,6.02115099712564,-0.04208601,0.052383,"EXPLORATORY_POSTHOC"
"TCGA-READ","TCGA-AG-3594",0.898096163181907,5.99116580509843,-0.1384011,-0.090425,"EXPLORATORY_POSTHOC"
"TCGA-READ","TCGA-AG-3598",-0.352259016408979,5.69602720844192,-0.3207024,-0.23817,"EXPLORATORY_POSTHOC"
"TCGA-READ","TCGA-AG-3599",0.517508810928668,6.00516191443536,-0.2202569,0.10036,"EXPLORATORY_POSTHOC"
"TCGA-READ","TCGA-AG-3600",-0.20612561755867,5.45484377482026,-0.1970336,-0.33636,"EXPLORATORY_POSTHOC"
"TCGA-READ","TCGA-AG-3601",-0.928945446390234,5.73985890127449,-0.2881681,-0.020923,"EXPLORATORY_POSTHOC"
"TCGA-READ","TCGA-AG-3602",-1.31588898563049,4.28406248005441,-0.6931267,-0.058575,"EXPLORATORY_POSTHOC"
"TCGA-READ","TCGA-AG-3605",-1.22841263011032,5.21506504900255,-0.7227559,0.082857,"EXPLORATORY_POSTHOC"
"TCGA-READ","TCGA-AG-3609",0.334720148415622,5.70586458210444,-0.7608592,0.27721,"EXPLORATORY_POSTHOC"
"TCGA-READ","TCGA-AG-3612",-0.0629895256761379,5.14158401746735,-0.9771175,-0.11039,"EXPLORATORY_POSTHOC"
"TCGA-READ","TCGA-AG-3725",-0.149218519952804,5.79309734259801,-0.7618788,0.14283,"EXPLORATORY_POSTHOC"
"TCGA-READ","TCGA-AG-3727",-0.525876901659846,5.67037865850959,-0.2769725,0.47251,"EXPLORATORY_POSTHOC"
"TCGA-READ","TCGA-AG-3731",2.43599437417379,7.80952377415032,0.3370623,-0.034452,"EXPLORATORY_POSTHOC"
"TCGA-READ","TCGA-AG-3742",0.0577886800488751,5.7486329721913,-0.7352341,0.15769,"EXPLORATORY_POSTHOC"
"TCGA-READ","TCGA-AG-3878",0.0920338089703893,5.71014794623394,-0.91994,0.36034,"EXPLORATORY_POSTHOC"
"TCGA-READ","TCGA-AG-3881",-0.215261883019973,5.5157755186618,-0.8419614,0.39098,"EXPLORATORY_POSTHOC"
"TCGA-READ","TCGA-AG-3882",-0.317687687688807,5.47281266619239,-1.030145,0.41807,"EXPLORATORY_POSTHOC"
"TCGA-READ","TCGA-AG-3885",-0.658834183159042,5.26028540804038,-0.3419762,-0.24171,"EXPLORATORY_POSTHOC"
"TCGA-READ","TCGA-AG-3893",0.094286920064664,6.05792242842518,-3.232854,-0.53887,"EXPLORATORY_POSTHOC"
"TCGA-READ","TCGA-AG-3896",-0.091613564405004,5.64033171226164,-0.8297429,0.82103,"EXPLORATORY_POSTHOC"
"TCGA-READ","TCGA-AG-3898",-0.316947325182622,5.4177647693613,-1.569533,0.035461,"EXPLORATORY_POSTHOC"
"TCGA-READ","TCGA-AG-3901",1.48550374584867,6.34677432550733,-0.8205758,0.50031,"EXPLORATORY_POSTHOC"
"TCGA-READ","TCGA-AG-3902",1.08869018412615,5.92781588046806,-1.347738,0.12335,"EXPLORATORY_POSTHOC"
"TCGA-READ","TCGA-AG-4001",0.977608434177014,5.9459798457817,-0.6924312,0.028305,"EXPLORATORY_POSTHOC"
"TCGA-READ","TCGA-AG-4005",0.121294668180983,5.77902327974273,-1.21867,0.097856,"EXPLORATORY_POSTHOC"
"TCGA-READ","TCGA-AG-4007",0.203016153979623,5.87549257645693,-0.1670435,-0.073174,"EXPLORATORY_POSTHOC"
"TCGA-READ","TCGA-AG-4008",0.572818990915601,5.92693402011787,-0.6323185,0.44657,"EXPLORATORY_POSTHOC"
"TCGA-READ","TCGA-AG-4015",-0.49961679287631,5.73920814280871,-0.09202324,0.14196,"EXPLORATORY_POSTHOC"
"TCGA-READ","TCGA-AG-4021",0.958895956185991,6.13378749103518,-0.6123865,-0.10561,"EXPLORATORY_POSTHOC"
"TCGA-READ","TCGA-AG-4022",1.21110530632791,5.84370502332307,-1.081464,0.19986,"EXPLORATORY_POSTHOC"
"TCGA-READ","TCGA-AG-A002",0.174499679854717,6.03801688577383,-0.04844708,0.2326,"EXPLORATORY_POSTHOC"
"TCGA-READ","TCGA-AG-A008",-0.51669998061465,6.10926234246471,-0.3049213,0.39936,"EXPLORATORY_POSTHOC"
"TCGA-READ","TCGA-AG-A00C",-1.06458207500838,5.70876110918378,-0.0228396,0.21707,"EXPLORATORY_POSTHOC"
"TCGA-READ","TCGA-AG-A00H",-0.673014504668705,5.43122512750298,-0.3606925,0.19661,"EXPLORATORY_POSTHOC"
"TCGA-READ","TCGA-AG-A00Y",0.129486621027043,5.76079578050872,-0.2328421,0.83598,"EXPLORATORY_POSTHOC"
"TCGA-READ","TCGA-AG-A011",-1.24351316182659,5.65396858295391,0.05435545,-0.043233,"EXPLORATORY_POSTHOC"
"TCGA-READ","TCGA-AG-A014",-0.576427899136864,5.67145190168792,-0.318304,0.80801,"EXPLORATORY_POSTHOC"
"TCGA-READ","TCGA-AG-A015",-1.14541842509351,5.85976833188535,-0.09773034,-0.16952,"EXPLORATORY_POSTHOC"
"TCGA-READ","TCGA-AG-A016",-0.831189274573481,5.98609004783222,-0.6131031,-0.11762,"EXPLORATORY_POSTHOC"
"TCGA-READ","TCGA-AG-A01J",-1.30466326585487,5.5162610399749,-0.3512138,0.45649,"EXPLORATORY_POSTHOC"
"TCGA-READ","TCGA-AG-A01N",-0.675949615833183,5.93440327058617,-0.2310084,0.13821,"EXPLORATORY_POSTHOC"
"TCGA-READ","TCGA-AG-A01W",0.200752678898447,5.80092836537123,-0.4671982,0.025509,"EXPLORATORY_POSTHOC"
"TCGA-READ","TCGA-AG-A01Y",0.713070832121515,6.15771072151763,-0.3534307,-0.23353,"EXPLORATORY_POSTHOC"
"TCGA-READ","TCGA-AG-A020",-0.362655050831669,5.88893316080845,-0.2277314,0.066721,"EXPLORATORY_POSTHOC"
"TCGA-READ","TCGA-AG-A023",-0.14696927155592,5.98196678604095,0.3802221,0.48198,"EXPLORATORY_POSTHOC"
"TCGA-READ","TCGA-AG-A026",-0.794250400203472,5.20325598081933,-0.5511694,0.022742,"EXPLORATORY_POSTHOC"
"TCGA-READ","TCGA-AG-A02G",0.178504025322747,5.81488875575807,-0.2814896,0.19284,"EXPLORATORY_POSTHOC"
"TCGA-READ","TCGA-AG-A02N",-0.411674551939643,5.7358930928633,0.5679016,0.364,"EXPLORATORY_POSTHOC"
"TCGA-READ","TCGA-AG-A02X",-0.0624146346940991,5.92483387670733,-0.294175,0.43724,"EXPLORATORY_POSTHOC"
"TCGA-READ","TCGA-AG-A036",0.252697798253515,5.64828998499487,-0.1845243,0.50731,"EXPLORATORY_POSTHOC"
"TCGA-READ","TCGA-AH-6544",-1.4761435838153,5.40038422519156,0.2368815,-0.33827,"EXPLORATORY_POSTHOC"
"TCGA-READ","TCGA-AH-6547",0.548184274033212,6.28387918699489,-0.8056045,0.28369,"EXPLORATORY_POSTHOC"
"TCGA-READ","TCGA-AH-6549",0.973332932895355,6.40394254940788,-0.1893693,0.98438,"EXPLORATORY_POSTHOC"
"TCGA-READ","TCGA-AH-6643",-0.0895526164964406,5.95447086170431,-1.874836,0.031066,"EXPLORATORY_POSTHOC"
"TCGA-READ","TCGA-AH-6644",1.15106035359023,6.08513143030293,-1.434282,0.39792,"EXPLORATORY_POSTHOC"
"TCGA-READ","TCGA-AH-6897",0.125074694030526,7.21826582752465,0.9982219,-0.2133,"EXPLORATORY_POSTHOC"
"TCGA-READ","TCGA-BM-6198",-0.128585123786261,4.9624981251508,-1.106209,0.17007,"EXPLORATORY_POSTHOC"
"TCGA-READ","TCGA-CI-6621",1.36354021533536,6.67812966811317,-1.152317,0.63867,"EXPLORATORY_POSTHOC"
"TCGA-READ","TCGA-CL-5918",-1.49569870543976,5.1740388264448,-0.6580036,0.58029,"EXPLORATORY_POSTHOC"
"TCGA-READ","TCGA-DC-4745",-0.396099002309406,5.34677255292931,-0.3803585,-0.033217,"EXPLORATORY_POSTHOC"
"TCGA-READ","TCGA-DC-4749",-0.196182389034518,5.9596565709572,-1.537598,0.22637,"EXPLORATORY_POSTHOC"
"TCGA-READ","TCGA-DC-5337",-0.317162903746038,5.53010820784943,-0.6162003,0.042627,"EXPLORATORY_POSTHOC"
"TCGA-READ","TCGA-DC-5869",0.371833744622298,5.7602901515798,-0.4436473,0.57182,"EXPLORATORY_POSTHOC"
"TCGA-READ","TCGA-DC-6155",-4.01325826034933,3.58964365683906,NA,0.23346,"EXPLORATORY_POSTHOC"
"TCGA-READ","TCGA-DC-6156",1.84964397198401,6.45386487727021,NA,0.16086,"EXPLORATORY_POSTHOC"
"TCGA-READ","TCGA-DC-6157",0.34659643415928,6.13410591393054,-0.1386603,-0.11232,"EXPLORATORY_POSTHOC"
"TCGA-READ","TCGA-DC-6158",2.13044311255545,6.32653375290262,NA,0.26242,"EXPLORATORY_POSTHOC"
"TCGA-READ","TCGA-DC-6160",0.834364257550207,6.4611159651332,0.1973947,0.035784,"EXPLORATORY_POSTHOC"
"TCGA-READ","TCGA-DC-6681",0.508762861521141,5.96975143026385,-0.5756094,0.20561,"EXPLORATORY_POSTHOC"
"TCGA-READ","TCGA-DC-6682",-0.735198940241595,5.83232041685226,NA,-0.18647,"EXPLORATORY_POSTHOC"
"TCGA-READ","TCGA-DC-6683",0.189085529806844,6.03575365848054,-0.6526005,0.28171,"EXPLORATORY_POSTHOC"
"TCGA-READ","TCGA-DT-5265",0.137233221281878,5.84510109811562,-1.129138,-0.059774,"EXPLORATORY_POSTHOC"
"TCGA-READ","TCGA-DY-A0XA",-0.507877861559309,5.67506221402454,-0.2613469,0.65604,"EXPLORATORY_POSTHOC"
"TCGA-READ","TCGA-DY-A1DC",-0.789085740348008,5.27268016762593,-0.1950063,0.35194,"EXPLORATORY_POSTHOC"
"TCGA-READ","TCGA-DY-A1DD",-2.50054039899766,4.35402188329366,-0.5308959,-0.087366,"EXPLORATORY_POSTHOC"
"TCGA-READ","TCGA-DY-A1DE",0.0449273066458864,5.73086272778109,-0.02281311,0.037323,"EXPLORATORY_POSTHOC"
"TCGA-READ","TCGA-DY-A1DF",-4.12723311047042,3.69012651575921,-1.66271,1.1118,"EXPLORATORY_POSTHOC"
"TCGA-READ","TCGA-DY-A1DG",-1.61973759259934,5.23922617280342,-0.8622808,-0.63167,"EXPLORATORY_POSTHOC"
"TCGA-READ","TCGA-DY-A1H8",-2.88887699636382,3.74607623965374,-0.8912112,1.475,"EXPLORATORY_POSTHOC"
"TCGA-READ","TCGA-EF-5830",-0.483797377544075,5.04933888866054,-0.84214,-0.035166,"EXPLORATORY_POSTHOC"
"TCGA-READ","TCGA-EF-5831",0.233266725967533,5.55553090016455,-1.011503,0.33211,"EXPLORATORY_POSTHOC"
"TCGA-READ","TCGA-EI-6506",0.783729004936112,6.32806810495284,0.0500031,0.10973,"EXPLORATORY_POSTHOC"
"TCGA-READ","TCGA-EI-6507",1.93593744617006,5.87389930480449,-1.475174,-0.2804,"EXPLORATORY_POSTHOC"
"TCGA-READ","TCGA-EI-6508",-0.0540222020957894,6.28929224629562,-0.2383745,0.00044065,"EXPLORATORY_POSTHOC"
"TCGA-READ","TCGA-EI-6509",-1.52130821750973,4.84554524865521,-1.653016,0.34261,"EXPLORATORY_POSTHOC"
"TCGA-READ","TCGA-EI-6510",-0.982542938290427,5.97375360951096,-0.6986471,-0.094956,"EXPLORATORY_POSTHOC"
"TCGA-READ","TCGA-EI-6511",0.683126168578928,5.7238670533541,-1.264104,0.59728,"EXPLORATORY_POSTHOC"
"TCGA-READ","TCGA-EI-6512",0.616751232245716,6.16975667720177,-0.3767981,0.65315,"EXPLORATORY_POSTHOC"
"TCGA-READ","TCGA-EI-6513",0.0528629519090659,5.93015304602194,-1.227059,0.17501,"EXPLORATORY_POSTHOC"
"TCGA-READ","TCGA-EI-6514",-1.36604934701655,5.62389319243528,-0.6564904,0.16623,"EXPLORATORY_POSTHOC"
"TCGA-READ","TCGA-EI-6881",0.382828867018497,6.14042080013396,-1.304174,0.55732,"EXPLORATORY_POSTHOC"
"TCGA-READ","TCGA-EI-6882",1.48376948866564,6.96888562853967,0.4844244,0.13777,"EXPLORATORY_POSTHOC"
"TCGA-READ","TCGA-EI-6884",1.43624556138687,6.89342410163608,-0.2203703,0.020484,"EXPLORATORY_POSTHOC"
"TCGA-READ","TCGA-EI-6885",2.14176022877611,6.308069580542,-1.196165,0.54554,"EXPLORATORY_POSTHOC"
"TCGA-READ","TCGA-EI-6917",1.80746893958089,6.22142471831072,-0.6397119,-0.26516,"EXPLORATORY_POSTHOC"
"TCGA-READ","TCGA-F5-6464",1.76212663273162,6.33317503345752,-0.1932315,-0.0035954,"EXPLORATORY_POSTHOC"
"TCGA-READ","TCGA-F5-6465",1.04177457688389,5.91032972537513,-0.8485033,0.73016,"EXPLORATORY_POSTHOC"
"TCGA-READ","TCGA-F5-6571",0.0589074851935679,5.92245239119277,-1.387913,-0.16505,"EXPLORATORY_POSTHOC"
"TCGA-READ","TCGA-F5-6702",0.991529594677969,5.87799694480582,-0.9044502,0.57079,"EXPLORATORY_POSTHOC"
"TCGA-READ","TCGA-F5-6811",0.80236394119523,6.16215564413881,0.02805046,0.32347,"EXPLORATORY_POSTHOC"
"TCGA-READ","TCGA-F5-6812",-0.448874089667447,5.60861115414303,-0.6878148,-0.12416,"EXPLORATORY_POSTHOC"
"TCGA-READ","TCGA-F5-6813",-0.305587608118814,6.27292832314848,-0.2074481,0.2049,"EXPLORATORY_POSTHOC"
"TCGA-READ","TCGA-F5-6861",0.267082146570877,6.11947861000241,0.005931577,0.12104,"EXPLORATORY_POSTHOC"
"TCGA-READ","TCGA-F5-6863",-0.243108604495649,5.1548181090521,-0.09416975,0.26115,"EXPLORATORY_POSTHOC"
"TCGA-READ","TCGA-F5-6864",0.937927331801125,6.57823832292326,-0.08469072,-0.013275,"EXPLORATORY_POSTHOC"
"TCGA-READ","TCGA-G5-6233",0.410424457816765,5.47707499969728,-0.1732806,0.18516,"EXPLORATORY_POSTHOC"
"TCGA-READ","TCGA-G5-6235",-1.10452631164261,5.62116982156497,-0.1080501,0.4427,"EXPLORATORY_POSTHOC"
"TCGA-READ","TCGA-G5-6572",-0.45497254369608,5.47905590587994,-0.9556912,1.0822,"EXPLORATORY_POSTHOC"
"TCGA-READ","TCGA-G5-6641",-1.65564252390098,5.80111984562617,0.2151278,-0.31574,"EXPLORATORY_POSTHOC"
"TCGA-STAD","TCGA-B7-5816",2.44269812543252,8.56093233573371,1.285019,0.90245,"EXPLORATORY_POSTHOC"
"TCGA-STAD","TCGA-B7-5818",0.21993618776727,7.50732132688487,0.821391,0.98505,"EXPLORATORY_POSTHOC"
"TCGA-STAD","TCGA-B7-A5TI",-0.250120865033088,5.76959985368484,-0.3403306,-0.24627,"EXPLORATORY_POSTHOC"
"TCGA-STAD","TCGA-B7-A5TJ",-1.61231396588008,4.89860985159307,-0.5958269,-0.077296,"EXPLORATORY_POSTHOC"
"TCGA-STAD","TCGA-B7-A5TK",0.99806936489076,6.15170460503251,0.2155627,-0.072302,"EXPLORATORY_POSTHOC"
"TCGA-STAD","TCGA-B7-A5TN",0.357849275536727,5.96821519640989,-1.811183,1.0567,"EXPLORATORY_POSTHOC"
"TCGA-STAD","TCGA-BR-4187",0.217711889803769,6.56965969222869,0.2331308,0.3803,"EXPLORATORY_POSTHOC"
"TCGA-STAD","TCGA-BR-4191",1.27022621948055,6.41079560679014,-0.2467267,0.60203,"EXPLORATORY_POSTHOC"
"TCGA-STAD","TCGA-BR-4201",0.858818473093969,6.09177598611738,-1.262815,0.26685,"EXPLORATORY_POSTHOC"
"TCGA-STAD","TCGA-BR-4253",1.54470199840825,6.79695070188597,0.236624,0.049653,"EXPLORATORY_POSTHOC"
"TCGA-STAD","TCGA-BR-4255",0.258406082385903,6.57903981893097,-1.051354,0.15704,"EXPLORATORY_POSTHOC"
"TCGA-STAD","TCGA-BR-4256",2.11088363945484,6.71318577818411,-0.4917911,1.1258,"EXPLORATORY_POSTHOC"
"TCGA-STAD","TCGA-BR-4257",0.56351396510778,6.2520106314361,-0.5711988,0.19871,"EXPLORATORY_POSTHOC"
"TCGA-STAD","TCGA-BR-4267",0.361111733019623,6.25644459647344,-0.6305187,0.57444,"EXPLORATORY_POSTHOC"
"TCGA-STAD","TCGA-BR-4279",-0.156083550158421,6.16135160949563,-0.9102638,0.4689,"EXPLORATORY_POSTHOC"
"TCGA-STAD","TCGA-BR-4280",-0.353170564816473,6.17567229612087,-0.603937,0.17266,"EXPLORATORY_POSTHOC"
"TCGA-STAD","TCGA-BR-4292",-0.154883332964404,6.02392286576014,-0.07798649,0.13877,"EXPLORATORY_POSTHOC"
"TCGA-STAD","TCGA-BR-4294",-3.0284323511402,5.65188978988813,-0.2178561,0.54784,"EXPLORATORY_POSTHOC"
"TCGA-STAD","TCGA-BR-4357",0.567859272233964,6.36925707875292,-0.2674697,0.52734,"EXPLORATORY_POSTHOC"
"TCGA-STAD","TCGA-BR-4361",0.720980109225908,6.30284543257254,-0.263701,-0.077008,"EXPLORATORY_POSTHOC"
"TCGA-STAD","TCGA-BR-4363",0.87277206657385,6.8592589552375,0.1006278,-0.0029053,"EXPLORATORY_POSTHOC"
"TCGA-STAD","TCGA-BR-4366",0.508208892577166,6.52702653338482,-0.4778798,0.13068,"EXPLORATORY_POSTHOC"
"TCGA-STAD","TCGA-BR-4367",0.610441172412412,6.2974500658112,0.1551468,0.4726,"EXPLORATORY_POSTHOC"
"TCGA-STAD","TCGA-BR-4368",0.795008558438197,6.19143631460532,-0.2240464,0.28503,"EXPLORATORY_POSTHOC"
"TCGA-STAD","TCGA-BR-4369",0.163290657955487,6.53806629291047,-0.2169108,0.15408,"EXPLORATORY_POSTHOC"
"TCGA-STAD","TCGA-BR-4370",1.21849621925499,6.61680611676899,-0.2046686,0.47159,"EXPLORATORY_POSTHOC"
"TCGA-STAD","TCGA-BR-4371",-0.641335001346926,5.89362674532438,-0.6636786,-0.17685,"EXPLORATORY_POSTHOC"
"TCGA-STAD","TCGA-BR-6452",1.11095039266884,6.40466303891356,0.1740808,0.027792,"EXPLORATORY_POSTHOC"
"TCGA-STAD","TCGA-BR-6453",-0.967876923827562,5.29466853163034,-0.7747812,0.69648,"EXPLORATORY_POSTHOC"
"TCGA-STAD","TCGA-BR-6454",0.654701237267345,6.8209626563823,0.1697005,0.24958,"EXPLORATORY_POSTHOC"
"TCGA-STAD","TCGA-BR-6455",1.06946997877424,6.17087446318069,-0.1301308,0.12091,"EXPLORATORY_POSTHOC"
"TCGA-STAD","TCGA-BR-6456",1.71722520968489,6.69437181782448,-0.2395049,0.044401,"EXPLORATORY_POSTHOC"
"TCGA-STAD","TCGA-BR-6457",0.0482155249144575,6.36674184631419,-0.7607406,0.27238,"EXPLORATORY_POSTHOC"
"TCGA-STAD","TCGA-BR-6458",1.36815789679114,6.16733584714121,-0.1744198,0.27692,"EXPLORATORY_POSTHOC"
"TCGA-STAD","TCGA-BR-6564",0.0721637359579903,6.45142543917448,-0.2969467,-0.20136,"EXPLORATORY_POSTHOC"
"TCGA-STAD","TCGA-BR-6565",0.795876298924299,7.86160866390654,1.366423,0.4888,"EXPLORATORY_POSTHOC"
"TCGA-STAD","TCGA-BR-6566",-1.0647966356145,5.2854946963496,-0.6389286,-0.37699,"EXPLORATORY_POSTHOC"
"TCGA-STAD","TCGA-BR-6705",0.659752803884102,6.5106280992412,-0.03027395,0.52845,"EXPLORATORY_POSTHOC"
"TCGA-STAD","TCGA-BR-6706",0.275977086178241,5.95879164654192,0.006143518,0.096594,"EXPLORATORY_POSTHOC"
"TCGA-STAD","TCGA-BR-6707",-0.531528430505638,5.80783917411214,0.03410681,-0.29375,"EXPLORATORY_POSTHOC"
"TCGA-STAD","TCGA-BR-6709",0.842681560801088,6.65811577604491,0.2524456,0.020502,"EXPLORATORY_POSTHOC"
"TCGA-STAD","TCGA-BR-6710",-1.94895403089974,5.3110671022556,-0.2183793,0.61115,"EXPLORATORY_POSTHOC"
"TCGA-STAD","TCGA-BR-6801",-1.57972427962089,5.47108013237237,-0.2201846,0.14276,"EXPLORATORY_POSTHOC"
"TCGA-STAD","TCGA-BR-6802",1.03982563341661,6.50222556582327,-0.3795704,0.62848,"EXPLORATORY_POSTHOC"
"TCGA-STAD","TCGA-BR-6803",-0.323096982686559,6.18188571995961,-0.2638623,0.06948,"EXPLORATORY_POSTHOC"
"TCGA-STAD","TCGA-BR-6852",1.00513063583569,6.40387951075071,0.02712173,0.46373,"EXPLORATORY_POSTHOC"
"TCGA-STAD","TCGA-BR-7196",0.999387427303603,6.80710629336452,0.08556075,0.89331,"EXPLORATORY_POSTHOC"
"TCGA-STAD","TCGA-BR-7197",-1.75024950890874,5.3566790860255,-0.268341,-0.11096,"EXPLORATORY_POSTHOC"
"TCGA-STAD","TCGA-BR-7703",-0.815831605007595,5.68225584704341,-0.05647605,0.051629,"EXPLORATORY_POSTHOC"
"TCGA-STAD","TCGA-BR-7704",0.105724464015071,5.43095761559845,-0.73874,-0.29651,"EXPLORATORY_POSTHOC"
"TCGA-STAD","TCGA-BR-7715",-0.811490779341599,6.11912165777857,-0.3138,0.11512,"EXPLORATORY_POSTHOC"
"TCGA-STAD","TCGA-BR-7716",1.55357220827412,6.65688673778529,0.2303871,0.01439,"EXPLORATORY_POSTHOC"
"TCGA-STAD","TCGA-BR-7717",-1.14965497625487,4.92856456444694,-0.7929994,0.30635,"EXPLORATORY_POSTHOC"
"TCGA-STAD","TCGA-BR-7722",-0.649082215113541,5.81736743783865,0.1219087,0.84018,"EXPLORATORY_POSTHOC"
"TCGA-STAD","TCGA-BR-7723",0.117727836599282,5.65278188731781,-0.4798025,-0.20064,"EXPLORATORY_POSTHOC"
"TCGA-STAD","TCGA-BR-7901",1.42741652786887,6.60390818075405,-0.002727932,0.52714,"EXPLORATORY_POSTHOC"
"TCGA-STAD","TCGA-BR-7957",1.21931234619286,7.19721964239843,-0.11299,0.33683,"EXPLORATORY_POSTHOC"
"TCGA-STAD","TCGA-BR-7958",1.27990919718309,6.79665874752987,0.1597578,0.14629,"EXPLORATORY_POSTHOC"
"TCGA-STAD","TCGA-BR-7959",0.896449859184744,6.72056029959451,-0.5524434,0.37695,"EXPLORATORY_POSTHOC"
"TCGA-STAD","TCGA-BR-8058",1.09009099324592,6.85498678533787,0.1841223,0.02356,"EXPLORATORY_POSTHOC"
"TCGA-STAD","TCGA-BR-8059",-0.0554631210193312,6.05277886992956,-0.08072307,0.22568,"EXPLORATORY_POSTHOC"
"TCGA-STAD","TCGA-BR-8060",0.502298329801293,6.45298083106545,0.2331596,-0.019739,"EXPLORATORY_POSTHOC"
"TCGA-STAD","TCGA-BR-8080",0.613492389164057,6.69948778030587,-0.5381378,0.37945,"EXPLORATORY_POSTHOC"
"TCGA-STAD","TCGA-BR-8081",0.600818201225605,5.95654227180539,0.04592897,0.69858,"EXPLORATORY_POSTHOC"
"TCGA-STAD","TCGA-BR-8284",0.965948049926731,6.4823013618611,-0.1811061,0.043715,"EXPLORATORY_POSTHOC"
"TCGA-STAD","TCGA-BR-8286",0.403615879228176,6.09872693656907,-0.5640171,-0.41309,"EXPLORATORY_POSTHOC"
"TCGA-STAD","TCGA-BR-8289",-0.546962537574702,6.18516286172135,0.1026331,0.0028083,"EXPLORATORY_POSTHOC"
"TCGA-STAD","TCGA-BR-8291",0.769804835321366,6.69267547471921,-0.3482555,-0.14933,"EXPLORATORY_POSTHOC"
"TCGA-STAD","TCGA-BR-8295",-1.77455237291022,5.67470356612887,-0.3268549,0.0034504,"EXPLORATORY_POSTHOC"
"TCGA-STAD","TCGA-BR-8296",0.0558194334255249,6.14198857270294,-0.5058369,0.23229,"EXPLORATORY_POSTHOC"
"TCGA-STAD","TCGA-BR-8297",-0.287595919615056,6.60783775721379,0.2960481,0.41875,"EXPLORATORY_POSTHOC"
"TCGA-STAD","TCGA-BR-8361",-0.500804834698857,6.25701250457383,0.02706409,0.18649,"EXPLORATORY_POSTHOC"
"TCGA-STAD","TCGA-BR-8362",0.995570327498827,6.58712192075566,0.2791026,0.03507,"EXPLORATORY_POSTHOC"
"TCGA-STAD","TCGA-BR-8363",0.793785260415752,6.82554015511673,0.3592602,0.10597,"EXPLORATORY_POSTHOC"
"TCGA-STAD","TCGA-BR-8364",1.02591874408018,6.83900847554812,-0.3173905,-0.075326,"EXPLORATORY_POSTHOC"
"TCGA-STAD","TCGA-BR-8365",0.395387073846782,6.75060784463349,-0.3825157,0.46697,"EXPLORATORY_POSTHOC"
"TCGA-STAD","TCGA-BR-8366",1.16178940100086,6.09424873982855,0.04554884,-0.20548,"EXPLORATORY_POSTHOC"
"TCGA-STAD","TCGA-BR-8367",0.574318357532144,6.70135914319405,-0.1363736,-0.15989,"EXPLORATORY_POSTHOC"
"TCGA-STAD","TCGA-BR-8368",0.109703462342024,6.60341567387687,0.7896075,-0.094352,"EXPLORATORY_POSTHOC"
"TCGA-STAD","TCGA-BR-8369",-0.145868349260868,6.44935007199432,-0.09832112,0.60709,"EXPLORATORY_POSTHOC"
"TCGA-STAD","TCGA-BR-8371",-1.14850229640948,6.40162193434527,-0.09188876,0.3657,"EXPLORATORY_POSTHOC"
"TCGA-STAD","TCGA-BR-8372",0.564881554768804,5.98421564121498,0.09680033,-0.31712,"EXPLORATORY_POSTHOC"
"TCGA-STAD","TCGA-BR-8380",0.185220551723445,6.87913597545425,-0.2070808,-0.24427,"EXPLORATORY_POSTHOC"
"TCGA-STAD","TCGA-BR-8381",0.185100962534256,5.7390676916844,0.01176224,-0.095795,"EXPLORATORY_POSTHOC"
"TCGA-STAD","TCGA-BR-8382",0.123865028645716,5.82642645682266,-1.074451,0.19628,"EXPLORATORY_POSTHOC"
"TCGA-STAD","TCGA-BR-8384",0.79950897099865,7.0608980029081,-0.2163287,-0.074062,"EXPLORATORY_POSTHOC"
"TCGA-STAD","TCGA-BR-8483",-1.74394915722191,4.8874960266268,0.2044386,0.39548,"EXPLORATORY_POSTHOC"
"TCGA-STAD","TCGA-BR-8484",0.813588875380543,6.41581949852037,-0.647517,0.016823,"EXPLORATORY_POSTHOC"
"TCGA-STAD","TCGA-BR-8485",0.715738448282431,6.46824769172547,-0.622997,0.37355,"EXPLORATORY_POSTHOC"
"TCGA-STAD","TCGA-BR-8486",0.463500881314151,6.51787564138466,-0.7118464,0.40187,"EXPLORATORY_POSTHOC"
"TCGA-STAD","TCGA-BR-8588",0.03610483114059,6.2584002027581,-1.266771,0.49611,"EXPLORATORY_POSTHOC"
"TCGA-STAD","TCGA-BR-8589",0.923450896153701,6.38555010639207,-0.5462935,-0.21473,"EXPLORATORY_POSTHOC"
"TCGA-STAD","TCGA-BR-8590",0.93612263407812,6.75232845768399,0.2250268,0.46475,"EXPLORATORY_POSTHOC"
"TCGA-STAD","TCGA-BR-8591",0.996665976497632,7.17624297535396,0.1215497,0.44192,"EXPLORATORY_POSTHOC"
"TCGA-STAD","TCGA-BR-8592",-0.04461494133498,6.57507327374272,-0.2597001,0.0022457,"EXPLORATORY_POSTHOC"
"TCGA-STAD","TCGA-BR-8676",-2.61913541052947,5.1183015783897,-0.1378376,0.14154,"EXPLORATORY_POSTHOC"
"TCGA-STAD","TCGA-BR-8677",1.42077524028896,6.49837853400646,0.07505908,0.16532,"EXPLORATORY_POSTHOC"
"TCGA-STAD","TCGA-BR-8678",0.51638588340708,6.35434283998717,-0.5249211,0.037725,"EXPLORATORY_POSTHOC"
"TCGA-STAD","TCGA-BR-8679",0.36410059422376,5.83492859460074,-0.6786298,0.52263,"EXPLORATORY_POSTHOC"
"TCGA-STAD","TCGA-BR-8680",-0.312806508379689,5.98493107276922,-0.6157527,0.077909,"EXPLORATORY_POSTHOC"
"TCGA-STAD","TCGA-BR-8682",0.0998162363653764,6.64468838474815,-0.3880881,0.029133,"EXPLORATORY_POSTHOC"
"TCGA-STAD","TCGA-BR-8683",1.90109860214615,6.59999018046687,-0.2214811,0.01434,"EXPLORATORY_POSTHOC"
"TCGA-STAD","TCGA-BR-8686",0.653220847427696,6.53268475603921,0.2616221,0.020217,"EXPLORATORY_POSTHOC"
"TCGA-STAD","TCGA-BR-8687",-0.66809325954634,5.98659524256123,-0.4929613,-0.076947,"EXPLORATORY_POSTHOC"
"TCGA-STAD","TCGA-BR-8690",-1.30578810303043,5.38256350776081,-0.7982856,0.60194,"EXPLORATORY_POSTHOC"
"TCGA-STAD","TCGA-BR-A44T",-1.17654940732039,5.54052329643822,-0.245788,0.053436,"EXPLORATORY_POSTHOC"
"TCGA-STAD","TCGA-BR-A44U",-2.70562753979496,4.99976554300571,-0.01460221,0.042811,"EXPLORATORY_POSTHOC"
"TCGA-STAD","TCGA-BR-A452",-0.126511103041452,5.6433684764227,-0.6564566,0.3321,"EXPLORATORY_POSTHOC"
"TCGA-STAD","TCGA-BR-A453",-1.03463584606062,5.88263326834536,-0.6072542,0.19996,"EXPLORATORY_POSTHOC"
"TCGA-STAD","TCGA-BR-A4CR",-0.828009157369266,6.16238327179875,-0.6526308,-0.013319,"EXPLORATORY_POSTHOC"
"TCGA-STAD","TCGA-BR-A4CS",-1.66684804489794,5.27662321228672,-0.4200567,0.72468,"EXPLORATORY_POSTHOC"
"TCGA-STAD","TCGA-BR-A4IU",0.0100894759234866,6.49624502136118,-0.0173856,0.49585,"EXPLORATORY_POSTHOC"
"TCGA-STAD","TCGA-BR-A4IV",-0.217449511423844,6.77815205571481,-0.903665,0.58576,"EXPLORATORY_POSTHOC"
"TCGA-STAD","TCGA-BR-A4IY",0.520243193684888,6.25883735281439,-0.2260555,0.41295,"EXPLORATORY_POSTHOC"
"TCGA-STAD","TCGA-BR-A4IZ",1.24045496947542,6.61202363769019,-0.4503902,0.27076,"EXPLORATORY_POSTHOC"
"TCGA-STAD","TCGA-BR-A4J1",-0.972368175349067,4.72609551652447,-0.8788727,-0.067991,"EXPLORATORY_POSTHOC"
"TCGA-STAD","TCGA-BR-A4J2",0.950372081281853,6.67223014061381,-0.5543792,0.2799,"EXPLORATORY_POSTHOC"
"TCGA-STAD","TCGA-BR-A4J4",0.44155820742926,6.82476530780753,0.3814832,-0.39709,"EXPLORATORY_POSTHOC"
"TCGA-STAD","TCGA-BR-A4J5",-0.406635149344726,5.9428499222652,-1.116634,0.1209,"EXPLORATORY_POSTHOC"
"TCGA-STAD","TCGA-BR-A4J6",-1.83693299702107,5.53914640077473,-0.2464765,-0.039812,"EXPLORATORY_POSTHOC"
"TCGA-STAD","TCGA-BR-A4J7",-0.597509323722907,5.88752283375466,-0.221666,0.48334,"EXPLORATORY_POSTHOC"
"TCGA-STAD","TCGA-BR-A4J8",-1.7479562629477,5.21819606808163,-0.2306309,0.32186,"EXPLORATORY_POSTHOC"
"TCGA-STAD","TCGA-BR-A4J9",-1.57794261926552,6.40901578665552,-0.2425714,0.56352,"EXPLORATORY_POSTHOC"
"TCGA-STAD","TCGA-BR-A4PD",0.366679340504594,5.42866166236959,-0.6306096,-0.42378,"EXPLORATORY_POSTHOC"
"TCGA-STAD","TCGA-BR-A4PE",0.720616731854332,5.99284998785664,-0.6259074,-0.11481,"EXPLORATORY_POSTHOC"
"TCGA-STAD","TCGA-BR-A4PF",0.288861059806678,5.96042830421783,-1.149157,0.17835,"EXPLORATORY_POSTHOC"
"TCGA-STAD","TCGA-BR-A4QI",0.142778702855143,6.58341829145041,-0.5817666,0.53687,"EXPLORATORY_POSTHOC"
"TCGA-STAD","TCGA-BR-A4QL",-3.06046310516613,4.01501578181867,-0.2622181,-0.21931,"EXPLORATORY_POSTHOC"
"TCGA-STAD","TCGA-BR-A4QM",-3.9175273212042,4.56242561196062,-0.2703025,0.34793,"EXPLORATORY_POSTHOC"
"TCGA-STAD","TCGA-CD-5798",0.00727856089143386,5.8478616475545,-0.3260652,0.26787,"EXPLORATORY_POSTHOC"
"TCGA-STAD","TCGA-CD-5799",-0.680530451748741,5.40699237231062,-0.7690405,0.15765,"EXPLORATORY_POSTHOC"
"TCGA-STAD","TCGA-CD-5800",0.213014042440045,5.76745352718084,-0.09417697,0.26837,"EXPLORATORY_POSTHOC"
"TCGA-STAD","TCGA-CD-5801",-0.527771580521974,5.49495635966868,0.1275095,0.81884,"EXPLORATORY_POSTHOC"
"TCGA-STAD","TCGA-CD-5803",1.7054836613274,6.74385960540508,0.3215932,0.09193,"EXPLORATORY_POSTHOC"
"TCGA-STAD","TCGA-CD-5804",-0.629242299497236,5.90685212322779,-0.6752637,0.35429,"EXPLORATORY_POSTHOC"
"TCGA-STAD","TCGA-CD-5813",0.165062778757271,6.15521087360158,-0.1810367,0.042924,"EXPLORATORY_POSTHOC"
"TCGA-STAD","TCGA-CD-8524",0.747954198971141,6.09820477480451,-0.1663968,0.20555,"EXPLORATORY_POSTHOC"
"TCGA-STAD","TCGA-CD-8525",-0.593762524801512,6.08253016062125,0.1577635,0.54356,"EXPLORATORY_POSTHOC"
"TCGA-STAD","TCGA-CD-8526",0.745970926457755,6.3205929843907,0.1677868,0.3233,"EXPLORATORY_POSTHOC"
"TCGA-STAD","TCGA-CD-8527",-1.03661405422791,5.84939133858796,-0.05158831,0.21982,"EXPLORATORY_POSTHOC"
"TCGA-STAD","TCGA-CD-8528",0.187756349026498,6.36125427264244,-1.022174,0.21608,"EXPLORATORY_POSTHOC"
"TCGA-STAD","TCGA-CD-8529",1.13277493386767,6.86349125465408,0.1396653,0.1529,"EXPLORATORY_POSTHOC"
"TCGA-STAD","TCGA-CD-8530",0.176329551005924,6.17758497746804,-0.2401274,0.3424,"EXPLORATORY_POSTHOC"
"TCGA-STAD","TCGA-CD-8531",-0.10479318687165,5.10691778015536,-1.108533,-0.75156,"EXPLORATORY_POSTHOC"
"TCGA-STAD","TCGA-CD-8532",0.775709433535319,6.48492920478775,0.3696234,0.088973,"EXPLORATORY_POSTHOC"
"TCGA-STAD","TCGA-CD-8533",-0.196876767654835,5.91440426829436,-0.4183887,0.10307,"EXPLORATORY_POSTHOC"
"TCGA-STAD","TCGA-CD-8534",-1.29804979762278,5.79258729429137,0.1387664,-0.12895,"EXPLORATORY_POSTHOC"
"TCGA-STAD","TCGA-CD-8535",-0.49304744520072,6.15460953595599,-0.9741666,-0.058669,"EXPLORATORY_POSTHOC"
"TCGA-STAD","TCGA-CD-8536",0.0437543593586451,5.4003808093524,-0.6933043,0.15657,"EXPLORATORY_POSTHOC"
"TCGA-STAD","TCGA-CD-A486",-0.441140085336621,5.92916370554656,0.1371367,0.46084,"EXPLORATORY_POSTHOC"
"TCGA-STAD","TCGA-CD-A487",-0.94465942070508,6.06651762879454,-0.03795187,0.93253,"EXPLORATORY_POSTHOC"
"TCGA-STAD","TCGA-CD-A489",-0.472314450108861,6.03352872188051,0.0526916,0.08902,"EXPLORATORY_POSTHOC"
"TCGA-STAD","TCGA-CD-A48A",-1.86724750236992,5.08271536100744,-0.1823368,0.26348,"EXPLORATORY_POSTHOC"
"TCGA-STAD","TCGA-CD-A48C",-0.338407369050891,5.29588094839806,-0.2683417,0.19411,"EXPLORATORY_POSTHOC"
"TCGA-STAD","TCGA-CD-A4MG",-1.88963187505177,4.42623791361444,-0.5137434,0.22828,"EXPLORATORY_POSTHOC"
"TCGA-STAD","TCGA-CD-A4MH",-1.58043732601156,5.03938847447338,-0.6085017,0.33218,"EXPLORATORY_POSTHOC"
"TCGA-STAD","TCGA-CD-A4MI",0.0242452683010227,5.91433968280821,0.09433075,0.083266,"EXPLORATORY_POSTHOC"
"TCGA-STAD","TCGA-CD-A4MJ",0.419955741804426,5.84892334022378,-0.370377,0.82715,"EXPLORATORY_POSTHOC"
"TCGA-STAD","TCGA-CG-4301",0.374651094732554,6.12688615322935,-0.6866818,0.14386,"EXPLORATORY_POSTHOC"
"TCGA-STAD","TCGA-CG-4305",0.396759714638751,5.89956236015469,-0.3358751,0.020351,"EXPLORATORY_POSTHOC"
"TCGA-STAD","TCGA-CG-4306",0.776131693911487,6.70142429890322,0.1521958,0.64075,"EXPLORATORY_POSTHOC"
"TCGA-STAD","TCGA-CG-4436",-0.593879106766216,6.25024345704837,-0.5728183,0.067749,"EXPLORATORY_POSTHOC"
"TCGA-STAD","TCGA-CG-4437",0.434843758277391,6.06759569694004,-0.08114508,0.45908,"EXPLORATORY_POSTHOC"
"TCGA-STAD","TCGA-CG-4438",0.739446385643791,7.03993893770895,0.3131134,0.3384,"EXPLORATORY_POSTHOC"
"TCGA-STAD","TCGA-CG-4442",-0.473066921369054,5.53393394117766,-0.6523586,-0.36658,"EXPLORATORY_POSTHOC"
"TCGA-STAD","TCGA-CG-4443",-2.07244811194157,6.22215732017705,0.6475753,0.37075,"EXPLORATORY_POSTHOC"
"TCGA-STAD","TCGA-CG-4444",-0.138124722212932,5.6814380205709,-1.018151,0.17219,"EXPLORATORY_POSTHOC"
"TCGA-STAD","TCGA-CG-4460",-0.707325799058046,5.6065695539717,-0.4591682,0.090741,"EXPLORATORY_POSTHOC"
"TCGA-STAD","TCGA-CG-4465",0.748392020133533,6.85489704991793,-0.02538629,0.42366,"EXPLORATORY_POSTHOC"
"TCGA-STAD","TCGA-CG-4466",-1.13715436160054,5.57146748873548,-0.6044894,0.031885,"EXPLORATORY_POSTHOC"
"TCGA-STAD","TCGA-CG-4469",-0.354799140343741,5.70675707821036,-1.503507,0.58903,"EXPLORATORY_POSTHOC"
"TCGA-STAD","TCGA-CG-4475",1.29388685090925,7.12002942979285,-0.670466,0.70048,"EXPLORATORY_POSTHOC"
"TCGA-STAD","TCGA-CG-4476",0.155701157694535,6.41016638844206,-0.353253,0.75725,"EXPLORATORY_POSTHOC"
"TCGA-STAD","TCGA-CG-4477",0.466748497195743,6.29157593263125,-1.073333,0.65527,"EXPLORATORY_POSTHOC"
"TCGA-STAD","TCGA-CG-5716",-1.52335369512918,4.95480118471343,-0.9233596,0.62273,"EXPLORATORY_POSTHOC"
"TCGA-STAD","TCGA-CG-5717",0.344009730143764,6.48025865835252,0.008608515,0.261,"EXPLORATORY_POSTHOC"
"TCGA-STAD","TCGA-CG-5718",-0.326654280008035,4.93531358502154,-1.3785,0.5877,"EXPLORATORY_POSTHOC"
"TCGA-STAD","TCGA-CG-5719",-0.0205263059208145,6.04208833747386,0.1766053,0.73319,"EXPLORATORY_POSTHOC"
"TCGA-STAD","TCGA-CG-5720",0.030787133235478,5.83789784168239,-0.1786216,-0.25482,"EXPLORATORY_POSTHOC"
"TCGA-STAD","TCGA-CG-5721",0.870354672943383,6.1802771790298,-0.1393071,0.20348,"EXPLORATORY_POSTHOC"
"TCGA-STAD","TCGA-CG-5723",0.485513330425233,5.92999924575158,-0.1895732,0.52197,"EXPLORATORY_POSTHOC"
"TCGA-STAD","TCGA-CG-5724",0.30360119664811,5.66116526751479,-0.4461708,0.26802,"EXPLORATORY_POSTHOC"
"TCGA-STAD","TCGA-CG-5725",-1.38050707073528,5.79925830505002,-0.01163893,0.37078,"EXPLORATORY_POSTHOC"
"TCGA-STAD","TCGA-CG-5726",-0.708927106418822,5.53432311701054,-0.4244069,-0.012205,"EXPLORATORY_POSTHOC"
"TCGA-STAD","TCGA-CG-5732",-0.668122426440091,5.07951038410318,-1.194298,0.13628,"EXPLORATORY_POSTHOC"
"TCGA-STAD","TCGA-CG-5734",-1.32172884390708,4.99375133965827,-0.1704078,0.25021,"EXPLORATORY_POSTHOC"
"TCGA-STAD","TCGA-D7-5577",0.980751989746713,6.21995065579029,-0.07320823,0.074659,"EXPLORATORY_POSTHOC"
"TCGA-STAD","TCGA-D7-5578",0.323154772809236,5.65236602628677,-0.4584006,-0.07578,"EXPLORATORY_POSTHOC"
"TCGA-STAD","TCGA-D7-6518",-0.684453288854002,5.74581010067542,-0.5440513,0.07504,"EXPLORATORY_POSTHOC"
"TCGA-STAD","TCGA-D7-6519",-0.255733323774312,5.73743529526983,-1.063511,0.3021,"EXPLORATORY_POSTHOC"
"TCGA-STAD","TCGA-D7-6520",0.507974574116355,6.7323858913335,0.596658,-0.062217,"EXPLORATORY_POSTHOC"
"TCGA-STAD","TCGA-D7-6521",0.0341142512505707,6.54740509898149,0.1942777,0.20817,"EXPLORATORY_POSTHOC"
"TCGA-STAD","TCGA-D7-6522",0.537786144523043,5.91741265936643,-0.3977667,0.17618,"EXPLORATORY_POSTHOC"
"TCGA-STAD","TCGA-D7-6524",1.54167394597637,6.5839597798478,0.02124314,0.39669,"EXPLORATORY_POSTHOC"
"TCGA-STAD","TCGA-D7-6525",1.08622609703321,6.29047785513925,-0.525486,0.21266,"EXPLORATORY_POSTHOC"
"TCGA-STAD","TCGA-D7-6527",-1.24721770767961,5.45772888983898,-0.1876537,-0.21164,"EXPLORATORY_POSTHOC"
"TCGA-STAD","TCGA-D7-6528",0.191295119995008,5.8787572157635,-0.8627883,0.69868,"EXPLORATORY_POSTHOC"
"TCGA-STAD","TCGA-D7-6815",0.155821268662683,5.81426585533176,-2.003636,0.28492,"EXPLORATORY_POSTHOC"
"TCGA-STAD","TCGA-D7-6817",0.712093947897734,6.47395246792733,0.4749212,-0.45667,"EXPLORATORY_POSTHOC"
"TCGA-STAD","TCGA-D7-6818",0.0504604120412154,6.18411165271712,-0.06127718,0.75285,"EXPLORATORY_POSTHOC"
"TCGA-STAD","TCGA-D7-6820",0.00702654531096144,7.00548757086641,0.1239532,0.64252,"EXPLORATORY_POSTHOC"
"TCGA-STAD","TCGA-D7-6822",0.815873543613312,6.34729536902172,-0.6347957,0.23528,"EXPLORATORY_POSTHOC"
"TCGA-STAD","TCGA-D7-8570",-0.0978849676073773,6.10832790232583,0.1231405,-0.058354,"EXPLORATORY_POSTHOC"
"TCGA-STAD","TCGA-D7-8572",1.64179670525362,6.7637528196626,-0.1248114,0.17566,"EXPLORATORY_POSTHOC"
"TCGA-STAD","TCGA-D7-8573",-0.26504064173007,6.00856308058516,-0.3981008,0.23333,"EXPLORATORY_POSTHOC"
"TCGA-STAD","TCGA-D7-8574",-0.25722738945067,6.27305891417539,-0.108863,-0.23246,"EXPLORATORY_POSTHOC"
"TCGA-STAD","TCGA-D7-8575",1.47368824322644,6.58383796267694,0.03768675,0.75802,"EXPLORATORY_POSTHOC"
"TCGA-STAD","TCGA-D7-8578",0.435215087236012,6.40252095487227,-0.481157,-0.14295,"EXPLORATORY_POSTHOC"
"TCGA-STAD","TCGA-D7-A4YT",0.0438413516316798,6.75089051416385,-0.4620659,0.18993,"EXPLORATORY_POSTHOC"
"TCGA-STAD","TCGA-D7-A4YU",1.05810399217745,6.61955240177767,-0.951793,0.50995,"EXPLORATORY_POSTHOC"
"TCGA-STAD","TCGA-D7-A4YV",0.794758539266078,6.61040035528043,0.1241388,-0.030241,"EXPLORATORY_POSTHOC"
"TCGA-STAD","TCGA-D7-A4YX",0.777228359513321,6.15888027859977,-0.4808695,0.21114,"EXPLORATORY_POSTHOC"
"TCGA-STAD","TCGA-D7-A4YY",0.269615838939799,6.29672352885689,0.2554278,-0.13199,"EXPLORATORY_POSTHOC"
"TCGA-STAD","TCGA-D7-A4Z0",-0.2204966572835,6.00038767220112,-0.08037081,0.30096,"EXPLORATORY_POSTHOC"
"TCGA-STAD","TCGA-D7-A6EV",0.322070680407994,5.64315198275428,-0.9618324,0.176,"EXPLORATORY_POSTHOC"
"TCGA-STAD","TCGA-D7-A6EX",-1.96816125550465,4.86706618139917,-0.9504841,-0.2094,"EXPLORATORY_POSTHOC"
"TCGA-STAD","TCGA-D7-A6EY",1.14082125089457,6.73743259109464,-0.4971797,0.19029,"EXPLORATORY_POSTHOC"
"TCGA-STAD","TCGA-D7-A6EZ",1.1444910424952,6.1296642502593,-1.269025,0.052851,"EXPLORATORY_POSTHOC"
"TCGA-STAD","TCGA-D7-A6F0",0.384802891363252,6.07849882761134,0.2333159,-0.072302,"EXPLORATORY_POSTHOC"
"TCGA-STAD","TCGA-D7-A748",-0.32633851628787,6.18557123822037,0.09785482,0.236,"EXPLORATORY_POSTHOC"
"TCGA-STAD","TCGA-EQ-8122",0.469584731020922,6.91040528454681,0.3946029,0.15121,"EXPLORATORY_POSTHOC"
"TCGA-STAD","TCGA-EQ-A4SO",0.010885848135168,6.06042573877715,-0.1694199,-0.28616,"EXPLORATORY_POSTHOC"
"TCGA-STAD","TCGA-F1-6177",0.426427647480352,6.75245424303138,0.4023091,0.16817,"EXPLORATORY_POSTHOC"
"TCGA-STAD","TCGA-F1-6874",1.69929483484976,6.47143786137434,-0.4057899,0.20521,"EXPLORATORY_POSTHOC"
"TCGA-STAD","TCGA-F1-6875",-1.04219940218149,5.90506443108906,-0.6494997,-0.053096,"EXPLORATORY_POSTHOC"
"TCGA-STAD","TCGA-F1-A448",0.31313576329118,6.10774435423833,-1.265496,0.32679,"EXPLORATORY_POSTHOC"
"TCGA-STAD","TCGA-F1-A72C",0.395548681278236,5.656218902519,-0.910011,0.17452,"EXPLORATORY_POSTHOC"
"TCGA-STAD","TCGA-FP-7916",0.991946042911855,6.67905215380457,0.03806759,0.099401,"EXPLORATORY_POSTHOC"
"TCGA-STAD","TCGA-FP-7998",1.38015959682238,7.0991089634503,0.2255225,0.16725,"EXPLORATORY_POSTHOC"
"TCGA-STAD","TCGA-HF-7132",0.886928885739878,6.55404543653403,0.3328849,-0.10887,"EXPLORATORY_POSTHOC"
"TCGA-STAD","TCGA-HF-7133",1.08465878579755,6.64075539362487,-0.05608412,0.35818,"EXPLORATORY_POSTHOC"
"TCGA-STAD","TCGA-HF-7134",0.992059888584518,6.40179086329573,-0.5416075,-0.073727,"EXPLORATORY_POSTHOC"
"TCGA-STAD","TCGA-HF-A5NB",-0.253208084502305,6.25133470138451,0.09823291,0.33948,"EXPLORATORY_POSTHOC"
"TCGA-STAD","TCGA-HJ-7597",1.32191131336529,6.92146727529282,0.1911416,0.21755,"EXPLORATORY_POSTHOC"
"TCGA-STAD","TCGA-HU-8602",2.26963181942692,7.36487792214001,0.3766142,-0.36664,"EXPLORATORY_POSTHOC"
"TCGA-STAD","TCGA-HU-8608",2.22873849937447,8.16741212413552,1.195007,0.68307,"EXPLORATORY_POSTHOC"
"TCGA-STAD","TCGA-HU-8610",1.44330167364835,6.30437961623513,-2.408697,-0.00083294,"EXPLORATORY_POSTHOC"
"TCGA-STAD","TCGA-HU-A4GF",0.41806943118932,6.19810317431264,-0.7397503,0.80734,"EXPLORATORY_POSTHOC"
"TCGA-STAD","TCGA-HU-A4GQ",-0.00246307320319524,5.8905585628736,-0.1029984,0.29323,"EXPLORATORY_POSTHOC"
"TCGA-STAD","TCGA-HU-A4GT",-0.661766675912666,5.70265477323648,-0.3783086,0.77791,"EXPLORATORY_POSTHOC"
"TCGA-STAD","TCGA-HU-A4GU",-0.249084013570768,6.54603012698895,0.3260375,0.41545,"EXPLORATORY_POSTHOC"
"TCGA-STAD","TCGA-HU-A4GX",-1.06157819985498,5.4986721240407,0.5221594,0.0092414,"EXPLORATORY_POSTHOC"
"TCGA-STAD","TCGA-HU-A4GY",-0.0601044367700294,5.75392271128583,-0.4602437,0.038624,"EXPLORATORY_POSTHOC"
"TCGA-STAD","TCGA-HU-A4H2",-1.75755287437853,5.52901506062067,0.1226254,0.83675,"EXPLORATORY_POSTHOC"
"TCGA-STAD","TCGA-HU-A4H3",-0.124320095655772,5.78900667977265,-2.725133,0.42969,"EXPLORATORY_POSTHOC"
"TCGA-STAD","TCGA-HU-A4H4",0.132594327209928,5.869683902846,-0.8136067,0.51186,"EXPLORATORY_POSTHOC"
"TCGA-STAD","TCGA-HU-A4H5",0.00474847222278289,6.17496162462837,-1.301427,0.09496,"EXPLORATORY_POSTHOC"
"TCGA-STAD","TCGA-HU-A4HD",-0.550582720600296,6.28193558914247,0.4241275,0.55526,"EXPLORATORY_POSTHOC"
"TCGA-STAD","TCGA-IN-7806",-0.827986327691295,6.17505347266454,-0.1437685,0.26402,"EXPLORATORY_POSTHOC"
"TCGA-STAD","TCGA-IN-7808",-0.61700438114795,5.53010196364627,-0.364942,0.50485,"EXPLORATORY_POSTHOC"
"TCGA-STAD","TCGA-IN-8462",-0.979775121697805,6.21954996120417,0.5120924,0.73777,"EXPLORATORY_POSTHOC"
"TCGA-STAD","TCGA-IN-8663",0.526180773447381,6.23620366776104,-0.4502514,-0.025842,"EXPLORATORY_POSTHOC"
"TCGA-STAD","TCGA-IN-A6RI",-0.899182229082174,5.78816365703777,-0.08702987,0.041353,"EXPLORATORY_POSTHOC"
"TCGA-STAD","TCGA-IN-A6RL",-0.122864519865574,6.43458152692579,0.7545163,0.17946,"EXPLORATORY_POSTHOC"
"TCGA-STAD","TCGA-IN-A6RN",-1.49991269661851,5.26550065768004,-0.7798475,-0.23093,"EXPLORATORY_POSTHOC"
"TCGA-STAD","TCGA-IN-A6RR",-0.858522688003892,5.43987907687688,-1.195796,-0.047467,"EXPLORATORY_POSTHOC"
"TCGA-STAD","TCGA-IN-A6RS",-0.345995713493313,5.86996514870587,-0.6291167,0.2608,"EXPLORATORY_POSTHOC"
"TCGA-STAD","TCGA-IN-A7NR",-0.915001777779417,5.55921646344929,-0.2079693,0.71039,"EXPLORATORY_POSTHOC"
"TCGA-STAD","TCGA-IN-A7NT",1.04382615191794,7.4369247038379,0.7465565,0.15757,"EXPLORATORY_POSTHOC"
"TCGA-STAD","TCGA-IN-A7NU",-0.52301304604773,5.62619672020144,-0.8354737,0.50127,"EXPLORATORY_POSTHOC"
"TCGA-STAD","TCGA-IN-AB1V",-0.660716819108504,6.39602416154923,0.6267218,0.068412,"EXPLORATORY_POSTHOC"
"TCGA-STAD","TCGA-IN-AB1X",1.35015420409027,6.82189385618037,-0.09417667,0.28737,"EXPLORATORY_POSTHOC"
"TCGA-STAD","TCGA-IP-7968",1.30105748531372,6.66064914804875,-0.4266605,0.12859,"EXPLORATORY_POSTHOC"
"TCGA-STAD","TCGA-KB-A93G",2.18509510680508,6.90949711312419,-1.029719,0.19089,"EXPLORATORY_POSTHOC"
"TCGA-STAD","TCGA-KB-A93H",-1.76034699245798,4.2954438610174,-0.7870975,0.35083,"EXPLORATORY_POSTHOC"
"TCGA-STAD","TCGA-MX-A5UG",1.60510190443437,6.61618270196827,-0.7177366,0.28206,"EXPLORATORY_POSTHOC"
"TCGA-STAD","TCGA-RD-A7BS",0.0677395393331588,5.95085096689716,-0.5857408,0.22237,"EXPLORATORY_POSTHOC"
"TCGA-STAD","TCGA-RD-A7BT",-0.742214492168024,5.08469360529036,-1.607797,0.03667,"EXPLORATORY_POSTHOC"
"TCGA-STAD","TCGA-RD-A7BW",0.25639109170276,6.50180693773747,-0.07583061,0.41797,"EXPLORATORY_POSTHOC"
"TCGA-STAD","TCGA-RD-A7C1",-0.556510033888064,5.22876098154006,-1.736249,-0.022238,"EXPLORATORY_POSTHOC"
"TCGA-STAD","TCGA-RD-A8MV",-0.097743561893615,5.57128847982064,-1.34581,0.071268,"EXPLORATORY_POSTHOC"
"TCGA-STAD","TCGA-RD-A8MW",-0.396327386369796,5.8255363391547,-0.6338506,0.054214,"EXPLORATORY_POSTHOC"
"TCGA-STAD","TCGA-RD-A8N0",-1.21757758135248,5.21163525332715,-0.274174,0.23063,"EXPLORATORY_POSTHOC"
"TCGA-STAD","TCGA-RD-A8N1",0.362834543137751,6.10521710609709,-0.5111976,0.60751,"EXPLORATORY_POSTHOC"
"TCGA-STAD","TCGA-RD-A8NB",1.32602436687606,6.79479923436162,-0.1231746,0.89244,"EXPLORATORY_POSTHOC"
"TCGA-STAD","TCGA-SW-A7EA",-0.425518432996308,5.60588837804757,-1.187974,-0.089454,"EXPLORATORY_POSTHOC"
"TCGA-STAD","TCGA-SW-A7EB",-0.583372522081916,5.06607196414549,-0.6791998,-0.093278,"EXPLORATORY_POSTHOC"
"TCGA-STAD","TCGA-VQ-A8DT",-1.32599778595561,5.56281023051755,-0.4571327,-0.010557,"EXPLORATORY_POSTHOC"
"TCGA-STAD","TCGA-VQ-A8DU",-1.21643594996927,5.50914475131651,-1.227532,0.11314,"EXPLORATORY_POSTHOC"
"TCGA-STAD","TCGA-VQ-A8E0",0.328424282514427,6.88712311219198,-1.244627,0.060349,"EXPLORATORY_POSTHOC"
"TCGA-STAD","TCGA-VQ-A8E2",1.11730725770005,6.42711669971144,-0.6305541,-0.1076,"EXPLORATORY_POSTHOC"
"TCGA-STAD","TCGA-VQ-A8E3",0.368531028242095,5.91699248288407,-0.5255497,-0.11045,"EXPLORATORY_POSTHOC"
"TCGA-STAD","TCGA-VQ-A8E7",-0.218349624786134,6.22486799607578,-0.5955219,0.1465,"EXPLORATORY_POSTHOC"
"TCGA-STAD","TCGA-VQ-A8P2",-1.23133647588305,5.69695083954454,-0.5233306,-0.026966,"EXPLORATORY_POSTHOC"
"TCGA-STAD","TCGA-VQ-A8P3",-1.63571632330143,5.80187516846382,-1.075195,-0.062395,"EXPLORATORY_POSTHOC"
"TCGA-STAD","TCGA-VQ-A8P5",0.195904560164449,7.10287330193195,-0.8600275,-0.32666,"EXPLORATORY_POSTHOC"
"TCGA-STAD","TCGA-VQ-A8PC",0.693101230810304,6.53953417324034,-1.22235,-0.035624,"EXPLORATORY_POSTHOC"
"TCGA-STAD","TCGA-VQ-A8PD",0.772425140433804,6.24035249536434,-0.48865,0.20083,"EXPLORATORY_POSTHOC"
"TCGA-STAD","TCGA-VQ-A8PE",1.24884969097771,6.47530217901107,-0.975378,0.14699,"EXPLORATORY_POSTHOC"
"TCGA-STAD","TCGA-VQ-A8PF",1.21928792327385,6.92211576661069,0.4084591,0.12632,"EXPLORATORY_POSTHOC"
"TCGA-STAD","TCGA-VQ-A8PH",-1.03768948360432,4.8994801887725,-0.5968591,0.4381,"EXPLORATORY_POSTHOC"
"TCGA-STAD","TCGA-VQ-A8PJ",0.0298601370515003,5.8481471794618,0.1620346,-0.36913,"EXPLORATORY_POSTHOC"
"TCGA-STAD","TCGA-VQ-A8PK",1.05102257219208,7.70339975311323,0.1544437,0.43892,"EXPLORATORY_POSTHOC"
"TCGA-STAD","TCGA-VQ-A8PM",-0.724302899817272,5.69642232785198,-0.6466062,0.027255,"EXPLORATORY_POSTHOC"
"TCGA-STAD","TCGA-VQ-A8PO",0.635188219727779,6.06724503662748,0.1595456,0.48347,"EXPLORATORY_POSTHOC"
"TCGA-STAD","TCGA-VQ-A8PP",1.16239539795884,6.9058274186101,-0.2206977,0.93439,"EXPLORATORY_POSTHOC"
"TCGA-STAD","TCGA-VQ-A8PQ",1.58992018096336,6.46338377517562,-0.4402226,0.90771,"EXPLORATORY_POSTHOC"
"TCGA-STAD","TCGA-VQ-A8PU",-0.20740740053582,6.36837549988687,0.2335804,0.67045,"EXPLORATORY_POSTHOC"
"TCGA-STAD","TCGA-VQ-A8PX",-0.188757312749596,5.7967534769737,-1.276789,0.6417,"EXPLORATORY_POSTHOC"
"TCGA-STAD","TCGA-VQ-A91D",0.906206806487225,6.52386928009107,-0.09222294,0.31106,"EXPLORATORY_POSTHOC"
"TCGA-STAD","TCGA-VQ-A91K",0.636078137865952,6.45179796324043,-0.3298809,0.59847,"EXPLORATORY_POSTHOC"
"TCGA-STAD","TCGA-VQ-A91N",-0.0445458379003065,5.99960545913116,-0.1451283,0.16063,"EXPLORATORY_POSTHOC"
"TCGA-STAD","TCGA-VQ-A91S",0.834042263040539,6.35422645734993,-1.626367,-0.2356,"EXPLORATORY_POSTHOC"
"TCGA-STAD","TCGA-VQ-A91U",-0.56062399268066,6.06515221111769,-0.5874462,0.1368,"EXPLORATORY_POSTHOC"
"TCGA-STAD","TCGA-VQ-A91V",-0.748650034810974,6.46615071059832,0.7399349,0.12648,"EXPLORATORY_POSTHOC"
"TCGA-STAD","TCGA-VQ-A91W",1.27047849475061,6.12823152746891,-0.6207728,0.42054,"EXPLORATORY_POSTHOC"
"TCGA-STAD","TCGA-VQ-A91X",-1.8998518442236,5.01702216947474,-0.7697552,0.25405,"EXPLORATORY_POSTHOC"
"TCGA-STAD","TCGA-VQ-A91Y",0.850145662702751,6.74071443143488,-0.5087366,0.19392,"EXPLORATORY_POSTHOC"
"TCGA-STAD","TCGA-VQ-A91Z",-0.501554250695943,6.21404901523362,-0.8472318,0.55939,"EXPLORATORY_POSTHOC"
"TCGA-STAD","TCGA-VQ-A923",0.839534955689854,6.67958706609903,-0.3351802,0.49043,"EXPLORATORY_POSTHOC"
"TCGA-STAD","TCGA-VQ-A925",-0.804998943754826,5.54512510955413,-0.5799537,0.10964,"EXPLORATORY_POSTHOC"
"TCGA-STAD","TCGA-VQ-A928",0.362822534299981,7.22021482105417,-0.6501105,0.45925,"EXPLORATORY_POSTHOC"
"TCGA-STAD","TCGA-VQ-A92D",0.488943615966621,5.61655766532679,-1.500441,0.50233,"EXPLORATORY_POSTHOC"
"TCGA-STAD","TCGA-VQ-A94O",0.955653170725957,6.56076691501269,-0.06259705,0.39542,"EXPLORATORY_POSTHOC"
"TCGA-STAD","TCGA-VQ-A94P",0.0988924359687765,7.04216168044185,-0.6216779,-0.089755,"EXPLORATORY_POSTHOC"
"TCGA-STAD","TCGA-VQ-A94R",0.0704910120843726,6.33855455811997,-0.5163333,0.4541,"EXPLORATORY_POSTHOC"
"TCGA-STAD","TCGA-VQ-A94U",-0.558644647599742,6.2699326796495,0.2308655,0.67224,"EXPLORATORY_POSTHOC"
"TCGA-STAD","TCGA-VQ-AA64",0.450224551758614,6.83518510999981,-0.1620627,-0.036426,"EXPLORATORY_POSTHOC"
"TCGA-STAD","TCGA-VQ-AA69",1.35785203177428,7.04935740513149,0.3803895,-0.017036,"EXPLORATORY_POSTHOC"
"TCGA-STAD","TCGA-VQ-AA6A",0.499899654401104,6.40759748543023,0.3213396,0.11887,"EXPLORATORY_POSTHOC"
"TCGA-STAD","TCGA-VQ-AA6B",-1.01101949721405,5.4984232146051,-1.092192,0.060121,"EXPLORATORY_POSTHOC"
"TCGA-STAD","TCGA-VQ-AA6D",0.831233910854211,6.45840825382698,-1.191168,0.15586,"EXPLORATORY_POSTHOC"
"TCGA-STAD","TCGA-VQ-AA6F",0.13490236590094,7.68459364947211,0.4878266,0.043681,"EXPLORATORY_POSTHOC"
"TCGA-STAD","TCGA-VQ-AA6G",0.737202778883757,7.12830061941674,-0.3633503,0.13938,"EXPLORATORY_POSTHOC"
"TCGA-STAD","TCGA-VQ-AA6I",0.119282722369586,6.19195145957102,-0.7138269,0.15523,"EXPLORATORY_POSTHOC"
"TCGA-STAD","TCGA-VQ-AA6K",-0.0302925459138865,6.42616409804839,-0.5336132,0.6067,"EXPLORATORY_POSTHOC"
"TCGA-STAD","TCGA-ZA-A8F6",-0.16560769566194,6.03455028598585,-0.5815447,0.34919,"EXPLORATORY_POSTHOC"
"TCGA-ESCA","TCGA-2H-A9GF",0.0314954804797536,6.07181628892691,-0.452424544400047,-0.27846,"EXPLORATORY_POSTHOC"
"TCGA-ESCA","TCGA-2H-A9GI",-1.75726649832196,5.81272667674427,0.194600004749074,0.46361,"EXPLORATORY_POSTHOC"
"TCGA-ESCA","TCGA-2H-A9GL",-0.369437866436484,5.94118614537712,-0.357817957891143,0.070036,"EXPLORATORY_POSTHOC"
"TCGA-ESCA","TCGA-2H-A9GQ",-0.701521809921023,6.19928364810058,-0.290877402058888,-0.14208,"EXPLORATORY_POSTHOC"
"TCGA-ESCA","TCGA-2H-A9GR",-0.81018096121708,5.69842408651736,-0.107433603054453,0.33166,"EXPLORATORY_POSTHOC"
"TCGA-ESCA","TCGA-IC-A6RE",-0.0826495695889545,6.82884734025531,0.9495338,0.87588,"EXPLORATORY_POSTHOC"
"TCGA-ESCA","TCGA-IC-A6RF",0.382283523161666,7.26084522178445,0.5326742,0.63181,"EXPLORATORY_POSTHOC"
"TCGA-ESCA","TCGA-IG-A3I8",0.192006580036593,7.08625089282671,-0.2990216,0.94021,"EXPLORATORY_POSTHOC"
"TCGA-ESCA","TCGA-IG-A3QL",-0.83685259706207,6.54664910371879,0.0577101,0.18076,"EXPLORATORY_POSTHOC"
"TCGA-ESCA","TCGA-IG-A3Y9",-0.615626369507427,6.15743182700419,0.05935886,-0.033677,"EXPLORATORY_POSTHOC"
"TCGA-ESCA","TCGA-IG-A3YA",1.16056204813626,7.00296687025073,-0.1236644,0.54169,"EXPLORATORY_POSTHOC"
"TCGA-ESCA","TCGA-IG-A3YB",-1.84549184774603,5.93975079961041,-0.3682617,0.20901,"EXPLORATORY_POSTHOC"
"TCGA-ESCA","TCGA-IG-A3YC",-0.174989400184228,5.81696315027583,-2.387157,-1.1896,"EXPLORATORY_POSTHOC"
"TCGA-ESCA","TCGA-IG-A4P3",0.947506444263716,6.98164490850915,-0.5265515,-0.014751,"EXPLORATORY_POSTHOC"
"TCGA-ESCA","TCGA-IG-A4QS",-2.77761039100176,4.77857656391211,-0.2474012,-0.069434,"EXPLORATORY_POSTHOC"
"TCGA-ESCA","TCGA-IG-A4QT",-0.878266616527028,5.26969522745252,-2.181673,-0.6762,"EXPLORATORY_POSTHOC"
"TCGA-ESCA","TCGA-IG-A50L",0.73812168098178,6.40524529939655,-3.325605,-1.481,"EXPLORATORY_POSTHOC"
"TCGA-ESCA","TCGA-IG-A51D",1.17984656715577,7.06790218599141,0.201672,0.35255,"EXPLORATORY_POSTHOC"
"TCGA-ESCA","TCGA-IG-A5B8",-1.07474001353108,5.3681991194511,-0.5557172,-0.085469,"EXPLORATORY_POSTHOC"
"TCGA-ESCA","TCGA-IG-A5S3",0.518722118551654,7.4418552602936,-0.2345188,0.58401,"EXPLORATORY_POSTHOC"
"TCGA-ESCA","TCGA-IG-A625",-0.530778780979024,5.99269819735986,-1.314962,1.2147,"EXPLORATORY_POSTHOC"
"TCGA-ESCA","TCGA-IG-A6QS",0.467843059871544,6.18843059798389,-1.222385,-0.14824,"EXPLORATORY_POSTHOC"
"TCGA-ESCA","TCGA-IG-A8O2",-0.705165039916182,6.15888027859977,-0.2312627,-0.17393,"EXPLORATORY_POSTHOC"
"TCGA-ESCA","TCGA-IG-A97H",0.00506636820112516,5.75944082848761,-0.1926682,0.070671,"EXPLORATORY_POSTHOC"
"TCGA-ESCA","TCGA-IG-A97I",0.469602083453226,7.37483344150652,0.3538185,0.74803,"EXPLORATORY_POSTHOC"
"TCGA-ESCA","TCGA-JY-A6F8",-1.04371389791396,6.02775785016264,-0.4256114,-0.79789,"EXPLORATORY_POSTHOC"
"TCGA-ESCA","TCGA-JY-A6FA",-1.13313258707433,5.96316659369936,-0.186847,-0.04939,"EXPLORATORY_POSTHOC"
"TCGA-ESCA","TCGA-JY-A6FB",0.198437695996553,6.04035986745531,-0.4424879,0.35439,"EXPLORATORY_POSTHOC"
"TCGA-ESCA","TCGA-JY-A6FD",0.97274972627033,6.93515090257581,0.381428,0.28346,"EXPLORATORY_POSTHOC"
"TCGA-ESCA","TCGA-JY-A6FE",0.0413403553438167,5.77110646071287,-1.391863,-0.70424,"EXPLORATORY_POSTHOC"
"TCGA-ESCA","TCGA-JY-A6FG",-1.98972289829132,6.61220946077594,0.4683219,0.0061516,"EXPLORATORY_POSTHOC"
"TCGA-ESCA","TCGA-JY-A939",-1.13505780095994,5.91102520005245,-0.441289,-0.17402,"EXPLORATORY_POSTHOC"
"TCGA-ESCA","TCGA-JY-A93E",0.929856554287988,6.86578646248575,0.211626,0.54271,"EXPLORATORY_POSTHOC"
"TCGA-ESCA","TCGA-JY-A93F",-1.7284755694906,6.41707949574447,-2.133874,-0.95773,"EXPLORATORY_POSTHOC"
"TCGA-ESCA","TCGA-L5-A43C",1.08695088389749,6.33140426540677,-0.675454,0.92561,"EXPLORATORY_POSTHOC"
"TCGA-ESCA","TCGA-L5-A43E",-0.562669544067938,7.04649869971726,0.1212501,0.21008,"EXPLORATORY_POSTHOC"
"TCGA-ESCA","TCGA-L5-A43H",0.543073284010529,6.99854417250587,-0.4219916,-0.11129,"EXPLORATORY_POSTHOC"
"TCGA-ESCA","TCGA-L5-A43I",0.463123180594779,7.19913442355609,-0.02366279,0.50784,"EXPLORATORY_POSTHOC"
"TCGA-ESCA","TCGA-L5-A43J",0.0828214328260309,6.33908748847727,-0.858592,-0.06733,"EXPLORATORY_POSTHOC"
"TCGA-ESCA","TCGA-L5-A43M",-0.702894933308386,6.32979813177986,-0.03142091,-0.026676,"EXPLORATORY_POSTHOC"
"TCGA-ESCA","TCGA-L5-A4OE",0.893683957779785,6.8004715564648,0.04879355,0.62716,"EXPLORATORY_POSTHOC"
"TCGA-ESCA","TCGA-L5-A4OF",1.60042635435783,6.94217197122225,0.1097801,0.61142,"EXPLORATORY_POSTHOC"
"TCGA-ESCA","TCGA-L5-A4OG",0.510305856396858,6.44048550502734,-0.5483386,0.5976,"EXPLORATORY_POSTHOC"
"TCGA-ESCA","TCGA-L5-A4OH",0.494897649339339,5.63633460244218,-0.7665904,0.37047,"EXPLORATORY_POSTHOC"
"TCGA-ESCA","TCGA-L5-A4OI",-0.485957167599849,6.66606489806018,0.2104161,0.73937,"EXPLORATORY_POSTHOC"
"TCGA-ESCA","TCGA-L5-A4OJ",-0.351402759442169,6.71936280770089,0.5147086,0.99218,"EXPLORATORY_POSTHOC"
"TCGA-ESCA","TCGA-L5-A4ON",1.24072178726255,7.27971457205564,0.1856199,0.68798,"EXPLORATORY_POSTHOC"
"TCGA-ESCA","TCGA-L5-A4OP",-0.677059804863267,6.74786669654386,0.0626266,0.1334,"EXPLORATORY_POSTHOC"
"TCGA-ESCA","TCGA-L5-A4OQ",1.71965961072147,6.29251489957463,-0.325558,0.36222,"EXPLORATORY_POSTHOC"
"TCGA-ESCA","TCGA-L5-A4OR",0.542361539298429,6.93093244296118,0.1255217,0.027876,"EXPLORATORY_POSTHOC"
"TCGA-ESCA","TCGA-L5-A4OS",1.8423858997352,6.64333383961884,0.2909442,0.52931,"EXPLORATORY_POSTHOC"
"TCGA-ESCA","TCGA-L5-A4OT",1.29236013789139,6.57714630406769,-0.1910546,1.2257,"EXPLORATORY_POSTHOC"
"TCGA-ESCA","TCGA-L5-A4OU",1.19018125080779,6.61655766532679,0.1582707,0.28447,"EXPLORATORY_POSTHOC"
"TCGA-ESCA","TCGA-L5-A4OW",0.349135111602552,6.38358507083211,0.3500088,0.54258,"EXPLORATORY_POSTHOC"
"TCGA-ESCA","TCGA-L5-A4OX",0.517964456434621,6.66356095046855,-0.1202811,0.84618,"EXPLORATORY_POSTHOC"
"TCGA-ESCA","TCGA-L5-A88W",-0.552689642205762,6.67622649897559,0.5208417,0.22259,"EXPLORATORY_POSTHOC"
"TCGA-ESCA","TCGA-L5-A891",-1.17436877626241,5.482725687494,-2.865517,-0.15952,"EXPLORATORY_POSTHOC"
"TCGA-ESCA","TCGA-L5-A8NE",-1.26360118304119,6.10985154382951,-0.6128822,0.22932,"EXPLORATORY_POSTHOC"
"TCGA-ESCA","TCGA-L5-A8NF",-0.526065037920393,6.65407889032324,-0.3890401,1.4627,"EXPLORATORY_POSTHOC"
"TCGA-ESCA","TCGA-L5-A8NI",0.202900132073776,5.74295475669749,-0.9304435,0.33006,"EXPLORATORY_POSTHOC"
"TCGA-ESCA","TCGA-L5-A8NJ",-0.992362745934815,6.23528859464277,-0.1285752,0.85866,"EXPLORATORY_POSTHOC"
"TCGA-ESCA","TCGA-L5-A8NK",-1.04699342926452,6.51621060380767,0.5820352,0.5883,"EXPLORATORY_POSTHOC"
"TCGA-ESCA","TCGA-L5-A8NL",1.51398409385252,6.89571583416892,-0.0645095,0.64339,"EXPLORATORY_POSTHOC"
"TCGA-ESCA","TCGA-L5-A8NQ",-0.515896133567512,6.28506740077942,-0.1479645,0.3909,"EXPLORATORY_POSTHOC"
"TCGA-ESCA","TCGA-L5-A8NS",1.49910002860391,7.26633961073854,-0.02397993,0.87986,"EXPLORATORY_POSTHOC"
"TCGA-ESCA","TCGA-L5-A8NT",1.04832115826401,6.673439115451,-0.3027508,0.37575,"EXPLORATORY_POSTHOC"
"TCGA-ESCA","TCGA-L5-A8NV",0.128764921532912,6.28872398880879,-0.1269556,0.84274,"EXPLORATORY_POSTHOC"
"TCGA-ESCA","TCGA-L5-A8NW",-0.188613380821535,6.44460578280182,-0.210173,0.15317,"EXPLORATORY_POSTHOC"
"TCGA-ESCA","TCGA-L7-A56G",-0.0317665625754115,6.85820360072208,-0.3864293,0.090976,"EXPLORATORY_POSTHOC"
"TCGA-ESCA","TCGA-L7-A6VZ",0.574623580923192,6.89765066390262,-0.1206149,0.36665,"EXPLORATORY_POSTHOC"
"TCGA-ESCA","TCGA-LN-A49K",0.623120682961029,6.35932613197473,-0.3735818,0.1527,"EXPLORATORY_POSTHOC"
"TCGA-ESCA","TCGA-LN-A49L",0.205021330537437,8.14173829307279,2.154297,1.2585,"EXPLORATORY_POSTHOC"
"TCGA-ESCA","TCGA-LN-A49M",-0.519972952274195,6.1500234402601,-0.3486821,-0.18292,"EXPLORATORY_POSTHOC"
"TCGA-ESCA","TCGA-LN-A49N",1.32232468847923,7.24650214820073,0.05249392,0.4024,"EXPLORATORY_POSTHOC"
"TCGA-ESCA","TCGA-LN-A49O",1.58523128643883,7.13515826374288,0.5616005,-0.020819,"EXPLORATORY_POSTHOC"
"TCGA-ESCA","TCGA-LN-A49P",0.443518331439907,6.20121039939663,-0.4289776,0.56583,"EXPLORATORY_POSTHOC"
"TCGA-ESCA","TCGA-LN-A49R",-0.60286324812522,5.51792129651521,-0.2193084,-0.1513,"EXPLORATORY_POSTHOC"
"TCGA-ESCA","TCGA-LN-A49S",-0.720289971782946,6.93900084506951,0.2403307,0.43985,"EXPLORATORY_POSTHOC"
"TCGA-ESCA","TCGA-LN-A49U",-0.27904605951723,6.757690018734,-0.3979223,-0.37343,"EXPLORATORY_POSTHOC"
"TCGA-ESCA","TCGA-LN-A49V",0.290133230848256,5.82813648419411,-0.8677798,-0.20377,"EXPLORATORY_POSTHOC"
"TCGA-ESCA","TCGA-LN-A49W",1.67391483190774,6.93605367643345,-0.250237,0.20068,"EXPLORATORY_POSTHOC"
"TCGA-ESCA","TCGA-LN-A49X",1.38017826153749,6.68838040812885,-0.5405296,0.30511,"EXPLORATORY_POSTHOC"
"TCGA-ESCA","TCGA-LN-A49Y",-2.4240449874338,5.04987032581513,-0.3362556,-0.090248,"EXPLORATORY_POSTHOC"
"TCGA-ESCA","TCGA-LN-A4A1",-0.223958350185746,5.7849436343048,-0.6331305,-0.0029203,"EXPLORATORY_POSTHOC"
"TCGA-ESCA","TCGA-LN-A4A2",0.399743286581117,6.5504312815713,-0.9230311,-0.0016332,"EXPLORATORY_POSTHOC"
"TCGA-ESCA","TCGA-LN-A4A3",0.292840472733559,6.45025944368943,-0.5232903,0.59594,"EXPLORATORY_POSTHOC"
"TCGA-ESCA","TCGA-LN-A4A4",-0.429471229574691,6.83559695557523,-0.3812304,-0.13647,"EXPLORATORY_POSTHOC"
"TCGA-ESCA","TCGA-LN-A4A5",1.65054638335128,7.05274409776243,0.05692639,0.37677,"EXPLORATORY_POSTHOC"
"TCGA-ESCA","TCGA-LN-A4A6",-0.0963841161222435,6.91485389450453,0.190669,0.1431,"EXPLORATORY_POSTHOC"
"TCGA-ESCA","TCGA-LN-A4A8",1.76066158058983,7.88654405072998,0.199044,0.61504,"EXPLORATORY_POSTHOC"
"TCGA-ESCA","TCGA-LN-A4A9",1.20660675125678,5.78256320599856,-0.9245414,-0.76248,"EXPLORATORY_POSTHOC"
"TCGA-ESCA","TCGA-LN-A4MQ",-0.994976481490566,6.24215850213392,-0.2691412,0.30404,"EXPLORATORY_POSTHOC"
"TCGA-ESCA","TCGA-LN-A4MR",-0.276828900654104,6.11287316238492,0.6498865,0.42751,"EXPLORATORY_POSTHOC"
"TCGA-ESCA","TCGA-LN-A5U5",0.196866099060183,6.82852876772553,0.4361425,0.72555,"EXPLORATORY_POSTHOC"
"TCGA-ESCA","TCGA-LN-A5U6",0.213560525814122,7.02755218888818,-0.1942073,-0.46603,"EXPLORATORY_POSTHOC"
"TCGA-ESCA","TCGA-LN-A5U7",1.19147843181723,6.23378838073414,-0.399248,0.11897,"EXPLORATORY_POSTHOC"
"TCGA-ESCA","TCGA-LN-A7HW",0.173299707502321,6.84311329274288,-0.01967439,0.35458,"EXPLORATORY_POSTHOC"
"TCGA-ESCA","TCGA-LN-A7HX",-0.184066666747722,6.390311713594,-0.1425869,0.21993,"EXPLORATORY_POSTHOC"
"TCGA-ESCA","TCGA-LN-A7HY",-0.730977160174348,5.82761327350565,-0.9016823,0.70363,"EXPLORATORY_POSTHOC"
"TCGA-ESCA","TCGA-LN-A7HZ",-0.655816869194357,5.62947611108394,-0.5417283,-0.1173,"EXPLORATORY_POSTHOC"
"TCGA-ESCA","TCGA-LN-A8HZ",-0.582034886450883,6.17914276570979,-0.6395103,-0.1191,"EXPLORATORY_POSTHOC"
"TCGA-ESCA","TCGA-LN-A8I0",-1.44452642152242,5.5772233615461,-0.7375414,0.038471,"EXPLORATORY_POSTHOC"
"TCGA-ESCA","TCGA-LN-A8I1",0.222844042121494,6.25098051635845,0.1957766,0.69887,"EXPLORATORY_POSTHOC"
"TCGA-ESCA","TCGA-LN-A9FO",1.75524016658011,6.38682818698872,0.1565704,0.088796,"EXPLORATORY_POSTHOC"
"TCGA-ESCA","TCGA-LN-A9FP",0.670169130951063,7.13394465692519,-0.2346287,0.18663,"EXPLORATORY_POSTHOC"
"TCGA-ESCA","TCGA-LN-A9FQ",0.128749125707754,6.31042919555506,-0.7112816,0.05263,"EXPLORATORY_POSTHOC"
"TCGA-ESCA","TCGA-LN-A9FR",1.0397682598569,6.65469044180609,-0.3696566,-0.069329,"EXPLORATORY_POSTHOC"
"TCGA-ESCA","TCGA-M9-A5M8",-0.333623223090647,7.11471474585024,0.1768243,0.77162,"EXPLORATORY_POSTHOC"
"TCGA-ESCA","TCGA-Q9-A6FU",0.914038490988852,7.33776906275986,-0.1366964,0.19973,"EXPLORATORY_POSTHOC"
"TCGA-ESCA","TCGA-Q9-A6FW",-0.117977754229524,6.87965063506855,1.31377,0.57501,"EXPLORATORY_POSTHOC"
"TCGA-ESCA","TCGA-RE-A7BO",-0.802850397405144,6.5519373829979,0.1097976,0.52656,"EXPLORATORY_POSTHOC"
"TCGA-ESCA","TCGA-S8-A6BV",-0.238859963078384,5.94165567027034,-0.07360584,1.1545,"EXPLORATORY_POSTHOC"
"TCGA-ESCA","TCGA-S8-A6BW",0.673307616909527,7.03231246994894,0.2387504,0.51939,"EXPLORATORY_POSTHOC"
"TCGA-ESCA","TCGA-VR-A8EO",0.148646358495645,7.64976561223712,-0.6000629,0.98988,"EXPLORATORY_POSTHOC"
"TCGA-ESCA","TCGA-VR-A8EP",-0.520273543998264,6.17875447207344,0.1872741,0.13387,"EXPLORATORY_POSTHOC"
"TCGA-ESCA","TCGA-VR-A8EQ",0.626160771439171,6.68997142279185,0.01226281,0.30672,"EXPLORATORY_POSTHOC"
"TCGA-ESCA","TCGA-VR-A8Q7",-0.780640810621193,6.14141439743125,-0.3228318,0.10117,"EXPLORATORY_POSTHOC"
"TCGA-ESCA","TCGA-VR-AA4D",-1.91817263643699,6.08098802996594,0.4283845,0.65613,"EXPLORATORY_POSTHOC"
"TCGA-ESCA","TCGA-VR-AA7B",0.981901292858795,6.64057465740785,-0.7548327,1.2012,"EXPLORATORY_POSTHOC"
"TCGA-ESCA","TCGA-X8-AAAR",-1.37523054808883,5.51264408242061,-0.8809558,0.42318,"EXPLORATORY_POSTHOC"
"TCGA-ESCA","TCGA-XP-A8T6",0.109615760705273,6.81190254143041,0.368153,0.76405,"EXPLORATORY_POSTHOC"
"TCGA-ESCA","TCGA-Z6-A8JD",1.32816612104689,6.44473497314312,-0.04434868,0.35621,"EXPLORATORY_POSTHOC"
"TCGA-ESCA","TCGA-Z6-A8JE",-1.05623487248217,5.99001998152483,1.617332,0.25605,"EXPLORATORY_POSTHOC"
"TCGA-ESCA","TCGA-Z6-A9VB",-0.490325514157504,6.41853404838016,-0.4250738,0.2028,"EXPLORATORY_POSTHOC"
"TCGA-ESCA","TCGA-Z6-AAPN",0.240790463628805,6.00624640196571,-0.03305737,0.18051,"EXPLORATORY_POSTHOC"
"TCGA-PAAD","TCGA-2J-AAB4",0.874661651670318,6.67809022046076,0.258644859388531,0.17093,"EXPLORATORY_POSTHOC"
"TCGA-PAAD","TCGA-2J-AAB8",0.494091021582298,6.18217383514138,-0.131258590912273,0.086342,"EXPLORATORY_POSTHOC"
"TCGA-PAAD","TCGA-2J-AAB9",-0.0291087531429315,6.30763981353861,-0.34561067705605,-0.122,"EXPLORATORY_POSTHOC"
"TCGA-PAAD","TCGA-2J-AABA",0.280151018749979,6.32013623736608,-0.124829742284541,0.29171,"EXPLORATORY_POSTHOC"
"TCGA-PAAD","TCGA-2J-AABF",1.08087761280534,6.49613155023738,-1.12659750898247,-0.0066076,"EXPLORATORY_POSTHOC"
"TCGA-PAAD","TCGA-2J-AABH",-0.367761806486883,6.26743841661225,0.285602581423499,0.057532,"EXPLORATORY_POSTHOC"
"TCGA-PAAD","TCGA-2J-AABK",-0.5152747783658,6.06154292863268,0.126736265006859,0.93163,"EXPLORATORY_POSTHOC"
"TCGA-PAAD","TCGA-2J-AABO",-0.145270596214969,6.15009048070051,-0.14069257138095,0.6031,"EXPLORATORY_POSTHOC"
"TCGA-PAAD","TCGA-2J-AABR",1.16795603581951,6.66088156723492,-0.75637220102901,0.4248,"EXPLORATORY_POSTHOC"
"TCGA-PAAD","TCGA-2L-AAQA",0.490160990645376,6.92598992711026,0.657511671982431,0.40059,"EXPLORATORY_POSTHOC"
"TCGA-PAAD","TCGA-2L-AAQI",0.145713894939355,6.52720799068579,-0.0161597075790681,0.11933,"EXPLORATORY_POSTHOC"
"TCGA-PAAD","TCGA-2L-AAQJ",-0.299045970772607,5.37394395786069,-0.726715129169219,0.10301,"EXPLORATORY_POSTHOC"
"TCGA-PAAD","TCGA-2L-AAQL",-0.550318293945307,5.24794269962725,-0.657164304710679,0.2155,"EXPLORATORY_POSTHOC"
"TCGA-PAAD","TCGA-2L-AAQM",-1.84193050510075,5.954117192683,0.476649519663724,0.25634,"EXPLORATORY_POSTHOC"
"TCGA-PAAD","TCGA-3A-A9I5",-0.634594617080784,5.76966596594093,0.338871746037526,0.61135,"EXPLORATORY_POSTHOC"
"TCGA-PAAD","TCGA-3A-A9IB",0.727760201507939,6.16324511125366,-0.203214084361185,0.50496,"EXPLORATORY_POSTHOC"
"TCGA-PAAD","TCGA-3A-A9IH",-0.231097586679006,6.14491515221752,-0.205055832169128,0.37072,"EXPLORATORY_POSTHOC"
"TCGA-PAAD","TCGA-3A-A9IN",-1.47982575537178,5.80474540742575,0.658356862403448,0.2916,"EXPLORATORY_POSTHOC"
"TCGA-PAAD","TCGA-3A-A9IU",0.108561004742399,6.45224618327474,0.152101810689354,0.25517,"EXPLORATORY_POSTHOC"
"TCGA-PAAD","TCGA-3A-A9IX",0.280746598343727,6.3807138663157,-0.355242850731788,0.31,"EXPLORATORY_POSTHOC"
"TCGA-PAAD","TCGA-3A-A9IZ",0.649822329937923,6.76631555284489,-1.39356134338186,0.50748,"EXPLORATORY_POSTHOC"
"TCGA-PAAD","TCGA-3E-AAAZ",-0.135589422768197,6.15130479532888,0.199490868490876,0.33732,"EXPLORATORY_POSTHOC"
"TCGA-PAAD","TCGA-F2-6879",0.530908612812526,5.99452541848699,NA,0.206,"EXPLORATORY_POSTHOC"
"TCGA-PAAD","TCGA-F2-6880",-4.71826030544665,3.84229502332767,-0.03904685,-0.018708,"EXPLORATORY_POSTHOC"
"TCGA-PAAD","TCGA-F2-A44G",0.4321820546447,6.09729053671569,-1.597471,-0.20712,"EXPLORATORY_POSTHOC"
"TCGA-PAAD","TCGA-F2-A8YN",-0.558852966377178,5.48471818684477,-0.9915988,0.21986,"EXPLORATORY_POSTHOC"
"TCGA-PAAD","TCGA-FB-A4P5",0.608180067461463,6.17391294458396,0.20791,-0.042169,"EXPLORATORY_POSTHOC"
"TCGA-PAAD","TCGA-FB-A4P6",0.924091194802028,6.71447495663201,0.2371127,0.025758,"EXPLORATORY_POSTHOC"
"TCGA-PAAD","TCGA-FB-A545",0.199814992547641,6.41485602387989,-0.5010759,-0.058232,"EXPLORATORY_POSTHOC"
"TCGA-PAAD","TCGA-FB-A5VM",0.137720508796963,5.92931049268699,0.7514018,0.48138,"EXPLORATORY_POSTHOC"
"TCGA-PAAD","TCGA-FB-A78T",0.0983764110580127,6.08441086125838,0.0671628,0.47268,"EXPLORATORY_POSTHOC"
"TCGA-PAAD","TCGA-FB-AAPP",-2.10784454024357,5.4646225286639,0.08827543,-0.64563,"EXPLORATORY_POSTHOC"
"TCGA-PAAD","TCGA-FB-AAPQ",-0.230948310035913,6.39264542686163,0.3612491,0.17037,"EXPLORATORY_POSTHOC"
"TCGA-PAAD","TCGA-FB-AAPZ",0.635536811554488,6.19928561147855,-0.1794652,0.69508,"EXPLORATORY_POSTHOC"
"TCGA-PAAD","TCGA-FB-AAQ1",-0.395516919007857,6.0312650549371,0.6364841,-0.082717,"EXPLORATORY_POSTHOC"
"TCGA-PAAD","TCGA-FB-AAQ6",-0.625866124765793,5.98099408562818,-0.6299567,-0.23504,"EXPLORATORY_POSTHOC"
"TCGA-PAAD","TCGA-H6-A45N",0.733100157369275,6.39953001357524,0.06710807,0.23193,"EXPLORATORY_POSTHOC"
"TCGA-PAAD","TCGA-H8-A6C1",-0.0422492680312156,5.84582371399255,NA,0.27079,"EXPLORATORY_POSTHOC"
"TCGA-PAAD","TCGA-HV-A5A6",-0.251345548062301,6.0269195414085,0.4938946,0.21777,"EXPLORATORY_POSTHOC"
"TCGA-PAAD","TCGA-HZ-7918",0.301479437122944,6.71993362209764,0.607066,0.19434,"EXPLORATORY_POSTHOC"
"TCGA-PAAD","TCGA-HZ-7919",0.797433536995804,6.74204799234904,0.1161752,0.2946,"EXPLORATORY_POSTHOC"
"TCGA-PAAD","TCGA-HZ-7920",0.997693831589463,7.42078891024084,0.2434283,0.26969,"EXPLORATORY_POSTHOC"
"TCGA-PAAD","TCGA-HZ-7923",1.09791192415805,6.79024813186677,0.0004061271,0.21624,"EXPLORATORY_POSTHOC"
"TCGA-PAAD","TCGA-HZ-7924",0.12339324194104,6.47786833603206,0.4683656,0.2641,"EXPLORATORY_POSTHOC"
"TCGA-PAAD","TCGA-HZ-7925",0.979673956047274,7.08024619784404,0.3954434,0.51889,"EXPLORATORY_POSTHOC"
"TCGA-PAAD","TCGA-HZ-8001",0.233285932802863,6.09835428397337,-0.7571149,-0.094325,"EXPLORATORY_POSTHOC"
"TCGA-PAAD","TCGA-HZ-8002",1.29257249022698,7.06530195326654,0.3454482,0.0072472,"EXPLORATORY_POSTHOC"
"TCGA-PAAD","TCGA-HZ-8003",-1.4702415147437,5.86742454648685,0.03771608,-0.040827,"EXPLORATORY_POSTHOC"
"TCGA-PAAD","TCGA-HZ-8005",0.828395404013464,6.13344844748147,-0.8019537,-0.34993,"EXPLORATORY_POSTHOC"
"TCGA-PAAD","TCGA-HZ-8315",0.684597288143975,6.50522244894399,0.4722091,0.41829,"EXPLORATORY_POSTHOC"
"TCGA-PAAD","TCGA-HZ-8519",0.273740359600707,6.85698693434261,0.2049961,0.97244,"EXPLORATORY_POSTHOC"
"TCGA-PAAD","TCGA-HZ-8638",0.177478038657506,6.14163714735284,0.4256301,-0.19035,"EXPLORATORY_POSTHOC"
"TCGA-PAAD","TCGA-HZ-A4BK",0.3887135522874,6.0385612882345,-0.003069192,0.66986,"EXPLORATORY_POSTHOC"
"TCGA-PAAD","TCGA-IB-7644",0.390605811443005,6.41622835816625,-1.649702,0.047848,"EXPLORATORY_POSTHOC"
"TCGA-PAAD","TCGA-IB-7646",1.1151216135925,6.66313537355812,-0.8696514,-0.16913,"EXPLORATORY_POSTHOC"
"TCGA-PAAD","TCGA-IB-7647",0.870938207859333,7.18933731999899,0.1882887,0.024649,"EXPLORATORY_POSTHOC"
"TCGA-PAAD","TCGA-IB-7649",-0.318947227463464,6.45109074482497,0.1319067,0.26222,"EXPLORATORY_POSTHOC"
"TCGA-PAAD","TCGA-IB-7651",0.426379948712186,6.48865478576239,0.4508134,0.23493,"EXPLORATORY_POSTHOC"
"TCGA-PAAD","TCGA-IB-7652",0.628210478493068,6.30553283223929,-0.5521452,0.47542,"EXPLORATORY_POSTHOC"
"TCGA-PAAD","TCGA-IB-7654",-0.227567597506968,6.42764974794987,-0.04637629,0.4273,"EXPLORATORY_POSTHOC"
"TCGA-PAAD","TCGA-IB-7885",0.672073665339263,6.24344821230732,-0.9722949,0.28017,"EXPLORATORY_POSTHOC"
"TCGA-PAAD","TCGA-IB-7886",1.05435906102839,6.51282577776993,0.1576115,0.86312,"EXPLORATORY_POSTHOC"
"TCGA-PAAD","TCGA-IB-7887",0.550540093836197,6.89198050377085,-1.203763,0.043891,"EXPLORATORY_POSTHOC"
"TCGA-PAAD","TCGA-IB-7888",0.858627141491923,6.79908341949808,0.06198094,0.49196,"EXPLORATORY_POSTHOC"
"TCGA-PAAD","TCGA-IB-7889",-0.0867928146070756,5.79972456290453,0.2205185,0.57873,"EXPLORATORY_POSTHOC"
"TCGA-PAAD","TCGA-IB-7890",0.529736413883353,6.75915450191723,-0.1790964,0.76437,"EXPLORATORY_POSTHOC"
"TCGA-PAAD","TCGA-IB-7891",0.225199659490901,6.52966636377866,0.2033802,0.43004,"EXPLORATORY_POSTHOC"
"TCGA-PAAD","TCGA-IB-7893",0.789564010159751,6.97583192205414,-0.5505059,-0.098504,"EXPLORATORY_POSTHOC"
"TCGA-PAAD","TCGA-IB-8126",-1.72155596086376,5.32301331464289,-0.2399794,0.12328,"EXPLORATORY_POSTHOC"
"TCGA-PAAD","TCGA-IB-8127",1.14201739872306,6.51836203036998,0.4662968,0.28592,"EXPLORATORY_POSTHOC"
"TCGA-PAAD","TCGA-IB-A5SO",0.256843279654851,6.3777449878577,-0.1557105,1.2276,"EXPLORATORY_POSTHOC"
"TCGA-PAAD","TCGA-IB-A5SP",-0.98435639998021,5.55639875862064,-0.5453988,0.15021,"EXPLORATORY_POSTHOC"
"TCGA-PAAD","TCGA-IB-A5SQ",0.674081089600353,6.37944248542601,0.06438569,0.34504,"EXPLORATORY_POSTHOC"
"TCGA-PAAD","TCGA-IB-A5SS",0.588239840749042,6.28987134341375,0.04698549,0.40662,"EXPLORATORY_POSTHOC"
"TCGA-PAAD","TCGA-IB-A5ST",0.60818376328805,6.29700244489563,-0.1031934,-0.060207,"EXPLORATORY_POSTHOC"
"TCGA-PAAD","TCGA-IB-A6UF",-0.0619845075198076,5.82181989241926,0.09203145,0.34729,"EXPLORATORY_POSTHOC"
"TCGA-PAAD","TCGA-IB-A7LX",0.491026678530332,6.3561121100348,-1.240744,0.4823,"EXPLORATORY_POSTHOC"
"TCGA-PAAD","TCGA-IB-A7M4",0.0364089525309553,5.86180156108346,-0.3237444,-0.016792,"EXPLORATORY_POSTHOC"
"TCGA-PAAD","TCGA-IB-AAUM",-2.03026902626608,5.07229877591142,-0.02688612,0.59288,"EXPLORATORY_POSTHOC"
"TCGA-PAAD","TCGA-IB-AAUN",-0.113375355884149,6.12664459588518,-0.138521,0.38273,"EXPLORATORY_POSTHOC"
"TCGA-PAAD","TCGA-IB-AAUO",0.396702954973513,6.04881815175637,0.09123516,0.28797,"EXPLORATORY_POSTHOC"
"TCGA-PAAD","TCGA-IB-AAUP",0.697642163196402,6.32876826196615,-0.1940354,0.29429,"EXPLORATORY_POSTHOC"
"TCGA-PAAD","TCGA-IB-AAUS",0.937275032216465,6.48889253588352,-0.04912097,0.10345,"EXPLORATORY_POSTHOC"
"TCGA-PAAD","TCGA-IB-AAUU",0.620280244432302,6.43279074903937,0.05834683,0.22997,"EXPLORATORY_POSTHOC"
"TCGA-PAAD","TCGA-IB-AAUV",0.613135848080062,7.01929048312046,-0.3345937,0.1711,"EXPLORATORY_POSTHOC"
"TCGA-PAAD","TCGA-IB-AAUW",0.755021765024952,6.65216378846684,-0.9937364,0.58112,"EXPLORATORY_POSTHOC"
"TCGA-PAAD","TCGA-L1-A7W4",-0.0906007912525044,6.01996872608975,-0.09353491,-0.025653,"EXPLORATORY_POSTHOC"
"TCGA-PAAD","TCGA-LB-A7SX",-0.670397066552067,5.81134771799154,0.3351244,0.48245,"EXPLORATORY_POSTHOC"
"TCGA-PAAD","TCGA-LB-A8F3",-0.869348610103409,5.55222642383113,0.4101298,0.46155,"EXPLORATORY_POSTHOC"
"TCGA-PAAD","TCGA-LB-A9Q5",-1.78997825551243,5.29360591094171,-0.02454467,0.11017,"EXPLORATORY_POSTHOC"
"TCGA-PAAD","TCGA-M8-A5N4",0.455284542002973,6.31203886790893,-0.1256216,0.18722,"EXPLORATORY_POSTHOC"
"TCGA-PAAD","TCGA-OE-A75W",-0.540616080768084,5.47427703301199,-1.293526,-0.041009,"EXPLORATORY_POSTHOC"
"TCGA-PAAD","TCGA-PZ-A5RE",-0.144213805424363,5.90663569696792,-0.37165,0.52368,"EXPLORATORY_POSTHOC"
"TCGA-PAAD","TCGA-Q3-A5QY",0.159723448580328,5.6086259378085,0.04179234,0.16439,"EXPLORATORY_POSTHOC"
"TCGA-PAAD","TCGA-Q3-AA2A",-0.335587697669014,5.39589910077965,-0.3265791,0.33211,"EXPLORATORY_POSTHOC"
"TCGA-PAAD","TCGA-RB-A7B8",-0.411759812836266,5.60814391226646,-0.04104813,0.11575,"EXPLORATORY_POSTHOC"
"TCGA-PAAD","TCGA-RB-AA9M",0.711820492656604,6.51912669889679,0.2580158,0.48039,"EXPLORATORY_POSTHOC"
"TCGA-PAAD","TCGA-S4-A8RM",0.251373927560341,6.27928927577685,0.1042915,0.10648,"EXPLORATORY_POSTHOC"
"TCGA-PAAD","TCGA-S4-A8RO",0.412603203745164,6.02690847867004,-0.2448267,0.53277,"EXPLORATORY_POSTHOC"
"TCGA-PAAD","TCGA-S4-A8RP",0.687798890438709,6.33512769775661,0.1741886,0.24658,"EXPLORATORY_POSTHOC"
"TCGA-PAAD","TCGA-US-A776",-1.75467161084356,5.70807408985353,-0.1004572,0.15495,"EXPLORATORY_POSTHOC"
"TCGA-PAAD","TCGA-US-A779",-1.01423930530962,5.5203719576267,-0.4062107,0.31313,"EXPLORATORY_POSTHOC"
"TCGA-PAAD","TCGA-US-A77E",0.0599062437542831,6.26611749970445,-0.2182312,0.2333,"EXPLORATORY_POSTHOC"
"TCGA-PAAD","TCGA-US-A77G",-0.178595833735628,6.13766335894842,-0.2038434,0.22095,"EXPLORATORY_POSTHOC"
"TCGA-PAAD","TCGA-US-A77J",0.511215667396027,5.99978583405935,-0.4070987,0.11217,"EXPLORATORY_POSTHOC"
"TCGA-PAAD","TCGA-XD-AAUH",0.843162714126982,6.76409663881876,0.7138425,0.41119,"EXPLORATORY_POSTHOC"
"TCGA-PAAD","TCGA-XD-AAUI",0.529726312060047,6.22341482670741,-0.07027919,0.21516,"EXPLORATORY_POSTHOC"
"TCGA-PAAD","TCGA-XD-AAUL",0.404283710782897,6.19072349279423,0.3119083,0.30277,"EXPLORATORY_POSTHOC"
"TCGA-PAAD","TCGA-XN-A8T5",0.773937740800048,6.44925266427217,0.2677557,0.33086,"EXPLORATORY_POSTHOC"
"TCGA-PAAD","TCGA-YB-A89D",0.711189999956945,6.467605550083,-0.5619247,0.46902,"EXPLORATORY_POSTHOC"
"TCGA-PAAD","TCGA-YH-A8SY",0.145305364042656,6.14354443986416,-0.3724945,0.10294,"EXPLORATORY_POSTHOC"
"TCGA-PAAD","TCGA-YY-A8LH",0.144517496882111,6.35692552784309,-0.2531487,0.33886,"EXPLORATORY_POSTHOC"
"TCGA-PAAD","TCGA-Z5-AAPL",1.15905358468289,6.64654863015398,-0.7520861,3.73,"EXPLORATORY_POSTHOC"
"TCGA-LIHC","TCGA-BC-4072",1.53867022793689,6.08762619599903,0.00632607,0.20144,"EXPLORATORY_POSTHOC"
"TCGA-LIHC","TCGA-BC-A10Q",0.562535144940162,5.70353264588842,-0.9487607,0.46539,"EXPLORATORY_POSTHOC"
"TCGA-LIHC","TCGA-BC-A10R",-0.695905374852312,4.72385340466557,-1.853062,0.21171,"EXPLORATORY_POSTHOC"
"TCGA-LIHC","TCGA-BC-A10S",0.0676443418778963,5.31946620048076,-1.307976,0.34496,"EXPLORATORY_POSTHOC"
"TCGA-LIHC","TCGA-BC-A10T",-0.5163224033675,4.1819055918195,-1.784053,0.27187,"EXPLORATORY_POSTHOC"
"TCGA-LIHC","TCGA-BC-A10U",0.325704129432853,5.9490796418743,-2.415366,-0.62115,"EXPLORATORY_POSTHOC"
"TCGA-LIHC","TCGA-BC-A10W",1.9368137466096,6.8019876570369,-0.3651898,-0.089366,"EXPLORATORY_POSTHOC"
"TCGA-LIHC","TCGA-BC-A10X",0.185523165530713,5.63234965566281,-0.8142742,0.41911,"EXPLORATORY_POSTHOC"
"TCGA-LIHC","TCGA-BC-A10Y",0.0872692917319775,4.54823315335542,-0.3989137,0.099592,"EXPLORATORY_POSTHOC"
"TCGA-LIHC","TCGA-BC-A10Z",-0.424118623709901,5.56811725289329,-2.260798,0.00032678,"EXPLORATORY_POSTHOC"
"TCGA-LIHC","TCGA-BC-A110",0.644224642372632,6.06113677786631,-0.9607321,0.32144,"EXPLORATORY_POSTHOC"
"TCGA-LIHC","TCGA-BC-A216",0.761968921930153,5.80625186927032,-0.5003793,-0.31349,"EXPLORATORY_POSTHOC"
"TCGA-LIHC","TCGA-BC-A217",0.245011981600818,5.05145041235416,-0.3118172,0.13201,"EXPLORATORY_POSTHOC"
"TCGA-LIHC","TCGA-BC-A3KF",-0.562479701725386,4.79631741041801,-1.791944,0.21199,"EXPLORATORY_POSTHOC"
"TCGA-LIHC","TCGA-BC-A3KG",0.244053730897198,4.75279140071385,-1.113558,-0.26577,"EXPLORATORY_POSTHOC"
"TCGA-LIHC","TCGA-BC-A5W4",-1.44989427798963,3.45059103192519,-1.579946,-0.097033,"EXPLORATORY_POSTHOC"
"TCGA-LIHC","TCGA-BC-A69H",-0.308574705881298,5.43390085929285,0.3918536,0.26113,"EXPLORATORY_POSTHOC"
"TCGA-LIHC","TCGA-BC-A69I",-0.303022967792924,5.81077212007646,-1.228442,0.58352,"EXPLORATORY_POSTHOC"
"TCGA-LIHC","TCGA-BC-A8YO",1.80927214005717,6.3874125186546,0.02710469,-0.18466,"EXPLORATORY_POSTHOC"
"TCGA-LIHC","TCGA-BD-A2L6",-1.31504041005827,4.04688389751188,-1.101743,0.11389,"EXPLORATORY_POSTHOC"
"TCGA-LIHC","TCGA-BD-A3EP",0.820846001100755,5.74575632926374,-0.435928,0.74956,"EXPLORATORY_POSTHOC"
"TCGA-LIHC","TCGA-BD-A3ER",0.130853273792315,5.83336324175822,-0.5143218,0.48592,"EXPLORATORY_POSTHOC"
"TCGA-LIHC","TCGA-BW-A5NO",0.093885446247864,5.37090706328715,0.7526546,0.060132,"EXPLORATORY_POSTHOC"
"TCGA-LIHC","TCGA-BW-A5NP",-0.136836443066526,4.76176396441536,-1.76301,-0.40069,"EXPLORATORY_POSTHOC"
"TCGA-LIHC","TCGA-BW-A5NQ",0.79808383772783,5.36055741898736,0.09355504,-0.047839,"EXPLORATORY_POSTHOC"
"TCGA-LIHC","TCGA-CC-5258",0.853669353008466,4.38059093426592,-1.533992,-0.12095,"EXPLORATORY_POSTHOC"
"TCGA-LIHC","TCGA-CC-5260",2.21055286779419,6.45032873708241,-0.303356,-0.24991,"EXPLORATORY_POSTHOC"
"TCGA-LIHC","TCGA-CC-5261",2.484118054484,6.75927703000999,-0.1084193,0.13475,"EXPLORATORY_POSTHOC"
"TCGA-LIHC","TCGA-CC-5262",0.794312047707151,5.47444902290635,-0.9523976,0.12612,"EXPLORATORY_POSTHOC"
"TCGA-LIHC","TCGA-CC-5263",2.32319729853494,6.85940060484523,0.1374929,0.21085,"EXPLORATORY_POSTHOC"
"TCGA-LIHC","TCGA-CC-5264",1.26492617907541,6.80214150651544,0.1204431,0.18484,"EXPLORATORY_POSTHOC"
"TCGA-LIHC","TCGA-CC-A123",-1.52201028921269,4.49205185395454,0.2446122,0.17605,"EXPLORATORY_POSTHOC"
"TCGA-LIHC","TCGA-CC-A1HT",3.71126667268641,6.64887524136579,-0.1229671,0.75807,"EXPLORATORY_POSTHOC"
"TCGA-LIHC","TCGA-CC-A3M9",2.66820144868493,5.5429482730295,-0.2683458,-0.097211,"EXPLORATORY_POSTHOC"
"TCGA-LIHC","TCGA-CC-A3MA",1.1546893148412,5.56113364206323,-0.9146335,0.31567,"EXPLORATORY_POSTHOC"
"TCGA-LIHC","TCGA-CC-A3MB",0.368829705870881,5.17850351905496,-1.03788,0.20474,"EXPLORATORY_POSTHOC"
"TCGA-LIHC","TCGA-CC-A3MC",0.231625004996497,5.71180323599885,-0.1084365,-0.056853,"EXPLORATORY_POSTHOC"
"TCGA-LIHC","TCGA-CC-A5UC",-0.338790561063128,4.26082358596116,-0.7083938,-0.11479,"EXPLORATORY_POSTHOC"
"TCGA-LIHC","TCGA-CC-A5UD",0.652720571772232,5.72174996403096,-0.005869605,-0.10246,"EXPLORATORY_POSTHOC"
"TCGA-LIHC","TCGA-CC-A5UE",0.237170066171777,5.3228727507981,-0.9406568,0.026049,"EXPLORATORY_POSTHOC"
"TCGA-LIHC","TCGA-CC-A7IF",-1.30224436097401,3.57799673021038,-1.400905,-0.10531,"EXPLORATORY_POSTHOC"
"TCGA-LIHC","TCGA-CC-A7IG",0.129675050629822,5.24164572688961,0.06434997,0.031239,"EXPLORATORY_POSTHOC"
"TCGA-LIHC","TCGA-CC-A7IH",-0.473613361901087,5.32624610488322,-0.2373837,0.031419,"EXPLORATORY_POSTHOC"
"TCGA-LIHC","TCGA-CC-A7II",-0.238609685829685,5.30621119320566,-1.088411,0.0006234,"EXPLORATORY_POSTHOC"
"TCGA-LIHC","TCGA-CC-A7IJ",2.68638911070837,6.18007822365692,0.01795732,-0.20056,"EXPLORATORY_POSTHOC"
"TCGA-LIHC","TCGA-CC-A7IK",-0.607262940476453,4.90505720845917,-1.489513,0.05312,"EXPLORATORY_POSTHOC"
"TCGA-LIHC","TCGA-CC-A7IL",-1.46008083856869,4.7207654841541,-0.4388024,0.099523,"EXPLORATORY_POSTHOC"
"TCGA-LIHC","TCGA-CC-A8HS",0.305854461285291,4.61622829095304,-0.8447475,-0.2902,"EXPLORATORY_POSTHOC"
"TCGA-LIHC","TCGA-CC-A8HT",0.513143703598118,4.7945198406243,0.04663212,0.07331,"EXPLORATORY_POSTHOC"
"TCGA-LIHC","TCGA-CC-A8HU",0.212987913951423,4.85413532043279,-0.3060247,-0.19198,"EXPLORATORY_POSTHOC"
"TCGA-LIHC","TCGA-CC-A8HV",-0.418323481639269,4.71456424935943,-0.3547459,-0.099592,"EXPLORATORY_POSTHOC"
"TCGA-LIHC","TCGA-DD-A114",2.81690271768509,6.09677839452891,-0.1227247,0.15856,"EXPLORATORY_POSTHOC"
"TCGA-LIHC","TCGA-DD-A115",-0.0469393331150842,5.21051744810668,-0.6692116,0.12878,"EXPLORATORY_POSTHOC"
"TCGA-LIHC","TCGA-DD-A116",-0.572815036888547,4.02211032447534,-0.5159703,0.12378,"EXPLORATORY_POSTHOC"
"TCGA-LIHC","TCGA-DD-A118",-0.614968366538016,5.87927201048822,0.2309405,-0.14751,"EXPLORATORY_POSTHOC"
"TCGA-LIHC","TCGA-DD-A119",-1.25675972687909,5.08778104770847,-0.8593008,0.21907,"EXPLORATORY_POSTHOC"
"TCGA-LIHC","TCGA-DD-A11A",-0.0849854426293166,6.59554692399636,-0.7957786,-0.0063401,"EXPLORATORY_POSTHOC"
"TCGA-LIHC","TCGA-DD-A11B",-0.451326088514216,5.3039889195305,-1.126941,-0.14756,"EXPLORATORY_POSTHOC"
"TCGA-LIHC","TCGA-DD-A11C",0.209826446950798,5.98710708380149,-0.214467,0.085437,"EXPLORATORY_POSTHOC"
"TCGA-LIHC","TCGA-DD-A11D",-0.34337778570943,5.24861832301934,-1.391845,-0.12973,"EXPLORATORY_POSTHOC"
"TCGA-LIHC","TCGA-DD-A1EB",-0.606023654970918,5.6876178329067,-0.8786007,0.0671,"EXPLORATORY_POSTHOC"
"TCGA-LIHC","TCGA-DD-A1EC",1.7949335818937,6.18121786631094,-0.5535962,0.081082,"EXPLORATORY_POSTHOC"
"TCGA-LIHC","TCGA-DD-A1ED",0.144897186499697,6.3067817176715,-0.3782333,0.27904,"EXPLORATORY_POSTHOC"
"TCGA-LIHC","TCGA-DD-A1EE",0.538046802906245,6.04024368557769,-0.9477402,0.064935,"EXPLORATORY_POSTHOC"
"TCGA-LIHC","TCGA-DD-A1EF",0.464231301802664,4.88457838537993,-1.480936,-0.098614,"EXPLORATORY_POSTHOC"
"TCGA-LIHC","TCGA-DD-A1EH",0.769628191782792,5.6006622540069,-1.128488,-0.49351,"EXPLORATORY_POSTHOC"
"TCGA-LIHC","TCGA-DD-A1EJ",0.519930903739511,4.74979703948818,-1.140718,-0.29517,"EXPLORATORY_POSTHOC"
"TCGA-LIHC","TCGA-DD-A1EL",0.453896518304555,5.38653507018475,-0.289923,0.033114,"EXPLORATORY_POSTHOC"
"TCGA-LIHC","TCGA-DD-A39V",-0.649252167950863,4.03430376776804,-0.834615,0.27916,"EXPLORATORY_POSTHOC"
"TCGA-LIHC","TCGA-DD-A39W",-0.416179797090011,4.13733957181602,-1.904096,-0.04318,"EXPLORATORY_POSTHOC"
"TCGA-LIHC","TCGA-DD-A39X",-0.771148640602966,4.86488936446975,-0.2676724,0.12875,"EXPLORATORY_POSTHOC"
"TCGA-LIHC","TCGA-DD-A39Y",-0.425062582154705,4.83353781595078,-1.562932,0.12701,"EXPLORATORY_POSTHOC"
"TCGA-LIHC","TCGA-DD-A39Z",-1.37323815959487,4.57337452644594,0.3772083,0.20022,"EXPLORATORY_POSTHOC"
"TCGA-LIHC","TCGA-DD-A3A1",-0.296725339075724,4.84714005197054,-0.6478974,-0.18454,"EXPLORATORY_POSTHOC"
"TCGA-LIHC","TCGA-DD-A3A2",-2.0078180226522,4.33303724578944,-1.844543,0.17378,"EXPLORATORY_POSTHOC"
"TCGA-LIHC","TCGA-DD-A3A3",-1.34626405534037,4.93559175307686,-2.587253,-0.62019,"EXPLORATORY_POSTHOC"
"TCGA-LIHC","TCGA-DD-A3A4",-1.3664795585628,5.37830352723093,-1.541514,0.073496,"EXPLORATORY_POSTHOC"
"TCGA-LIHC","TCGA-DD-A3A5",-0.763447882102251,4.64903481554311,-0.1889445,0.20386,"EXPLORATORY_POSTHOC"
"TCGA-LIHC","TCGA-DD-A3A6",-0.861872808904912,4.56062325484156,-0.2501966,0.24257,"EXPLORATORY_POSTHOC"
"TCGA-LIHC","TCGA-DD-A3A7",-1.73766546156579,4.66970145328114,-0.7716976,-0.029918,"EXPLORATORY_POSTHOC"
"TCGA-LIHC","TCGA-DD-A3A8",-1.00081127074436,4.57935516326486,-1.890695,0.095399,"EXPLORATORY_POSTHOC"
"TCGA-LIHC","TCGA-DD-A3A9",-0.322055365400267,5.04451215321502,-0.3622469,0.085171,"EXPLORATORY_POSTHOC"
"TCGA-LIHC","TCGA-DD-A4NA",1.81403213397688,6.83118814924103,-0.4551623,0.043506,"EXPLORATORY_POSTHOC"
"TCGA-LIHC","TCGA-DD-A4NB",0.386867426245636,5.70331115112855,-1.814866,0.18444,"EXPLORATORY_POSTHOC"
"TCGA-LIHC","TCGA-DD-A4ND",1.51054903923498,5.70582864964788,-0.96098,0.32164,"EXPLORATORY_POSTHOC"
"TCGA-LIHC","TCGA-DD-A4NE",-0.365072780129133,5.02866638939439,-0.6492115,0.12809,"EXPLORATORY_POSTHOC"
"TCGA-LIHC","TCGA-DD-A4NF",-0.282636862521533,5.03582622472689,-1.40268,0.14682,"EXPLORATORY_POSTHOC"
"TCGA-LIHC","TCGA-DD-A4NG",-0.724515831454222,5.10756233934279,-1.023402,0.21124,"EXPLORATORY_POSTHOC"
"TCGA-LIHC","TCGA-DD-A4NH",1.69412317343202,5.70027046898783,-1.240903,-0.47587,"EXPLORATORY_POSTHOC"
"TCGA-LIHC","TCGA-DD-A4NI",-0.770685769355687,4.88602330650098,-1.807304,0.18839,"EXPLORATORY_POSTHOC"
"TCGA-LIHC","TCGA-DD-A4NJ",1.15086839356284,6.26389826137008,-0.8071146,0.22405,"EXPLORATORY_POSTHOC"
"TCGA-LIHC","TCGA-DD-A4NK",-0.340858030320617,6.03538417371634,-0.9536715,0.21743,"EXPLORATORY_POSTHOC"
"TCGA-LIHC","TCGA-DD-A4NN",-0.0291834600921004,4.98807567278071,0.07522121,-0.26156,"EXPLORATORY_POSTHOC"
"TCGA-LIHC","TCGA-DD-A4NO",0.229843522872189,5.98873694092181,-0.2929687,0.2663,"EXPLORATORY_POSTHOC"
"TCGA-LIHC","TCGA-DD-A4NP",-0.755128828633243,5.97188608151061,-0.1943278,0.31786,"EXPLORATORY_POSTHOC"
"TCGA-LIHC","TCGA-DD-A4NQ",0.748428429926686,6.46853770262138,-0.1360162,-0.044955,"EXPLORATORY_POSTHOC"
"TCGA-LIHC","TCGA-DD-A4NR",1.93831596286817,5.74835925318783,-0.4845865,0.42782,"EXPLORATORY_POSTHOC"
"TCGA-LIHC","TCGA-DD-A4NS",1.73534084298933,5.70157123502073,-0.4683836,0.069908,"EXPLORATORY_POSTHOC"
"TCGA-LIHC","TCGA-DD-A73B",-0.84302717360755,5.3013279088525,-0.2249283,0.13188,"EXPLORATORY_POSTHOC"
"TCGA-LIHC","TCGA-DD-A73C",-0.112060464574167,6.42840707523493,-0.7483716,0.27192,"EXPLORATORY_POSTHOC"
"TCGA-LIHC","TCGA-DD-A73D",-1.49889182697009,5.70929339316537,-0.1507254,0.23448,"EXPLORATORY_POSTHOC"
"TCGA-LIHC","TCGA-DD-A73E",0.0253879306500264,5.05697362752505,-1.247786,0.16005,"EXPLORATORY_POSTHOC"
"TCGA-LIHC","TCGA-DD-A73F",-0.118389772408942,5.21117577274204,-0.5589046,0.56697,"EXPLORATORY_POSTHOC"
"TCGA-LIHC","TCGA-DD-A73G",-1.75954718732095,3.62821366956666,-0.7111087,-0.073309,"EXPLORATORY_POSTHOC"
"TCGA-LIHC","TCGA-DD-AA3A",1.34092750538886,5.73831928884477,-0.8202689,-0.26912,"EXPLORATORY_POSTHOC"
"TCGA-LIHC","TCGA-ED-A459",1.05628101315496,6.44643655549956,0.6242956,0.38653,"EXPLORATORY_POSTHOC"
"TCGA-LIHC","TCGA-ED-A4XI",0.240467846081971,5.30501107968947,-0.5245525,0.14919,"EXPLORATORY_POSTHOC"
"TCGA-LIHC","TCGA-ED-A5KG",3.05666550406955,5.84378540960095,-1.210655,-0.28589,"EXPLORATORY_POSTHOC"
"TCGA-LIHC","TCGA-ED-A627",2.0227976928285,6.10194836581654,-2.132762,-0.90651,"EXPLORATORY_POSTHOC"
"TCGA-LIHC","TCGA-ED-A66X",0.851310391278083,4.92038382314964,-0.6709807,-0.042446,"EXPLORATORY_POSTHOC"
"TCGA-LIHC","TCGA-ED-A66Y",0.123625665082125,5.32384920637288,-0.3443652,0.032222,"EXPLORATORY_POSTHOC"
"TCGA-LIHC","TCGA-ED-A7PX",0.83858424256077,6.34951566844853,-0.5334052,-0.16128,"EXPLORATORY_POSTHOC"
"TCGA-LIHC","TCGA-ED-A7PY",-1.18338813940557,3.60631192959218,-1.127496,-0.38094,"EXPLORATORY_POSTHOC"
"TCGA-LIHC","TCGA-ED-A7PZ",-1.3237801295624,5.78609185313931,-0.5222009,-0.18985,"EXPLORATORY_POSTHOC"
"TCGA-LIHC","TCGA-ED-A7XO",0.189668385590946,4.73138420542298,-1.015568,-0.44006,"EXPLORATORY_POSTHOC"
"TCGA-LIHC","TCGA-ED-A7XP",0.0733543745723378,4.97396478891361,-1.453921,-0.026573,"EXPLORATORY_POSTHOC"
"TCGA-LIHC","TCGA-ED-A82E",1.0271800814348,6.01189812036949,-0.5322184,-0.64614,"EXPLORATORY_POSTHOC"
"TCGA-LIHC","TCGA-ED-A8O5",-0.102939653190271,4.58450557494114,-0.7411896,-0.34753,"EXPLORATORY_POSTHOC"
"TCGA-LIHC","TCGA-ED-A8O6",0.215431560142453,5.49501074334791,-1.253687,-0.30277,"EXPLORATORY_POSTHOC"
"TCGA-LIHC","TCGA-EP-A12J",0.288567870508896,5.12871819433504,-1.261342,0.10576,"EXPLORATORY_POSTHOC"
"TCGA-LIHC","TCGA-EP-A26S",-0.861851949492742,5.21030313563726,-0.9932512,0.18183,"EXPLORATORY_POSTHOC"
"TCGA-LIHC","TCGA-EP-A2KA",0.646610846575939,4.76706679608656,-0.6242079,0.32896,"EXPLORATORY_POSTHOC"
"TCGA-LIHC","TCGA-EP-A2KB",-0.64071231625619,4.4467723312035,-1.420728,-0.0139,"EXPLORATORY_POSTHOC"
"TCGA-LIHC","TCGA-EP-A2KC",0.132169787519947,6.09023947711865,-1.163957,0.13911,"EXPLORATORY_POSTHOC"
"TCGA-LIHC","TCGA-EP-A3JL",-0.630182285297885,4.49005020448277,-1.390473,0.13112,"EXPLORATORY_POSTHOC"
"TCGA-LIHC","TCGA-EP-A3RK",1.14525999212949,5.02300689633703,-0.978963,0.24914,"EXPLORATORY_POSTHOC"
"TCGA-LIHC","TCGA-ES-A2HS",-1.89963267986517,4.12079151711876,-0.09452183,0.14404,"EXPLORATORY_POSTHOC"
"TCGA-LIHC","TCGA-ES-A2HT",-1.43197712088865,4.81708598379542,-0.6048816,0.13508,"EXPLORATORY_POSTHOC"
"TCGA-LIHC","TCGA-FV-A23B",0.52421691734531,5.25454491437935,-0.6970906,0.17651,"EXPLORATORY_POSTHOC"
"TCGA-LIHC","TCGA-FV-A2QQ",-0.139430227468414,4.56451840682891,-1.776624,0.14088,"EXPLORATORY_POSTHOC"
"TCGA-LIHC","TCGA-FV-A2QR",0.11233772676749,5.13039964286721,-1.715977,-0.11006,"EXPLORATORY_POSTHOC"
"TCGA-LIHC","TCGA-FV-A3R2",0.635293253570076,5.55078987323169,-0.9462765,0.063247,"EXPLORATORY_POSTHOC"
"TCGA-LIHC","TCGA-FV-A3R3",0.0166643761918554,5.51102519398807,-1.301584,0.19877,"EXPLORATORY_POSTHOC"
"TCGA-LIHC","TCGA-FV-A496",-0.98357155090287,5.75354035802687,0.1470603,0.25973,"EXPLORATORY_POSTHOC"
"TCGA-LIHC","TCGA-FV-A4ZP",-1.40090780502153,3.34653146202802,-0.9169791,0.36082,"EXPLORATORY_POSTHOC"
"TCGA-LIHC","TCGA-FV-A4ZQ",1.09742615703546,5.47540919340106,-0.9242129,-0.096177,"EXPLORATORY_POSTHOC"
"TCGA-LIHC","TCGA-G3-A25S",-0.461151967935089,4.58741900097109,-0.7717607,0.16855,"EXPLORATORY_POSTHOC"
"TCGA-LIHC","TCGA-G3-A25U",-0.630805815748834,4.99582367063417,-1.87387,0.06631,"EXPLORATORY_POSTHOC"
"TCGA-LIHC","TCGA-G3-A25V",0.525479755059722,5.67588366174391,-0.1805128,0.58836,"EXPLORATORY_POSTHOC"
"TCGA-LIHC","TCGA-G3-A25X",0.98921956888159,5.79292300963436,0.4126333,0.57261,"EXPLORATORY_POSTHOC"
"TCGA-LIHC","TCGA-G3-A25Y",1.55751345480863,5.88753258167766,-0.6832691,0.6151,"EXPLORATORY_POSTHOC"
"TCGA-LIHC","TCGA-G3-A25Z",-0.600456218970717,6.13602318239462,0.3383256,0.25677,"EXPLORATORY_POSTHOC"
"TCGA-LIHC","TCGA-G3-A3CG",0.152522548212134,6.2754801679252,-0.6216953,0.51543,"EXPLORATORY_POSTHOC"
"TCGA-LIHC","TCGA-G3-A3CH",-0.320015785901632,4.63722767150963,-1.666391,0.027269,"EXPLORATORY_POSTHOC"
"TCGA-LIHC","TCGA-G3-A3CI",-0.882670611919029,5.68674702488809,-0.4573234,0.3055,"EXPLORATORY_POSTHOC"
"TCGA-LIHC","TCGA-G3-A3CK",0.256199543286683,7.09605518467528,0.03831526,0.29711,"EXPLORATORY_POSTHOC"
"TCGA-LIHC","TCGA-G3-A5SJ",1.2486043254646,5.24791612370093,0.2484854,0.43274,"EXPLORATORY_POSTHOC"
"TCGA-LIHC","TCGA-G3-A5SK",-0.843930975220548,5.44134735732743,-1.817984,0.34483,"EXPLORATORY_POSTHOC"
"TCGA-LIHC","TCGA-G3-A5SL",-0.723976205483422,5.60603648713168,-0.1823733,0.3229,"EXPLORATORY_POSTHOC"
"TCGA-LIHC","TCGA-G3-A5SM",-0.283031969751788,5.72033866748803,-0.5696826,0.25527,"EXPLORATORY_POSTHOC"
"TCGA-LIHC","TCGA-G3-A7M5",-1.19796783114868,4.02429308059032,-1.524309,0.12032,"EXPLORATORY_POSTHOC"
"TCGA-LIHC","TCGA-G3-A7M6",1.68695063159095,6.03371811812271,0.6771519,0.33366,"EXPLORATORY_POSTHOC"
"TCGA-LIHC","TCGA-G3-A7M7",-0.774217145477199,5.28754247777742,-0.3657028,0.20054,"EXPLORATORY_POSTHOC"
"TCGA-LIHC","TCGA-G3-A7M8",-0.997732257865801,5.27809629157318,-0.860102,0.21846,"EXPLORATORY_POSTHOC"
"TCGA-LIHC","TCGA-G3-A7M9",1.63830835714334,6.0960509666449,-0.1223676,0.3753,"EXPLORATORY_POSTHOC"
"TCGA-LIHC","TCGA-GJ-A6C0",1.22624438886714,5.65655643392621,-1.467553,-0.36474,"EXPLORATORY_POSTHOC"
"TCGA-LIHC","TCGA-GJ-A9DB",0.980111831303549,5.68375820257825,-0.7364521,-0.13945,"EXPLORATORY_POSTHOC"
"TCGA-LIHC","TCGA-HP-A5MZ",0.246932788827177,5.34625486696131,-1.394617,-0.01458,"EXPLORATORY_POSTHOC"
"TCGA-LIHC","TCGA-HP-A5N0",-0.081766381582884,4.90078471086434,-0.2979496,0.16852,"EXPLORATORY_POSTHOC"
"TCGA-LIHC","TCGA-K7-A5RF",0.47260177372101,5.35231008448748,-0.4176048,0.25949,"EXPLORATORY_POSTHOC"
"TCGA-LIHC","TCGA-K7-A5RG",0.74407931310824,5.46059186570155,-0.8002456,0.20791,"EXPLORATORY_POSTHOC"
"TCGA-LIHC","TCGA-KR-A7K7",-0.200692653545412,4.98498118524995,0.04556631,0.18241,"EXPLORATORY_POSTHOC"
"TCGA-LIHC","TCGA-LG-A6GG",0.24208952165795,5.5187113736851,-0.4063301,0.1465,"EXPLORATORY_POSTHOC"
"TCGA-LIHC","TCGA-MR-A520",-1.56739764330475,5.5736078063038,-0.3552299,0.28703,"EXPLORATORY_POSTHOC"
"TCGA-LIHC","TCGA-MR-A8JO",-0.34678291885725,4.73742718272906,-0.8381827,0.11612,"EXPLORATORY_POSTHOC"
"TCGA-LIHC","TCGA-NI-A4U2",-2.0082999728789,4.16351483370018,-2.27825,0.23251,"EXPLORATORY_POSTHOC"
"TCGA-LIHC","TCGA-NI-A8LF",-1.02066342505424,4.67614890920411,-1.483997,0.00030262,"EXPLORATORY_POSTHOC"
"TCGA-LIHC","TCGA-O8-A75V",-0.195523131960127,4.55954075877139,-1.472855,0.24232,"EXPLORATORY_POSTHOC"
"TCGA-LIHC","TCGA-PD-A5DF",0.773195399891265,6.24221377185476,-0.2049509,0.21676,"EXPLORATORY_POSTHOC"
"TCGA-LIHC","TCGA-RC-A6M6",0.435945538962205,5.77878942811862,0.1270138,0.021559,"EXPLORATORY_POSTHOC"
"TCGA-LIHC","TCGA-RG-A7D4",0.0983721455847501,5.41024272335296,0.07786034,0.17189,"EXPLORATORY_POSTHOC"
"TCGA-LIHC","TCGA-T1-A6J8",-0.643947488667877,4.92193136296064,-0.8447013,0.40391,"EXPLORATORY_POSTHOC"
"TCGA-LIHC","TCGA-UB-A7MA",1.12926600599307,6.09409246893052,-0.4441016,0.66535,"EXPLORATORY_POSTHOC"
"TCGA-LIHC","TCGA-UB-A7MB",0.285141426990459,5.54922865644549,-1.361084,-0.35009,"EXPLORATORY_POSTHOC"
"TCGA-LIHC","TCGA-UB-A7MC",0.0110447068049625,5.27082044197939,-0.9030426,-0.11954,"EXPLORATORY_POSTHOC"
"TCGA-LIHC","TCGA-UB-A7MD",1.04340874553222,5.67414706181558,-1.046952,0.12598,"EXPLORATORY_POSTHOC"
"TCGA-LIHC","TCGA-UB-A7MF",0.93707773693189,5.88937862526137,0.6439681,0.12795,"EXPLORATORY_POSTHOC"
"TCGA-LIHC","TCGA-WQ-A9G7",-0.700287276521763,4.23550497185215,-0.05987674,-0.75233,"EXPLORATORY_POSTHOC"
"TCGA-LIHC","TCGA-XR-A8TC",-0.165836251878159,4.83713086670248,-1.094844,-0.77155,"EXPLORATORY_POSTHOC"
"TCGA-LIHC","TCGA-XR-A8TF",-0.956007116387018,4.88002426093909,-1.416659,0.00031161,"EXPLORATORY_POSTHOC"
"TCGA-LIHC","TCGA-YA-A8S7",2.59258467549688,5.94072351392332,-1.108296,-0.59209,"EXPLORATORY_POSTHOC"
