"cohort","patient","barcode","StromalScore","ImmuneScore","ESTIMATEScore","purity_estimate","CPE","purity_source","purity"
"TCGA-COAD","TCGA-3L-AA1B","TCGA-3L-AA1B-01A-11R-A37K-07",-448.264726944201,275.700582823119,-172.564144121082,0.836650689482806,0.7913,"CPE",0.7913
"TCGA-COAD","TCGA-4N-A93T","TCGA-4N-A93T-01A-11R-A37K-07",-1626.74277770136,-305.425647707593,-1932.16842540896,0.948804427181934,0.7898,"CPE",0.7898
"TCGA-COAD","TCGA-4T-AA8H","TCGA-4T-AA8H-01A-11R-A41B-07",-1816.85122686699,-495.630609489133,-2312.48183635612,0.964950484873696,0.8917,"CPE",0.8917
"TCGA-COAD","TCGA-5M-AAT4","TCGA-5M-AAT4-01A-11R-A41B-07",-1202.3657806433,-468.756280921734,-1671.12206156504,0.93600743804621,0.8372,"CPE",0.8372
"TCGA-COAD","TCGA-5M-AAT6","TCGA-5M-AAT6-01A-11R-A41B-07",475.02598021446,1521.47620433776,1996.50218455222,0.623135832558596,0.6712,"CPE",0.6712
"TCGA-COAD","TCGA-5M-AATE","TCGA-5M-AATE-01A-11R-A41B-07",-1002.15140062052,-138.884353062501,-1141.03575368302,0.905815213241245,0.8443,"CPE",0.8443
"TCGA-COAD","TCGA-A6-2671","TCGA-A6-2671-01A-01R-1410-07",232.301766586721,598.0229048789,830.324671465621,0.747258561189162,0.8394,"CPE",0.8394
"TCGA-COAD","TCGA-A6-2672","TCGA-A6-2672-01A-01R-0826-07",177.04559436942,1854.06412105491,2031.10971542433,0.61915468446291,0.6965,"CPE",0.6965
"TCGA-COAD","TCGA-A6-2674","TCGA-A6-2674-01A-02R-0821-07",1214.37447934067,1991.04492386604,3205.41940320671,0.475287472825903,0.551,"CPE",0.551
"TCGA-COAD","TCGA-A6-2675","TCGA-A6-2675-01A-02R-1723-07",631.475988904052,1058.14624166408,1689.62223056814,0.6577232153984,0.6193,"CPE",0.6193
"TCGA-COAD","TCGA-A6-2676","TCGA-A6-2676-01A-01R-0826-07",-50.6756725696106,1578.68496045979,1528.00928789018,0.675405980990665,0.8171,"CPE",0.8171
"TCGA-COAD","TCGA-A6-2677","TCGA-A6-2677-01A-01R-0821-07",-1274.67946375356,-359.696243651508,-1634.37570740507,0.934095271240698,0.8869,"CPE",0.8869
"TCGA-COAD","TCGA-A6-2678","TCGA-A6-2678-01A-01R-0821-07",-367.936416307571,650.83665187479,282.900235567219,0.798188832948234,0.767,"CPE",0.767
"TCGA-COAD","TCGA-A6-2679","TCGA-A6-2679-01A-02R-1410-07",-360.333790254166,1216.06472590852,855.73093565435,0.744775096264023,0.6226,"CPE",0.6226
"TCGA-COAD","TCGA-A6-2680","TCGA-A6-2680-01A-01R-1410-07",-421.26745496889,583.806008188894,162.538553220004,0.808706857317788,0.769,"CPE",0.769
"TCGA-COAD","TCGA-A6-2681","TCGA-A6-2681-01A-01R-1410-07",288.772978666409,811.886374445269,1100.65935311168,0.720307207713276,0.6939,"CPE",0.6939
"TCGA-COAD","TCGA-A6-2682","TCGA-A6-2682-01A-01R-1410-07",71.2069440519554,801.632669130292,872.839613182248,0.743096882879394,0.7927,"CPE",0.7927
"TCGA-COAD","TCGA-A6-2683","TCGA-A6-2683-01A-01R-0821-07",-982.595794122372,55.7952515139077,-926.800542608464,0.89204620476331,0.786,"CPE",0.786
"TCGA-COAD","TCGA-A6-2684","TCGA-A6-2684-01A-01R-1410-07",465.096829299444,1276.30225317605,1741.39908247549,0.651979318928982,0.725,"CPE",0.725
"TCGA-COAD","TCGA-A6-2685","TCGA-A6-2685-01A-01R-1410-07",787.222175995392,1394.76731147501,2181.9894874704,0.601612594506981,0.6328,"CPE",0.6328
"TCGA-COAD","TCGA-A6-2686","TCGA-A6-2686-01A-01R-A32Z-07",364.361614528114,1894.95656424119,2259.31817876931,0.592507025826687,0.6683,"CPE",0.6683
"TCGA-COAD","TCGA-A6-3807","TCGA-A6-3807-01A-01R-1022-07",-112.199412219128,903.575303250758,791.37589103163,0.751045617559545,0.679,"CPE",0.679
"TCGA-COAD","TCGA-A6-3808","TCGA-A6-3808-01A-01R-1022-07",643.995544868252,1291.0380947888,1935.03363965705,0.63016728068484,0.7019,"CPE",0.7019
"TCGA-COAD","TCGA-A6-3809","TCGA-A6-3809-01A-01R-1022-07",-79.716194945242,1533.19822722333,1453.48203227809,0.683432871088862,0.6996,"CPE",0.6996
"TCGA-COAD","TCGA-A6-3810","TCGA-A6-3810-01A-01R-1022-07",595.616878488444,1211.35977178388,1806.97665027233,0.644650418701203,0.759,"CPE",0.759
"TCGA-COAD","TCGA-A6-4105","TCGA-A6-4105-01A-02R-1774-07",146.482464379762,1172.07557087681,1318.55803525657,0.697756009699674,0.7533,"CPE",0.7533
"TCGA-COAD","TCGA-A6-4107","TCGA-A6-4107-01A-02R-1410-07",-9.44320662368795,825.425385271054,815.982178647366,0.748655953967756,0.7697,"CPE",0.7697
"TCGA-COAD","TCGA-A6-5656","TCGA-A6-5656-01A-21R-1839-07",-1144.87062893336,-242.943855687473,-1387.81448462084,0.920564856493873,0.7,"CPE",0.7
"TCGA-COAD","TCGA-A6-5657","TCGA-A6-5657-01A-01R-A32Z-07",167.145946279883,756.448911677212,923.594857957095,0.738090697848384,0.647,"CPE",0.647
"TCGA-COAD","TCGA-A6-5659","TCGA-A6-5659-01A-01R-1653-07",-389.93297487445,-36.9406889971889,-426.873663871639,0.856509914329287,0.8,"CPE",0.8
"TCGA-COAD","TCGA-A6-5660","TCGA-A6-5660-01A-01R-1653-07",-180.326885670721,272.482149546636,92.1552638759153,0.814740671272886,0.8604,"CPE",0.8604
"TCGA-COAD","TCGA-A6-5661","TCGA-A6-5661-01A-01R-1653-07",-724.589625404939,377.731312509778,-346.858312895161,0.850388853993924,0.7771,"CPE",0.7771
"TCGA-COAD","TCGA-A6-5662","TCGA-A6-5662-01A-01R-1653-07",-523.564029154159,-173.847469105403,-697.411498259562,0.876325728258236,0.9569,"CPE",0.9569
"TCGA-COAD","TCGA-A6-5664","TCGA-A6-5664-01A-21R-1839-07",626.542791920789,1161.78720723242,1788.32999915321,0.646740461883648,0.6426,"CPE",0.6426
"TCGA-COAD","TCGA-A6-5665","TCGA-A6-5665-01A-01R-1653-07",-1152.88967274134,393.155378083705,-759.734294657637,0.880695889472397,0.8448,"CPE",0.8448
"TCGA-COAD","TCGA-A6-5666","TCGA-A6-5666-01A-01R-1653-07",-1226.49035291758,-231.39213726707,-1457.88249018465,0.92453337728612,0.8924,"CPE",0.8924
"TCGA-COAD","TCGA-A6-5667","TCGA-A6-5667-01A-21R-1723-07",-280.380041227378,-37.3644473735241,-317.744488600903,0.848132535403046,0.8666,"CPE",0.8666
"TCGA-COAD","TCGA-A6-6137","TCGA-A6-6137-01A-11R-1774-07",-737.154869043121,767.179627998076,30.0247589549549,0.819994745613043,0.6883,"CPE",0.6883
"TCGA-COAD","TCGA-A6-6138","TCGA-A6-6138-01A-11R-1774-07",377.475376232586,1580.58090756077,1958.05628379336,0.627539675971429,0.7069,"CPE",0.7069
"TCGA-COAD","TCGA-A6-6140","TCGA-A6-6140-01A-11R-1774-07",-1133.30714697102,213.497866597177,-919.809280373845,0.891581933603673,0.8851,"CPE",0.8851
"TCGA-COAD","TCGA-A6-6141","TCGA-A6-6141-01A-11R-1774-07",-457.768429070792,878.746964522127,420.978535451335,0.785815957028517,0.7243,"CPE",0.7243
"TCGA-COAD","TCGA-A6-6142","TCGA-A6-6142-01A-11R-1774-07",664.203376890462,625.308548705449,1289.51192559591,0.70080384929825,0.6378,"CPE",0.6378
"TCGA-COAD","TCGA-A6-6648","TCGA-A6-6648-01A-11R-1774-07",-1105.7360807652,-84.5674727043381,-1190.30355346954,0.908855477379832,0.7204,"CPE",0.7204
"TCGA-COAD","TCGA-A6-6649","TCGA-A6-6649-01A-11R-1774-07",-17.9727421529078,772.381248340899,754.408506187991,0.754617313769467,0.7857,"CPE",0.7857
"TCGA-COAD","TCGA-A6-6650","TCGA-A6-6650-01A-11R-1774-07",-1093.92431316891,-225.271631439312,-1319.19594460822,0.91658404789062,0.775,"CPE",0.775
"TCGA-COAD","TCGA-A6-6651","TCGA-A6-6651-01A-21R-1839-07",1342.54484066933,1666.73245375019,3009.27729441952,0.500418535122416,0.606,"CPE",0.606
"TCGA-COAD","TCGA-A6-6652","TCGA-A6-6652-01A-11R-1774-07",-1243.46271369835,-404.053737973145,-1647.51645167149,0.934782199516196,0.9147,"CPE",0.9147
"TCGA-COAD","TCGA-A6-6653","TCGA-A6-6653-01A-11R-1774-07",-423.388956044882,564.76137510566,141.372419060777,0.81053049189104,0.826,"CPE",0.826
"TCGA-COAD","TCGA-A6-6654","TCGA-A6-6654-01A-21R-1839-07",1236.87163205023,1928.97545028448,3165.84708233472,0.480390148134429,0.5196,"CPE",0.5196
"TCGA-COAD","TCGA-A6-6780","TCGA-A6-6780-01A-11R-1839-07",-375.203415886473,1879.37254237443,1504.16912648796,0.677982502670009,0.8,"CPE",0.8
"TCGA-COAD","TCGA-A6-6781","TCGA-A6-6781-01A-22R-1928-07",1356.57705131486,1771.73952356599,3128.31657488085,0.485214567204366,0.7,"CPE",0.7
"TCGA-COAD","TCGA-A6-6782","TCGA-A6-6782-01A-11R-1839-07",562.776146018198,1069.37226831758,1632.14841433578,0.664054601189645,0.6936,"CPE",0.6936
"TCGA-COAD","TCGA-A6-A565","TCGA-A6-A565-01A-31R-A28H-07",232.535942200794,1800.78871957905,2033.32466177985,0.618899338448697,0.5864,"CPE",0.5864
"TCGA-COAD","TCGA-A6-A566","TCGA-A6-A566-01A-11R-A28H-07",1695.49658357396,1798.47005615663,3493.9666397306,0.437606785890486,0.5854,"CPE",0.5854
"TCGA-COAD","TCGA-A6-A567","TCGA-A6-A567-01A-31R-A28H-07",-664.545542650462,-258.926765704608,-923.47230835507,0.891825302698915,0.8594,"CPE",0.8594
"TCGA-COAD","TCGA-A6-A56B","TCGA-A6-A56B-01A-31R-A28H-07",-311.093170434403,-223.372027587388,-534.465198021791,0.864554108018294,0.8971,"CPE",0.8971
"TCGA-COAD","TCGA-A6-A5ZU","TCGA-A6-A5ZU-01A-11R-A28H-07",271.579255038787,909.539436434125,1181.11869147291,0.712064748749767,0.7049,"CPE",0.7049
"TCGA-COAD","TCGA-AA-3488","TCGA-AA-3488-01A-01R-1410-07",-1022.20593930162,245.030674598728,-777.17526470289,0.88190569078033,0.8806,"CPE",0.8806
"TCGA-COAD","TCGA-AA-3489","TCGA-AA-3489-01A-21R-1839-07",1402.57860830165,1966.9757741738,3369.55438247546,0.453953727905615,0.4634,"CPE",0.4634
"TCGA-COAD","TCGA-AA-3492","TCGA-AA-3492-01A-01R-1410-07",-350.432198955748,780.716557723696,430.284358767948,0.784970415325443,0.8306,"CPE",0.8306
"TCGA-COAD","TCGA-AA-3494","TCGA-AA-3494-01A-01R-1410-07",-847.91632072225,280.818017770022,-567.098302952228,0.86695142636877,0.8646,"CPE",0.8646
"TCGA-COAD","TCGA-AA-3495","TCGA-AA-3495-01A-01R-1410-07",-684.989412602211,681.00264421151,-3.98676839070095,0.822842075697517,0.7841,"CPE",0.7841
"TCGA-COAD","TCGA-AA-3496","TCGA-AA-3496-01A-21R-1839-07",387.437859600721,1230.1247826833,1617.56264228402,0.665653886137298,0.7004,"CPE",0.7004
"TCGA-COAD","TCGA-AA-3502","TCGA-AA-3502-01A-01R-1410-07",-1265.04690030078,625.443903050027,-639.60299725075,0.872206543962311,0.8398,"CPE",0.8398
"TCGA-COAD","TCGA-AA-3506","TCGA-AA-3506-01A-01R-1410-07",-303.482240297338,927.197298698218,623.71505840088,0.767065739891968,0.7979,"CPE",0.7979
"TCGA-COAD","TCGA-AA-3509","TCGA-AA-3509-01A-01R-1410-07",-497.06943685919,627.979346568884,130.909909709695,0.811429033634133,0.8674,"CPE",0.8674
"TCGA-COAD","TCGA-AA-3510","TCGA-AA-3510-01A-01R-1410-07",-445.167089960101,1036.7354047309,591.568314770797,0.770084602258068,0.8091,"CPE",0.8091
"TCGA-COAD","TCGA-AA-3511","TCGA-AA-3511-01A-21R-1839-07",86.0916366668274,298.552234978332,384.643871645159,0.789103327679144,0.7517,"CPE",0.7517
"TCGA-COAD","TCGA-AA-3514","TCGA-AA-3514-01A-02R-0821-07",183.417648909088,528.101099909652,711.51874881874,0.758733362832492,0.8022,"CPE",0.8022
"TCGA-COAD","TCGA-AA-3516","TCGA-AA-3516-01A-02R-0826-07",-540.976560549166,923.811483969164,382.834923419998,0.789266406050503,0.6843,"CPE",0.6843
"TCGA-COAD","TCGA-AA-3517","TCGA-AA-3517-01A-01R-0821-07",-490.083157198126,528.896962436106,38.8138052379801,0.81925563031928,0.7623,"CPE",0.7623
"TCGA-COAD","TCGA-AA-3518","TCGA-AA-3518-01A-02R-0826-07",-683.663323121798,1033.17853908229,349.51521596049,0.792260244191451,0.6668,"CPE",0.6668
"TCGA-COAD","TCGA-AA-3519","TCGA-AA-3519-01A-02R-0821-07",-670.378733323867,486.454718167868,-183.924015155999,0.83756287555099,0.7721,"CPE",0.7721
"TCGA-COAD","TCGA-AA-3520","TCGA-AA-3520-01A-01R-0821-07",84.2965275836097,704.53084515073,788.827372734339,0.751292559971988,0.7372,"CPE",0.7372
"TCGA-COAD","TCGA-AA-3522","TCGA-AA-3522-01A-01R-0821-07",-1019.97063446591,539.477862975755,-480.492771490153,0.860545633070703,0.6299,"CPE",0.6299
"TCGA-COAD","TCGA-AA-3524","TCGA-AA-3524-01A-02R-0821-07",-604.328958818519,382.014837812935,-222.314121005584,0.840628313217709,0.8229,"CPE",0.8229
"TCGA-COAD","TCGA-AA-3525","TCGA-AA-3525-01A-02R-0826-07",-883.174470342185,640.341561147553,-242.832909194632,0.842255791204723,0.7697,"CPE",0.7697
"TCGA-COAD","TCGA-AA-3526","TCGA-AA-3526-01A-02R-A32Z-07",-291.672535432203,907.626166469879,615.953631037676,0.76779617290199,0.8233,"CPE",0.8233
"TCGA-COAD","TCGA-AA-3527","TCGA-AA-3527-01A-01R-0821-07",61.8950804590508,953.236616922336,1015.13169738139,0.728958685950085,0.8374,"CPE",0.8374
"TCGA-COAD","TCGA-AA-3529","TCGA-AA-3529-01A-02R-0821-07",-828.631660732176,123.448414310289,-705.183246421887,0.876874704156821,0.6945,"CPE",0.6945
"TCGA-COAD","TCGA-AA-3530","TCGA-AA-3530-01A-01R-1022-07",-1057.46139909597,513.383943081499,-544.077456014476,0.865262314675789,0.8619,"CPE",0.8619
"TCGA-COAD","TCGA-AA-3531","TCGA-AA-3531-01A-01R-0821-07",-1016.68274785023,-17.1322608529653,-1033.81500870319,0.899035213596026,0.722,"CPE",0.722
"TCGA-COAD","TCGA-AA-3532","TCGA-AA-3532-01A-01R-0821-07",105.127318061117,1373.92534634507,1479.05266440619,0.680687978389894,0.6397,"CPE",0.6397
"TCGA-COAD","TCGA-AA-3534","TCGA-AA-3534-01A-01R-0821-07",-555.191063823746,87.5453902353578,-467.645673588388,0.859583524688887,0.7352,"CPE",0.7352
"TCGA-COAD","TCGA-AA-3538","TCGA-AA-3538-01A-01R-0821-07",-227.605742618347,274.113089503573,46.507346885226,0.818607522258067,0.8551,"CPE",0.8551
"TCGA-COAD","TCGA-AA-3542","TCGA-AA-3542-01A-02R-1873-07",-777.803526373202,256.274143806892,-521.529382566309,0.863598313634326,0.8449,"CPE",0.8449
"TCGA-COAD","TCGA-AA-3543","TCGA-AA-3543-01A-01R-0826-07",-205.371971670297,1525.95663200461,1320.58466033431,0.697542879723676,0.809,"CPE",0.809
"TCGA-COAD","TCGA-AA-3544","TCGA-AA-3544-01A-01R-1873-07",273.289507763631,1599.77754120136,1873.06704896499,0.637203771068094,0.7673,"CPE",0.7673
"TCGA-COAD","TCGA-AA-3548","TCGA-AA-3548-01A-01R-1873-07",-407.159967314103,798.774455344841,391.614488030738,0.788474399933167,0.8262,"CPE",0.8262
"TCGA-COAD","TCGA-AA-3549","TCGA-AA-3549-01A-02R-0821-07",-591.834630504339,577.002931241182,-14.8316992631565,0.823745667602154,0.788,"CPE",0.788
"TCGA-COAD","TCGA-AA-3552","TCGA-AA-3552-01A-01R-0821-07",-456.99493070221,1186.91282783473,729.91789713252,0.756971305117669,0.7236,"CPE",0.7236
"TCGA-COAD","TCGA-AA-3553","TCGA-AA-3553-01A-01R-0821-07",-149.222919162807,991.080685220862,841.857766058055,0.746132486028476,0.7409,"CPE",0.7409
"TCGA-COAD","TCGA-AA-3554","TCGA-AA-3554-01A-01R-0826-07",385.768406394516,1577.40322159564,1963.17162799016,0.626954880828972,0.5327,"CPE",0.5327
"TCGA-COAD","TCGA-AA-3555","TCGA-AA-3555-01A-01R-0821-07",-199.705997969309,418.944240328496,219.238242359188,0.80378330128116,0.8279,"CPE",0.8279
"TCGA-COAD","TCGA-AA-3556","TCGA-AA-3556-01A-01R-0821-07",-644.459929338518,550.413018981228,-94.0469103572902,0.830282365078788,0.8469,"CPE",0.8469
"TCGA-COAD","TCGA-AA-3560","TCGA-AA-3560-01A-01R-0821-07",-321.1375213784,764.585668968568,443.448147590168,0.783771831797858,0.8307,"CPE",0.8307
"TCGA-COAD","TCGA-AA-3561","TCGA-AA-3561-01A-01R-0821-07",-788.010591144921,294.246779518637,-493.763811626283,0.861536276619966,0.8956,"CPE",0.8956
"TCGA-COAD","TCGA-AA-3562","TCGA-AA-3562-01A-02R-0821-07",-312.51119394587,586.890910415411,274.379716469541,0.798941647349577,0.7632,"CPE",0.7632
"TCGA-COAD","TCGA-AA-3655","TCGA-AA-3655-01A-02R-1723-07",-325.845418203355,407.278757533014,81.4333393296589,0.815652222640235,0.841,"CPE",0.841
"TCGA-COAD","TCGA-AA-3660","TCGA-AA-3660-01A-01R-1723-07",-555.804148050665,227.305910479978,-328.498237570686,0.848967756173462,0.893,"CPE",0.893
"TCGA-COAD","TCGA-AA-3662","TCGA-AA-3662-01A-01R-1723-07",-198.715571410759,973.687587454084,774.972016043325,0.75263325454064,0.8008,"CPE",0.8008
"TCGA-COAD","TCGA-AA-3663","TCGA-AA-3663-01A-01R-1723-07",-725.101355783415,529.83116148768,-195.270194295735,0.838471637501134,0.8893,"CPE",0.8893
"TCGA-COAD","TCGA-AA-3664","TCGA-AA-3664-01A-01R-0905-07",-1129.08275050357,244.846025787677,-884.236724715895,0.889205121455665,0.9566,"CPE",0.9566
"TCGA-COAD","TCGA-AA-3666","TCGA-AA-3666-01A-02R-0905-07",-614.590939324888,748.293290369095,133.702351044207,0.811189400197585,0.9594,"CPE",0.9594
"TCGA-COAD","TCGA-AA-3667","TCGA-AA-3667-01A-01R-0905-07",-606.054429240152,666.875053361304,60.8206241211518,0.817398986806858,0.8577,"CPE",0.8577
"TCGA-COAD","TCGA-AA-3672","TCGA-AA-3672-01A-01R-0905-07",-221.065498441566,1563.80085218828,1342.73535374672,0.695209382101447,0.8171,"CPE",0.8171
"TCGA-COAD","TCGA-AA-3673","TCGA-AA-3673-01A-01R-0905-07",-543.317865515434,400.180521258763,-143.137344256671,0.834276935415822,0.788,"CPE",0.788
"TCGA-COAD","TCGA-AA-3675","TCGA-AA-3675-01A-02R-0905-07",-694.087004056849,255.798856124757,-438.288147932092,0.857373495586542,0.8835,"CPE",0.8835
"TCGA-COAD","TCGA-AA-3678","TCGA-AA-3678-01A-01R-0905-07",-755.549971117715,799.359753771277,43.8097826535626,0.818834885409498,0.8411,"CPE",0.8411
"TCGA-COAD","TCGA-AA-3679","TCGA-AA-3679-01A-02R-0905-07",-576.667803367025,435.694859071698,-140.972944295328,0.834101725953271,0.8293,"CPE",0.8293
"TCGA-COAD","TCGA-AA-3680","TCGA-AA-3680-01A-01R-0905-07",-823.930256114778,617.604327824804,-206.325928289974,0.839354899281224,0.7975,"CPE",0.7975
"TCGA-COAD","TCGA-AA-3681","TCGA-AA-3681-01A-01R-0905-07",-648.331431225283,941.859142437083,293.5277112118,0.797248112612608,0.7027,"CPE",0.7027
"TCGA-COAD","TCGA-AA-3684","TCGA-AA-3684-01A-02R-0905-07",608.19213176428,1317.4892347427,1925.68136650698,0.631232614055295,0.6632,"CPE",0.6632
"TCGA-COAD","TCGA-AA-3685","TCGA-AA-3685-01A-02R-A32Z-07",-111.688899577428,1281.56146688805,1169.87256731062,0.713222827853623,0.7318,"CPE",0.7318
"TCGA-COAD","TCGA-AA-3688","TCGA-AA-3688-01A-01R-0905-07",-711.787364507669,405.689607176677,-306.097757330992,0.847225574817442,0.8257,"CPE",0.8257
"TCGA-COAD","TCGA-AA-3692","TCGA-AA-3692-01A-01R-0905-07",-271.502462587117,969.063795159834,697.561332572717,0.760066351929528,0.8603,"CPE",0.8603
"TCGA-COAD","TCGA-AA-3693","TCGA-AA-3693-01A-01R-0905-07",-898.447530436399,95.1601411963669,-803.287389240032,0.883706163165323,0.9515,"CPE",0.9515
"TCGA-COAD","TCGA-AA-3695","TCGA-AA-3695-01A-01R-0905-07",-1374.22059364206,-629.441862846836,-2003.6624564889,0.95206695333131,0.8103,"CPE",0.8103
"TCGA-COAD","TCGA-AA-3696","TCGA-AA-3696-01A-01R-0905-07",-719.000522428655,-229.388700702647,-948.389223131302,0.893473919926665,0.8929,"CPE",0.8929
"TCGA-COAD","TCGA-AA-3697","TCGA-AA-3697-01A-01R-1723-07",-681.218096528238,513.126422064845,-168.091674463393,0.836290916337067,0.8171,"CPE",0.8171
"TCGA-COAD","TCGA-AA-3710","TCGA-AA-3710-01A-01R-1022-07",58.3974027652863,1999.9898407712,2058.38724353648,0.616005492993283,0.8956,"CPE",0.8956
"TCGA-COAD","TCGA-AA-3712","TCGA-AA-3712-01A-21R-1723-07",-84.3956015677873,302.638903308007,218.24330174022,0.803870178560235,0.7887,"CPE",0.7887
"TCGA-COAD","TCGA-AA-3713","TCGA-AA-3713-01A-21R-1723-07",-557.400775846324,1065.28391625381,507.883140407485,0.777862789121862,0.7508,"CPE",0.7508
"TCGA-COAD","TCGA-AA-3715","TCGA-AA-3715-01A-01R-0905-07",607.031031951929,1777.89564677421,2384.92667872614,0.577554248786128,0.7223,"CPE",0.7223
"TCGA-COAD","TCGA-AA-3811","TCGA-AA-3811-01A-01R-1022-07",-447.250705243017,702.324573743306,255.073868500288,0.800642753357006,0.6996,"CPE",0.6996
"TCGA-COAD","TCGA-AA-3812","TCGA-AA-3812-01A-01R-0905-07",218.930242742705,951.11576078113,1170.04600352384,0.713204982861541,0.693,"CPE",0.693
"TCGA-COAD","TCGA-AA-3814","TCGA-AA-3814-01A-01R-0905-07",299.04193862694,1202.54023931161,1501.58217793855,0.678261587934472,0.7607,"CPE",0.7607
"TCGA-COAD","TCGA-AA-3815","TCGA-AA-3815-01A-01R-1022-07",-384.117814835752,1617.68599071613,1233.56817588038,0.706638141457799,0.7913,"CPE",0.7913
"TCGA-COAD","TCGA-AA-3818","TCGA-AA-3818-01A-01R-0905-07",-806.970254954077,230.754628362109,-576.215626591969,0.867617657292177,0.9281,"CPE",0.9281
"TCGA-COAD","TCGA-AA-3819","TCGA-AA-3819-01A-01R-0905-07",-819.344210206497,180.356152088927,-638.98805811757,0.872162387933843,0.7609,"CPE",0.7609
"TCGA-COAD","TCGA-AA-3821","TCGA-AA-3821-01A-01R-1022-07",-181.251041817951,603.099701929859,421.848660111908,0.785736958253475,0.5862,"CPE",0.5862
"TCGA-COAD","TCGA-AA-3831","TCGA-AA-3831-01A-01R-0905-07",-490.782626755792,748.826528778396,258.043902022604,0.800381471439018,0.771,"CPE",0.771
"TCGA-COAD","TCGA-AA-3833","TCGA-AA-3833-01A-01R-0905-07",29.1723207429149,1073.87356554798,1103.0458862909,0.720064165432621,0.5097,"CPE",0.5097
"TCGA-COAD","TCGA-AA-3837","TCGA-AA-3837-01A-01R-0905-07",-364.279888461317,304.059264247044,-60.2206242142733,0.82750476280583,0.6837,"CPE",0.6837
"TCGA-COAD","TCGA-AA-3841","TCGA-AA-3841-01A-01R-0905-07",-268.790550039123,971.294196098399,702.503646059276,0.759594705770981,0.7406,"CPE",0.7406
"TCGA-COAD","TCGA-AA-3842","TCGA-AA-3842-01A-01R-1022-07",36.5842418869632,563.441391815195,600.025633702158,0.769292044965189,0.8103,"CPE",0.8103
"TCGA-COAD","TCGA-AA-3844","TCGA-AA-3844-01A-01R-1022-07",-841.82043136471,556.171721212541,-285.648710152169,0.845627166481735,0.9041,"CPE",0.9041
"TCGA-COAD","TCGA-AA-3845","TCGA-AA-3845-01A-01R-1022-07",-405.888156080642,1011.86913816183,605.980982081189,0.76873324237874,0.7169,"CPE",0.7169
"TCGA-COAD","TCGA-AA-3846","TCGA-AA-3846-01A-01R-1022-07",-611.7224386809,775.001789142648,163.279350461747,0.808642890116625,0.7169,"CPE",0.7169
"TCGA-COAD","TCGA-AA-3848","TCGA-AA-3848-01A-01R-0905-07",-841.417060600002,386.748149217503,-454.668911382498,0.858608602530855,0.7657,"CPE",0.7657
"TCGA-COAD","TCGA-AA-3850","TCGA-AA-3850-01A-01R-1022-07",-196.055620762901,1182.63948741849,986.58386665559,0.731820909665284,0.7903,"CPE",0.7903
"TCGA-COAD","TCGA-AA-3851","TCGA-AA-3851-01A-01R-1022-07",-432.30403787154,910.831052039425,478.527014167884,0.780563568791829,0.7233,"CPE",0.7233
"TCGA-COAD","TCGA-AA-3852","TCGA-AA-3852-01A-01R-0905-07",20.8772220026951,885.832354644407,906.709576647102,0.739760719465761,0.7135,"CPE",0.7135
"TCGA-COAD","TCGA-AA-3854","TCGA-AA-3854-01A-01R-0905-07",-923.326712197027,188.906191983688,-734.420520213339,0.878929720600058,0.8672,"CPE",0.8672
"TCGA-COAD","TCGA-AA-3855","TCGA-AA-3855-01A-01R-1022-07",-640.513875547195,783.680298385693,143.166422838498,0.81037622710622,0.6905,"CPE",0.6905
"TCGA-COAD","TCGA-AA-3856","TCGA-AA-3856-01A-01R-0905-07",-511.688038744827,1260.80125001769,749.113211272859,0.755127114971069,0.7825,"CPE",0.7825
"TCGA-COAD","TCGA-AA-3858","TCGA-AA-3858-01A-01R-0905-07",-284.064287246692,485.118201349242,201.05391410255,0.805368431080894,0.7521,"CPE",0.7521
"TCGA-COAD","TCGA-AA-3860","TCGA-AA-3860-01A-02R-0905-07",75.8782228190604,1002.87485939989,1078.75308221895,0.722533988127639,0.8293,"CPE",0.8293
"TCGA-COAD","TCGA-AA-3861","TCGA-AA-3861-01A-01R-1022-07",-1321.62628186495,832.843297971812,-488.782983893139,0.861164855749781,0.6729,"CPE",0.6729
"TCGA-COAD","TCGA-AA-3862","TCGA-AA-3862-01A-01R-1022-07",-504.063025587558,1092.17128957322,588.108263985663,0.770408510559472,0.6742,"CPE",0.6742
"TCGA-COAD","TCGA-AA-3864","TCGA-AA-3864-01A-01R-1022-07",-314.391521401443,370.59650177422,56.2049803727772,0.817789101144679,0.7992,"CPE",0.7992
"TCGA-COAD","TCGA-AA-3866","TCGA-AA-3866-01A-01R-1022-07",479.040826293961,1660.25741716456,2139.29824345852,0.606606417610248,0.6921,"CPE",0.6921
"TCGA-COAD","TCGA-AA-3867","TCGA-AA-3867-01A-01R-1022-07",279.554872243219,482.101388792335,761.656261035554,0.753918801699885,0.7169,"CPE",0.7169
"TCGA-COAD","TCGA-AA-3869","TCGA-AA-3869-01A-01R-1022-07",-187.707170840041,1106.89204771381,919.18487687377,0.738527300442453,0.7866,"CPE",0.7866
"TCGA-COAD","TCGA-AA-3870","TCGA-AA-3870-01A-01R-1022-07",371.555575665914,1169.61117061474,1541.16674628065,0.673980446606436,0.7663,"CPE",0.7663
"TCGA-COAD","TCGA-AA-3872","TCGA-AA-3872-01A-01R-1022-07",734.138629015199,974.127914699884,1708.26654371508,0.655659257120703,0.7568,"CPE",0.7568
"TCGA-COAD","TCGA-AA-3875","TCGA-AA-3875-01A-01R-0905-07",-359.704386341032,1002.57931267673,642.874926335698,0.765258331569027,0.576,"CPE",0.576
"TCGA-COAD","TCGA-AA-3877","TCGA-AA-3877-01A-01R-1022-07",145.956775076644,1297.3942445075,1443.35101958415,0.684517728906854,0.749,"CPE",0.749
"TCGA-COAD","TCGA-AA-3930","TCGA-AA-3930-01A-01R-1022-07",-268.459874543497,999.795784442015,731.335909898519,0.756835274915938,0.766,"CPE",0.766
"TCGA-COAD","TCGA-AA-3939","TCGA-AA-3939-01A-01R-1022-07",-481.1335677147,775.900380239441,294.766812524741,0.797138303803413,0.7138,"CPE",0.7138
"TCGA-COAD","TCGA-AA-3941","TCGA-AA-3941-01A-01R-1022-07",-1070.78443968747,32.3710679273433,-1038.41337176012,0.89933056932201,0.8435,"CPE",0.8435
"TCGA-COAD","TCGA-AA-3947","TCGA-AA-3947-01A-01R-1022-07",122.309617454105,871.238159969412,993.547777423517,0.731123886674618,0.8137,"CPE",0.8137
"TCGA-COAD","TCGA-AA-3949","TCGA-AA-3949-01A-01R-1022-07",452.416597193845,2075.11099082862,2527.52758802246,0.56034095546661,0.769,"CPE",0.769
"TCGA-COAD","TCGA-AA-3950","TCGA-AA-3950-01A-02R-1022-07",568.164651754736,1823.4036263955,2391.56827815024,0.576758104618047,0.6508,"CPE",0.6508
"TCGA-COAD","TCGA-AA-3952","TCGA-AA-3952-01A-01R-1022-07",-33.4875253858366,477.69823260209,444.210707216253,0.783702309838624,0.8056,"CPE",0.8056
"TCGA-COAD","TCGA-AA-3955","TCGA-AA-3955-01A-02R-1022-07",-925.511310073275,135.369975915619,-790.141334157656,0.882801342971742,0.8262,"CPE",0.8262
"TCGA-COAD","TCGA-AA-3956","TCGA-AA-3956-01A-02R-1022-07",-299.545232414614,582.406558598429,282.861326183815,0.798192273552212,0.7555,"CPE",0.7555
"TCGA-COAD","TCGA-AA-3966","TCGA-AA-3966-01A-01R-1113-07",463.086810104697,1890.27752749074,2353.36433759543,0.581330185241948,0.7636,"CPE",0.7636
"TCGA-COAD","TCGA-AA-3968","TCGA-AA-3968-01A-01R-1022-07",-25.1683562103688,667.002555330456,641.834199120087,0.765356662112049,0.809,"CPE",0.809
"TCGA-COAD","TCGA-AA-3970","TCGA-AA-3970-01A-01R-1022-07",-761.563150096251,856.258759726794,94.6956096305428,0.814524401586644,0.8029,"CPE",0.8029
"TCGA-COAD","TCGA-AA-3971","TCGA-AA-3971-01A-01R-1022-07",-517.05221959511,1104.72263667656,587.670417081453,0.77044948488297,0.7108,"CPE",0.7108
"TCGA-COAD","TCGA-AA-3972","TCGA-AA-3972-01A-01R-1022-07",-613.511741040654,61.2093584224512,-552.302382618203,0.865866938746634,0.8645,"CPE",0.8645
"TCGA-COAD","TCGA-AA-3973","TCGA-AA-3973-01A-01R-1022-07",-624.313795893075,-54.3198382985186,-678.633634191594,0.874994603830909,0.8956,"CPE",0.8956
"TCGA-COAD","TCGA-AA-3975","TCGA-AA-3975-01A-01R-1022-07",-362.353288907017,611.91056107976,249.557272172743,0.801127659455737,0.8022,"CPE",0.8022
"TCGA-COAD","TCGA-AA-3976","TCGA-AA-3976-01A-01R-1022-07",-466.586629480342,316.674772324426,-149.911857155916,0.834824791892901,0.8022,"CPE",0.8022
"TCGA-COAD","TCGA-AA-3977","TCGA-AA-3977-01A-01R-1022-07",-303.455571251932,891.706162562016,588.250591310084,0.770395190684727,0.7961,"CPE",0.7961
"TCGA-COAD","TCGA-AA-3979","TCGA-AA-3979-01A-01R-1022-07",-1142.67151807403,-109.929022525915,-1252.60054059994,0.912631687209153,0.8063,"CPE",0.8063
"TCGA-COAD","TCGA-AA-3980","TCGA-AA-3980-01A-02R-1022-07",-423.519358912897,1221.78956749255,798.270208579651,0.750377055902373,0.792,"CPE",0.792
"TCGA-COAD","TCGA-AA-3982","TCGA-AA-3982-01A-02R-1022-07",-68.3481797468,1203.67696718384,1135.32878743704,0.716767835099075,0.5632,"CPE",0.5632
"TCGA-COAD","TCGA-AA-3984","TCGA-AA-3984-01A-02R-1022-07",-284.158608552155,699.260508889473,415.101900337318,0.786349162067899,0.641,"CPE",0.641
"TCGA-COAD","TCGA-AA-3986","TCGA-AA-3986-01A-02R-1022-07",-398.416104072017,1576.24675010908,1177.83064603707,0.712403538870567,0.7379,"CPE",0.7379
"TCGA-COAD","TCGA-AA-3989","TCGA-AA-3989-01A-01R-1022-07",-10.3797072015516,1015.9885057369,1005.60879853535,0.729914883163433,0.6932,"CPE",0.6932
"TCGA-COAD","TCGA-AA-3994","TCGA-AA-3994-01A-01R-1113-07",-408.164840259058,477.793887118637,69.6290468595788,0.816653457537507,0.8709,"CPE",0.8709
"TCGA-COAD","TCGA-AA-A004","TCGA-AA-A004-01A-01R-A00A-07",-376.35846613871,932.561174288172,556.202708149462,0.773385932953355,0.749,"CPE",0.749
"TCGA-COAD","TCGA-AA-A00A","TCGA-AA-A00A-01A-01R-A002-07",-324.188294857905,776.636525194178,452.448230336273,0.782950675577347,0.8806,"CPE",0.8806
"TCGA-COAD","TCGA-AA-A00D","TCGA-AA-A00D-01A-01R-A002-07",57.8029516204332,1688.87931857251,1746.68227019295,0.651391102241484,0.656,"CPE",0.656
"TCGA-COAD","TCGA-AA-A00E","TCGA-AA-A00E-01A-01R-A002-07",-412.74317378711,1142.59374109872,729.850567311612,0.756977763263112,0.7108,"CPE",0.7108
"TCGA-COAD","TCGA-AA-A00F","TCGA-AA-A00F-01A-01R-A002-07",-338.016448793519,149.711502983277,-188.304945810242,0.837914037708109,0.5896,"CPE",0.5896
"TCGA-COAD","TCGA-AA-A00J","TCGA-AA-A00J-01A-02R-A002-07",-345.746317192085,380.024091172959,34.2777739808737,0.819637258449026,0.9329,"CPE",0.9329
"TCGA-COAD","TCGA-AA-A00K","TCGA-AA-A00K-01A-02R-A002-07",-736.712120334013,348.303499895428,-388.408620438585,0.853582089276097,0.7982,"CPE",0.7982
"TCGA-COAD","TCGA-AA-A00L","TCGA-AA-A00L-01A-01R-A002-07",-1133.64025651512,-169.367225144756,-1303.00748165988,0.915631324797765,0.9075,"CPE",0.9075
"TCGA-COAD","TCGA-AA-A00N","TCGA-AA-A00N-01A-02R-A00A-07",365.200655091113,705.368708064159,1070.56936315527,0.723363950549599,0.8093,"CPE",0.8093
"TCGA-COAD","TCGA-AA-A00O","TCGA-AA-A00O-01A-02R-A089-07",74.0616411435123,347.972337847312,422.033978990824,0.78572013146324,0.7934,"CPE",0.7934
"TCGA-COAD","TCGA-AA-A00Q","TCGA-AA-A00Q-01A-01R-A002-07",-666.533327429982,256.899920781938,-409.633406648044,0.855201017020192,0.7034,"CPE",0.7034
"TCGA-COAD","TCGA-AA-A00R","TCGA-AA-A00R-01A-01R-A002-07",-155.291953879366,2014.57601995207,1859.28406607271,0.63876172288844,0.7636,"CPE",0.7636
"TCGA-COAD","TCGA-AA-A00U","TCGA-AA-A00U-01A-01R-A002-07",-939.540125009356,26.5144042054664,-913.025720803889,0.891130557872465,0.8835,"CPE",0.8835
"TCGA-COAD","TCGA-AA-A00W","TCGA-AA-A00W-01A-01R-A002-07",-1713.93575721681,36.4646969224,-1677.47106029441,0.936335062778156,0.8929,"CPE",0.8929
"TCGA-COAD","TCGA-AA-A00Z","TCGA-AA-A00Z-01A-01R-A002-07",-947.984333187027,117.257756839271,-830.726576347756,0.88558414863858,0.7603,"CPE",0.7603
"TCGA-COAD","TCGA-AA-A010","TCGA-AA-A010-01A-01R-A089-07",-847.841000468438,361.617534584859,-486.223465883579,0.860973813142511,0.6119,"CPE",0.6119
"TCGA-COAD","TCGA-AA-A017","TCGA-AA-A017-01A-01R-A00A-07",-456.554215258137,258.412335817937,-198.1418794402,0.838701273804638,0.7074,"CPE",0.7074
"TCGA-COAD","TCGA-AA-A01C","TCGA-AA-A01C-01A-01R-A00A-07",-181.63690948136,188.839777758317,7.20286827695696,0.821907577478177,0.7121,"CPE",0.7121
"TCGA-COAD","TCGA-AA-A01D","TCGA-AA-A01D-01A-01R-A00A-07",191.000835838635,722.137298415581,913.138134254216,0.739125444681093,0.6444,"CPE",0.6444
"TCGA-COAD","TCGA-AA-A01F","TCGA-AA-A01F-01A-01R-A002-07",-1669.90202046814,-176.567386597875,-1846.46940706602,0.944756008800187,0.8733,"CPE",0.8733
"TCGA-COAD","TCGA-AA-A01G","TCGA-AA-A01G-01A-01R-A002-07",-1258.12564366448,-231.9682637224,-1490.09390738688,0.926324981853331,0.656,"CPE",0.656
"TCGA-COAD","TCGA-AA-A01I","TCGA-AA-A01I-01A-02R-A089-07",-1153.13269509527,203.172957398842,-949.959737696426,0.893577432174007,0.7331,"CPE",0.7331
"TCGA-COAD","TCGA-AA-A01K","TCGA-AA-A01K-01A-01R-A00A-07",-55.0757429794643,567.29759536454,512.221852385076,0.777462398911252,0.7778,"CPE",0.7778
"TCGA-COAD","TCGA-AA-A01P","TCGA-AA-A01P-01A-21R-A083-07",379.097711042255,1831.13873075927,2210.23644180152,0.598295397655387,0.6147,"CPE",0.6147
"TCGA-COAD","TCGA-AA-A01Q","TCGA-AA-A01Q-01A-01R-A002-07",-981.47030306213,685.230125691192,-296.240177370938,0.846456005034158,0.9295,"CPE",0.9295
"TCGA-COAD","TCGA-AA-A01R","TCGA-AA-A01R-01A-21R-A083-07",-552.808715822016,1553.37778538845,1000.56906956643,0.730420346895213,0.7853,"CPE",0.7853
"TCGA-COAD","TCGA-AA-A01S","TCGA-AA-A01S-01A-21R-A083-07",-1597.81236238133,-523.132763274958,-2120.94512565629,0.957191725495801,0.918,"CPE",0.918
"TCGA-COAD","TCGA-AA-A01T","TCGA-AA-A01T-01A-21R-A16W-07",-1172.88482477159,86.9813049400556,-1085.90351983153,0.902356899517215,0.8249,"CPE",0.8249
"TCGA-COAD","TCGA-AA-A01V","TCGA-AA-A01V-01A-23R-A083-07",-1558.89381420504,437.062065765435,-1121.83174843961,0.904617313408341,0.7913,"CPE",0.7913
"TCGA-COAD","TCGA-AA-A01X","TCGA-AA-A01X-01A-21R-A083-07",-864.139680654071,31.593173421319,-832.546507232752,0.885708200152212,0.836,"CPE",0.836
"TCGA-COAD","TCGA-AA-A01Z","TCGA-AA-A01Z-01A-11R-A083-07",-1244.91216140773,-424.645916919635,-1669.55807832736,0.93592660766362,0.9404,"CPE",0.9404
"TCGA-COAD","TCGA-AA-A022","TCGA-AA-A022-01A-21R-A16W-07",-285.81034425951,1326.15106610119,1040.34072184168,0.726420568897256,0.7866,"CPE",0.7866
"TCGA-COAD","TCGA-AA-A024","TCGA-AA-A024-01A-02R-A00A-07",-1270.38833051813,-14.1077698525552,-1284.49610037068,0.914535557312383,0.8679,"CPE",0.8679
"TCGA-COAD","TCGA-AA-A029","TCGA-AA-A029-01A-01R-A00A-07",-1339.68877846113,-161.390017382386,-1501.07879584352,0.926931229819793,0.8577,"CPE",0.8577
"TCGA-COAD","TCGA-AA-A02E","TCGA-AA-A02E-01A-01R-A00A-07",-1104.94723065461,102.832148693173,-1002.11508196144,0.896987969894193,0.7995,"CPE",0.7995
"TCGA-COAD","TCGA-AA-A02F","TCGA-AA-A02F-01A-01R-A089-07",-945.733985493005,-603.905846308687,-1549.63983180169,0.929582380254013,1,"CPE",1
"TCGA-COAD","TCGA-AA-A02H","TCGA-AA-A02H-01A-01R-A089-07",-777.645988573728,-24.4410104220447,-802.086998995773,0.883623678853213,0.8631,"CPE",0.8631
"TCGA-COAD","TCGA-AA-A02J","TCGA-AA-A02J-01A-01R-A00A-07",-1678.15562858115,-671.635025085447,-2349.7906536666,0.966373216636468,0.8835,"CPE",0.8835
"TCGA-COAD","TCGA-AA-A02K","TCGA-AA-A02K-01A-03R-A32Y-07",-1239.32637904533,-150.780064736918,-1390.10644378225,0.920696211678419,0.8739,"CPE",0.8739
"TCGA-COAD","TCGA-AA-A02O","TCGA-AA-A02O-01A-21R-A16W-07",-992.326272318384,290.085829148052,-702.240443170332,0.876666966464858,0.8452,"CPE",0.8452
"TCGA-COAD","TCGA-AA-A02R","TCGA-AA-A02R-01A-01R-A00A-07",-51.3803083231837,1633.04097205985,1581.66066373666,0.669577413354911,0.8679,"CPE",0.8679
"TCGA-COAD","TCGA-AA-A02W","TCGA-AA-A02W-01A-01R-A00A-07",-988.344419160187,-215.030236883547,-1203.37465604373,0.909654109422314,0.8361,"CPE",0.8361
"TCGA-COAD","TCGA-AA-A02Y","TCGA-AA-A02Y-01A-43R-A32Y-07",-1841.88158818161,394.299381900534,-1447.58220628108,0.923956110323339,0.8835,"CPE",0.8835
"TCGA-COAD","TCGA-AA-A03F","TCGA-AA-A03F-01A-11R-A16W-07",-1087.2811275209,555.469913932164,-531.81121358874,0.864358265934587,0.8455,"CPE",0.8455
"TCGA-COAD","TCGA-AA-A03J","TCGA-AA-A03J-01A-21R-A16W-07",-430.814228252958,895.589194026107,464.77496577315,0.78182378254837,0.6905,"CPE",0.6905
"TCGA-COAD","TCGA-AD-5900","TCGA-AD-5900-01A-11R-1653-07",19.2181453060223,1049.47003736129,1068.68818266731,0.723554585384315,0.7192,"CPE",0.7192
"TCGA-COAD","TCGA-AD-6548","TCGA-AD-6548-01A-11R-1839-07",47.7418925900174,1091.114059331,1138.85595192102,0.71640670802532,0.6725,"CPE",0.6725
"TCGA-COAD","TCGA-AD-6888","TCGA-AD-6888-01A-11R-1928-07",-1891.04565785,-276.114235493951,-2167.15989334395,0.959133285774431,0.7802,"CPE",0.7802
"TCGA-COAD","TCGA-AD-6889","TCGA-AD-6889-01A-11R-1928-07",-929.246233933138,123.985558966665,-805.260674966473,0.883841697042078,0.8713,"CPE",0.8713
"TCGA-COAD","TCGA-AD-6890","TCGA-AD-6890-01A-11R-1928-07",-509.480680251467,259.687274533828,-249.793405717639,0.842806138429565,0.7392,"CPE",0.7392
"TCGA-COAD","TCGA-AD-6895","TCGA-AD-6895-01A-11R-1928-07",-214.898644660041,873.806821578479,658.908176918438,0.763741213913978,0.7422,"CPE",0.7422
"TCGA-COAD","TCGA-AD-6899","TCGA-AD-6899-01A-11R-1928-07",599.062257630404,1245.67406202221,1844.73631965262,0.640403282944139,0.7507,"CPE",0.7507
"TCGA-COAD","TCGA-AD-6901","TCGA-AD-6901-01A-11R-1928-07",624.220524378739,1027.19634037008,1651.41686474881,0.661937209424169,0.7059,"CPE",0.7059
"TCGA-COAD","TCGA-AD-6963","TCGA-AD-6963-01A-11R-1928-07",-857.015206190819,797.24140783255,-59.7737983582691,0.827467935594337,0.6548,"CPE",0.6548
"TCGA-COAD","TCGA-AD-6964","TCGA-AD-6964-01A-11R-1928-07",971.500208078502,1994.30878408287,2965.80899216137,0.505932566846532,0.6854,"CPE",0.6854
"TCGA-COAD","TCGA-AD-6965","TCGA-AD-6965-01A-11R-1928-07",-720.044912435167,-81.8947286654296,-801.939641100597,0.883613551326592,0.8692,"CPE",0.8692
"TCGA-COAD","TCGA-AD-A5EJ","TCGA-AD-A5EJ-01A-11R-A28H-07",-727.19096701273,100.59481525705,-626.59615175568,0.871271066587253,0.7913,"CPE",0.7913
"TCGA-COAD","TCGA-AD-A5EK","TCGA-AD-A5EK-01A-11R-A28H-07",-816.885666133583,-311.333015718883,-1128.21868185247,0.905016513291196,0.9682,"CPE",0.9682
"TCGA-COAD","TCGA-AM-5820","TCGA-AM-5820-01A-01R-1653-07",-425.683888118579,-12.1267523199484,-437.810640438527,0.857337417207072,0.8495,"CPE",0.8495
"TCGA-COAD","TCGA-AM-5821","TCGA-AM-5821-01A-01R-1653-07",-205.693811111637,1300.44991869175,1094.75610758012,0.720908008832878,0.6289,"CPE",0.6289
"TCGA-COAD","TCGA-AU-3779","TCGA-AU-3779-01A-01R-1723-07",2.55670852016869,1117.49142728772,1120.04813580789,0.718330116894604,0.7508,"CPE",0.7508
"TCGA-COAD","TCGA-AU-6004","TCGA-AU-6004-01A-11R-1723-07",103.049770675528,1202.53863561872,1305.58840629425,0.699118497536844,0.6553,"CPE",0.6553
"TCGA-COAD","TCGA-AY-4070","TCGA-AY-4070-01A-01R-1113-07",-571.104927229863,437.587225484252,-133.517701745611,0.83349757529484,0.6353,"CPE",0.6353
"TCGA-COAD","TCGA-AY-4071","TCGA-AY-4071-01A-01R-1113-07",-161.801832158177,1335.86302847527,1174.0611963171,0.712791727230522,0.7281,"CPE",0.7281
"TCGA-COAD","TCGA-AY-5543","TCGA-AY-5543-01A-01R-1653-07",-1026.34808120174,564.396019441905,-461.952061759836,0.859156157085591,0.8266,"CPE",0.8266
"TCGA-COAD","TCGA-AY-6196","TCGA-AY-6196-01A-11R-1723-07",1885.22900403441,2654.98625809423,4540.21526212864,0.294907002292467,0.5077,"CPE",0.5077
"TCGA-COAD","TCGA-AY-6197","TCGA-AY-6197-01A-11R-1723-07",-1083.04592584649,378.138689764255,-704.907236082238,0.876855227051184,0.8412,"CPE",0.8412
"TCGA-COAD","TCGA-AY-6386","TCGA-AY-6386-01A-21R-1723-07",-893.872582396925,529.739258967843,-364.133323429082,0.851720326488893,0.8266,"CPE",0.8266
"TCGA-COAD","TCGA-AY-A54L","TCGA-AY-A54L-01A-11R-A28H-07",-1911.45728974481,-591.680388202284,-2503.1376779471,0.971916106286954,0.836,"CPE",0.836
"TCGA-COAD","TCGA-AY-A69D","TCGA-AY-A69D-01A-11R-A37K-07",-963.816986486372,-106.496360029174,-1070.31334651555,0.901368236574161,0.751,"CPE",0.751
"TCGA-COAD","TCGA-AY-A71X","TCGA-AY-A71X-01A-12R-A37K-07",-2003.18277736984,-626.622853365488,-2629.80563073532,0.976123393562225,0.8424,"CPE",0.8424
"TCGA-COAD","TCGA-AY-A8YK","TCGA-AY-A8YK-01A-11R-A41B-07",-1030.40615521856,-38.0061285213205,-1068.41228373989,0.901247356195265,0.9395,"CPE",0.9395
"TCGA-COAD","TCGA-AZ-4308","TCGA-AZ-4308-01A-01R-1410-07",116.077886331194,648.566325274365,764.64421160556,0.753630585511184,0.8171,"CPE",0.8171
"TCGA-COAD","TCGA-AZ-4313","TCGA-AZ-4313-01A-01R-1410-07",-943.662955842907,4.74445847532249,-938.918497367584,0.892848700251705,0.746,"CPE",0.746
"TCGA-COAD","TCGA-AZ-4315","TCGA-AZ-4315-01A-01R-1410-07",-400.926604885386,706.291761878502,305.365156993115,0.796198004461553,0.79,"CPE",0.79
"TCGA-COAD","TCGA-AZ-4323","TCGA-AZ-4323-01A-21R-1839-07",378.159065601228,2051.21775236042,2429.37681796165,0.572215485829025,0.4687,"CPE",0.4687
"TCGA-COAD","TCGA-AZ-4614","TCGA-AZ-4614-01A-01R-1410-07",-1523.41458808924,-56.4901778076589,-1579.90476589689,0.931210786496509,0.9149,"CPE",0.9149
"TCGA-COAD","TCGA-AZ-4615","TCGA-AZ-4615-01A-01R-1410-07",79.6578359036259,1406.56688100515,1486.22471690878,0.679916366943016,0.7509,"CPE",0.7509
"TCGA-COAD","TCGA-AZ-4616","TCGA-AZ-4616-01A-21R-1839-07",-554.474938690708,615.060845614127,60.5859069234189,0.817418834167653,0.6906,"CPE",0.6906
"TCGA-COAD","TCGA-AZ-4681","TCGA-AZ-4681-01A-01R-1410-07",-1335.30757324604,-339.050872294298,-1674.35844554033,0.936174545418157,0.904,"CPE",0.904
"TCGA-COAD","TCGA-AZ-4682","TCGA-AZ-4682-01B-01R-A32Z-07",-870.706374668127,132.698287447068,-738.008087221059,0.879180767577765,0.8671,"CPE",0.8671
"TCGA-COAD","TCGA-AZ-4684","TCGA-AZ-4684-01A-01R-1410-07",22.8557180422517,958.821505154273,981.677223196525,0.732311560076569,0.729,"CPE",0.729
"TCGA-COAD","TCGA-AZ-5403","TCGA-AZ-5403-01A-01R-1653-07",127.663443863483,367.893184287469,495.556628150952,0.778998597029898,0.7542,"CPE",0.7542
"TCGA-COAD","TCGA-AZ-5407","TCGA-AZ-5407-01A-01R-1723-07",-1207.53885216732,540.983100248263,-666.555751919055,0.874134913730817,0.8533,"CPE",0.8533
"TCGA-COAD","TCGA-AZ-6598","TCGA-AZ-6598-01A-11R-1774-07",-624.494078450093,927.257148173008,302.763069722915,0.796429043700518,0.8718,"CPE",0.8718
"TCGA-COAD","TCGA-AZ-6599","TCGA-AZ-6599-01A-11R-1774-07",-1761.48569652121,-346.396709437442,-2107.88240595865,0.95663494971729,0.7203,"CPE",0.7203
"TCGA-COAD","TCGA-AZ-6600","TCGA-AZ-6600-01A-11R-1774-07",309.171382968069,837.671268633494,1146.84265160156,0.715588283948849,0.7366,"CPE",0.7366
"TCGA-COAD","TCGA-AZ-6601","TCGA-AZ-6601-01A-11R-1774-07",237.660422009877,1458.44501530408,1696.10543731395,0.657006070890088,0.5991,"CPE",0.5991
"TCGA-COAD","TCGA-AZ-6603","TCGA-AZ-6603-01A-11R-1839-07",116.799513445183,742.83962429285,859.639137738033,0.744392148986378,0.7362,"CPE",0.7362
"TCGA-COAD","TCGA-AZ-6605","TCGA-AZ-6605-01A-11R-1839-07",932.399063853016,1300.61609820762,2233.01516206064,0.595612871431403,0.6114,"CPE",0.6114
"TCGA-COAD","TCGA-AZ-6606","TCGA-AZ-6606-01A-11R-1839-07",-1341.74767560252,-98.762860777185,-1440.51053637971,0.923558564194109,0.8824,"CPE",0.8824
"TCGA-COAD","TCGA-AZ-6607","TCGA-AZ-6607-01A-11R-1839-07",1047.93779972775,1114.52297910036,2162.4607788281,0.603899915592063,0.6945,"CPE",0.6945
"TCGA-COAD","TCGA-AZ-6608","TCGA-AZ-6608-01A-11R-1839-07",-1865.27137471277,-394.364372246883,-2259.63574695965,0.962885737195575,0.9534,"CPE",0.9534
"TCGA-COAD","TCGA-CA-5254","TCGA-CA-5254-01A-21R-1839-07",-292.975017964261,33.2246712766052,-259.750346687656,0.843591876620688,0.7914,"CPE",0.7914
"TCGA-COAD","TCGA-CA-5255","TCGA-CA-5255-01A-11R-1839-07",-1513.10213892283,-278.576130698993,-1791.67826962182,0.942089288970339,0.6927,"CPE",0.6927
"TCGA-COAD","TCGA-CA-5256","TCGA-CA-5256-01A-01R-1410-07",-626.315536894774,545.225856790338,-81.0896801044364,0.829220813713705,0.8469,"CPE",0.8469
"TCGA-COAD","TCGA-CA-5796","TCGA-CA-5796-01A-01R-1653-07",-1057.862395174,492.000044496532,-565.86235067747,0.866860991985877,0.9105,"CPE",0.9105
"TCGA-COAD","TCGA-CA-5797","TCGA-CA-5797-01A-01R-1653-07",-136.970020626111,353.359154904513,216.389134278402,0.804032036967025,0.8122,"CPE",0.8122
"TCGA-COAD","TCGA-CA-6715","TCGA-CA-6715-01A-21R-1839-07",-1198.07093973533,-471.470602839207,-1669.54154257454,0.935925752792958,0.9473,"CPE",0.9473
"TCGA-COAD","TCGA-CA-6716","TCGA-CA-6716-01A-11R-1839-07",-437.652537781305,-382.799329885566,-820.451867666872,0.884882610765,0.8988,"CPE",0.8988
"TCGA-COAD","TCGA-CA-6717","TCGA-CA-6717-01A-11R-1839-07",821.823947839277,1442.7942735033,2264.61822134257,0.591880129059008,0.6109,"CPE",0.6109
"TCGA-COAD","TCGA-CA-6718","TCGA-CA-6718-01A-11R-1839-07",-48.9974665589419,1569.80354220324,1520.8060756443,0.676185340465347,0.6664,"CPE",0.6664
"TCGA-COAD","TCGA-CA-6719","TCGA-CA-6719-01A-11R-1839-07",330.913446173392,717.077345101307,1047.9907912747,0.725648369053612,0.7307,"CPE",0.7307
"TCGA-COAD","TCGA-CK-4947","TCGA-CK-4947-01B-11R-1653-07",-38.6912810793155,1024.63043935479,985.939158275473,0.731885400341325,0.7223,"CPE",0.7223
"TCGA-COAD","TCGA-CK-4948","TCGA-CK-4948-01B-11R-1653-07",16.9714279387222,518.507880211088,535.47930814981,0.775310754768222,0.6854,"CPE",0.6854
"TCGA-COAD","TCGA-CK-4950","TCGA-CK-4950-01A-01R-1723-07",-455.210079332289,1037.4629805678,582.25290123551,0.770956200212373,0.6376,"CPE",0.6376
"TCGA-COAD","TCGA-CK-4951","TCGA-CK-4951-01A-01R-1410-07",339.065657081148,1379.01962331743,1718.08528039858,0.654570330610892,0.6729,"CPE",0.6729
"TCGA-COAD","TCGA-CK-4952","TCGA-CK-4952-01A-01R-1723-07",-846.391806678652,208.269618191995,-638.122188486657,0.872100201661203,0.8372,"CPE",0.8372
"TCGA-COAD","TCGA-CK-5912","TCGA-CK-5912-01A-11R-1653-07",-538.591360161677,-21.0595222992883,-559.650882460965,0.866406068129296,0.9025,"CPE",0.9025
"TCGA-COAD","TCGA-CK-5913","TCGA-CK-5913-01A-11R-1653-07",-233.18925877475,834.576457615136,601.387198840386,0.769164338331239,0.7758,"CPE",0.7758
"TCGA-COAD","TCGA-CK-5914","TCGA-CK-5914-01A-11R-1653-07",-446.706467335408,254.469536801598,-192.23693053381,0.838228918655588,0.8818,"CPE",0.8818
"TCGA-COAD","TCGA-CK-5915","TCGA-CK-5915-01A-11R-1653-07",-1186.13923064069,-596.99630817511,-1783.1355388158,0.941668013041327,0.9667,"CPE",0.9667
"TCGA-COAD","TCGA-CK-5916","TCGA-CK-5916-01A-11R-1653-07",56.2002013107194,1474.19568737816,1530.39588868887,0.675147593512351,0.7022,"CPE",0.7022
"TCGA-COAD","TCGA-CK-6746","TCGA-CK-6746-01A-11R-1839-07",-805.13657233567,1259.3909813139,454.254408978229,0.782785717429923,0.829,"CPE",0.829
"TCGA-COAD","TCGA-CK-6747","TCGA-CK-6747-01A-11R-1839-07",-491.385476214275,377.32485547069,-114.060620743585,0.83191613117214,0.851,"CPE",0.851
"TCGA-COAD","TCGA-CK-6748","TCGA-CK-6748-01A-11R-1839-07",551.845493641487,634.190184255383,1186.03567789687,0.711557808074093,0.8676,"CPE",0.8676
"TCGA-COAD","TCGA-CK-6751","TCGA-CK-6751-01A-11R-1839-07",-16.9897787849079,373.607467056136,356.617688271228,0.791623660666105,0.7702,"CPE",0.7702
"TCGA-COAD","TCGA-CM-4743","TCGA-CM-4743-01A-01R-1723-07",-697.685580293382,775.290087949477,77.6045076560944,0.815977250941842,0.5612,"CPE",0.5612
"TCGA-COAD","TCGA-CM-4744","TCGA-CM-4744-01A-01R-A32Z-07",-1079.24108968378,753.04633405771,-326.194755626071,0.848789027600562,0.7982,"CPE",0.7982
"TCGA-COAD","TCGA-CM-4746","TCGA-CM-4746-01A-01R-1410-07",-1224.72002382479,91.2625759554351,-1133.45744786936,0.905343355928888,0.7736,"CPE",0.7736
"TCGA-COAD","TCGA-CM-4747","TCGA-CM-4747-01A-01R-1410-07",-416.059578750575,283.657060792748,-132.402517957827,0.833407118279876,0.7833,"CPE",0.7833
"TCGA-COAD","TCGA-CM-4748","TCGA-CM-4748-01A-01R-1410-07",-225.154966464903,510.815623422376,285.660656957473,0.797944673282488,0.7527,"CPE",0.7527
"TCGA-COAD","TCGA-CM-4750","TCGA-CM-4750-01A-01R-1410-07",-627.070671575599,337.779468749807,-289.291202825792,0.845912441573051,0.7913,"CPE",0.7913
"TCGA-COAD","TCGA-CM-4751","TCGA-CM-4751-01A-02R-1839-07",-169.484141409372,988.211459357712,818.72731794834,0.748388750925349,0.6852,"CPE",0.6852
"TCGA-COAD","TCGA-CM-4752","TCGA-CM-4752-01A-01R-1410-07",-97.6145576634896,1066.94084201958,969.326284356091,0.733544936689806,0.5893,"CPE",0.5893
"TCGA-COAD","TCGA-CM-5341","TCGA-CM-5341-01A-01R-1410-07",754.718306707264,1533.93951158028,2288.65781828755,0.589032198601713,0.6573,"CPE",0.6573
"TCGA-COAD","TCGA-CM-5344","TCGA-CM-5344-01A-21R-1723-07",33.9396673324716,1.06623596857277,35.0059033010444,0.819576023510808,0.7177,"CPE",0.7177
"TCGA-COAD","TCGA-CM-5348","TCGA-CM-5348-01A-21R-1723-07",840.376755556899,1121.64424385939,1962.02099941629,0.627086453535538,0.7174,"CPE",0.7174
"TCGA-COAD","TCGA-CM-5349","TCGA-CM-5349-01A-21R-1723-07",60.732932376656,783.475383078297,844.208315454953,0.745902719254427,0.7367,"CPE",0.7367
"TCGA-COAD","TCGA-CM-5860","TCGA-CM-5860-01A-01R-1653-07",600.085525270733,719.62920945136,1319.71473472209,0.697634372992026,0.7451,"CPE",0.7451
"TCGA-COAD","TCGA-CM-5861","TCGA-CM-5861-01A-01R-1653-07",-1066.61088754113,88.0298915614639,-978.580995979665,0.895455528243065,0.8646,"CPE",0.8646
"TCGA-COAD","TCGA-CM-5862","TCGA-CM-5862-01A-01R-1653-07",-395.293799234165,-384.559277728408,-779.853076962573,0.882090926851139,0.8896,"CPE",0.8896
"TCGA-COAD","TCGA-CM-5863","TCGA-CM-5863-01A-21R-1839-07",256.588407319482,557.789475222175,814.377882541656,0.748812054720726,0.792,"CPE",0.792
"TCGA-COAD","TCGA-CM-5864","TCGA-CM-5864-01A-01R-1653-07",-860.915780804814,292.570081135509,-568.345699669305,0.867042669206421,0.874,"CPE",0.874
"TCGA-COAD","TCGA-CM-5868","TCGA-CM-5868-01A-01R-1653-07",-282.697081491466,94.7576665590379,-187.939414932428,0.837884751105679,0.7415,"CPE",0.7415
"TCGA-COAD","TCGA-CM-6161","TCGA-CM-6161-01A-11R-1653-07",-250.870130313388,746.468042000081,495.597911686693,0.778994797275073,0.8054,"CPE",0.8054
"TCGA-COAD","TCGA-CM-6162","TCGA-CM-6162-01A-11R-1653-07",1475.61662124334,1755.8873689532,3231.50399019653,0.471915200813239,0.5884,"CPE",0.5884
"TCGA-COAD","TCGA-CM-6163","TCGA-CM-6163-01A-11R-1653-07",86.1228525794228,918.942566025891,1005.06541860531,0.72996940111483,0.717,"CPE",0.717
"TCGA-COAD","TCGA-CM-6164","TCGA-CM-6164-01A-11R-1653-07",-481.68537720251,405.649820745853,-76.0355564566566,0.828805929377636,0.6806,"CPE",0.6806
"TCGA-COAD","TCGA-CM-6165","TCGA-CM-6165-01A-11R-1653-07",266.239363565354,649.804693874195,916.044057439549,0.738838063187423,0.8835,"CPE",0.8835
"TCGA-COAD","TCGA-CM-6166","TCGA-CM-6166-01A-11R-1653-07",-664.804502283917,-567.915317138559,-1232.71981942248,0.91143486853033,0.8595,"CPE",0.8595
"TCGA-COAD","TCGA-CM-6167","TCGA-CM-6167-01A-11R-1653-07",1274.52579714491,1121.1221836955,2395.64798084041,0.5762687892145,0.5728,"CPE",0.5728
"TCGA-COAD","TCGA-CM-6168","TCGA-CM-6168-01A-11R-1653-07",956.767286694464,1221.84126968258,2178.60855637705,0.6020089440883,0.6256,"CPE",0.6256
"TCGA-COAD","TCGA-CM-6169","TCGA-CM-6169-01A-11R-1653-07",1091.38542563544,1658.39820365528,2749.78362929071,0.533025846402279,0.6415,"CPE",0.6415
"TCGA-COAD","TCGA-CM-6170","TCGA-CM-6170-01A-11R-1653-07",-35.1669607274363,587.052944742836,551.885984015399,0.77378746773541,0.7895,"CPE",0.7895
"TCGA-COAD","TCGA-CM-6171","TCGA-CM-6171-01A-11R-1653-07",-697.671604777848,445.579613827881,-252.091990949966,0.842987687994304,0.8398,"CPE",0.8398
"TCGA-COAD","TCGA-CM-6172","TCGA-CM-6172-01A-11R-1653-07",-317.224547933697,171.14295576138,-146.081592172317,0.834515138840265,0.867,"CPE",0.867
"TCGA-COAD","TCGA-CM-6674","TCGA-CM-6674-01A-11R-1839-07",-42.246435402598,800.454263197555,758.207827794957,0.75425125553108,0.7055,"CPE",0.7055
"TCGA-COAD","TCGA-CM-6675","TCGA-CM-6675-01A-11R-1839-07",-848.479284916234,-110.253754721039,-958.733039637273,0.894154804662538,0.9288,"CPE",0.9288
"TCGA-COAD","TCGA-CM-6676","TCGA-CM-6676-01A-11R-1839-07",-318.0150462303,-238.35444544385,-556.36949167415,0.866165450440269,0.7789,"CPE",0.7789
"TCGA-COAD","TCGA-CM-6677","TCGA-CM-6677-01A-11R-1839-07",20.9362601158307,562.176222432884,583.112482548715,0.770875833713957,0.6683,"CPE",0.6683
"TCGA-COAD","TCGA-CM-6678","TCGA-CM-6678-01A-11R-1839-07",-759.271641034363,-268.739741263271,-1028.01138229763,0.898661858353138,0.768,"CPE",0.768
"TCGA-COAD","TCGA-CM-6679","TCGA-CM-6679-01A-11R-1839-07",378.282507463941,716.838158830987,1095.12066629493,0.720870921651914,0.6281,"CPE",0.6281
"TCGA-COAD","TCGA-CM-6680","TCGA-CM-6680-01A-11R-1839-07",161.273961217133,918.28674095291,1079.56070217004,0.722452025764001,0.7525,"CPE",0.7525
"TCGA-COAD","TCGA-D5-5537","TCGA-D5-5537-01A-21R-1928-07",-312.910728073982,-23.3033139020278,-336.21404197601,0.849565722969365,0.8361,"CPE",0.8361
"TCGA-COAD","TCGA-D5-5538","TCGA-D5-5538-01A-01R-1653-07",425.663207475886,1308.61635793608,1734.27956541197,0.652771367559978,0.6791,"CPE",0.6791
"TCGA-COAD","TCGA-D5-5539","TCGA-D5-5539-01A-01R-1653-07",159.171961733001,745.889737334116,905.061699067116,0.739923457891969,0.7091,"CPE",0.7091
"TCGA-COAD","TCGA-D5-5540","TCGA-D5-5540-01A-01R-1653-07",-764.888877859095,121.331093417574,-643.55778444152,0.872490349705817,0.9467,"CPE",0.9467
"TCGA-COAD","TCGA-D5-5541","TCGA-D5-5541-01A-01R-1653-07",99.4248604992743,808.545216083361,907.970076582635,0.73963620783613,0.7648,"CPE",0.7648
"TCGA-COAD","TCGA-D5-6529","TCGA-D5-6529-01A-11R-1774-07",585.860502662095,1505.09482994495,2090.95533260705,0.612232575510964,0.6063,"CPE",0.6063
"TCGA-COAD","TCGA-D5-6530","TCGA-D5-6530-01A-11R-1723-07",-441.809165559137,1204.48534452055,762.676178961416,0.753820437237234,0.7916,"CPE",0.7916
"TCGA-COAD","TCGA-D5-6531","TCGA-D5-6531-01A-11R-1723-07",10.5472009515801,826.035365276797,836.582566228377,0.746647814687491,0.7597,"CPE",0.7597
"TCGA-COAD","TCGA-D5-6532","TCGA-D5-6532-01A-11R-1723-07",-1047.33061059177,-129.109111030891,-1176.43972162266,0.908004754044644,0.8245,"CPE",0.8245
"TCGA-COAD","TCGA-D5-6533","TCGA-D5-6533-01A-11R-1723-07",-479.991871892471,305.248343577471,-174.743528315,0.836825872233024,0.7948,"CPE",0.7948
"TCGA-COAD","TCGA-D5-6534","TCGA-D5-6534-01A-21R-1928-07",1593.83655111507,2230.92117432358,3824.75772543865,0.393447975248903,0.5402,"CPE",0.5402
"TCGA-COAD","TCGA-D5-6535","TCGA-D5-6535-01A-11R-1723-07",-404.494210779641,755.987005323355,351.492794543714,0.79208308337986,0.6964,"CPE",0.6964
"TCGA-COAD","TCGA-D5-6536","TCGA-D5-6536-01A-11R-1723-07",-193.217461337703,552.32219198997,359.104730652266,0.79140054749712,0.7527,"CPE",0.7527
"TCGA-COAD","TCGA-D5-6537","TCGA-D5-6537-01A-11R-1723-07",-1306.46175903532,47.8134608161907,-1258.64829821913,0.912994220689193,0.8767,"CPE",0.8767
"TCGA-COAD","TCGA-D5-6538","TCGA-D5-6538-01A-11R-1723-07",-1316.16964345823,-832.287233676156,-2148.45687713438,0.958352852475006,0.9535,"CPE",0.9535
"TCGA-COAD","TCGA-D5-6539","TCGA-D5-6539-01A-11R-1723-07",-690.912291055906,511.626765377641,-179.285525678265,0.837190690752392,0.684,"CPE",0.684
"TCGA-COAD","TCGA-D5-6540","TCGA-D5-6540-01A-11R-1723-07",-580.36764133428,618.312123890904,37.9444825566244,0.819328796840893,0.8273,"CPE",0.8273
"TCGA-COAD","TCGA-D5-6541","TCGA-D5-6541-01A-11R-1723-07",625.229120228887,1268.19596386221,1893.4250840911,0.634897842346171,0.6845,"CPE",0.6845
"TCGA-COAD","TCGA-D5-6898","TCGA-D5-6898-01A-11R-1928-07",184.023025824519,726.930453712435,910.953479536954,0.739341407721073,0.7443,"CPE",0.7443
"TCGA-COAD","TCGA-D5-6920","TCGA-D5-6920-01A-11R-1928-07",-584.795206479081,813.332373872086,228.537167393006,0.802970499239552,0.8457,"CPE",0.8457
"TCGA-COAD","TCGA-D5-6922","TCGA-D5-6922-01A-11R-1928-07",336.88926825832,389.613981868722,726.503250127042,0.757298738189313,0.7744,"CPE",0.7744
"TCGA-COAD","TCGA-D5-6923","TCGA-D5-6923-01A-11R-A32Z-07",315.247397793834,284.203833276949,599.451231070783,0.769345911266739,0.7805,"CPE",0.7805
"TCGA-COAD","TCGA-D5-6924","TCGA-D5-6924-01A-11R-1928-07",603.032973454824,1101.55274673878,1704.58572019361,0.65606712030527,0.6632,"CPE",0.6632
"TCGA-COAD","TCGA-D5-6926","TCGA-D5-6926-01A-11R-1928-07",530.910442493252,728.18311717018,1259.09355966343,0.703982023688632,0.6854,"CPE",0.6854
"TCGA-COAD","TCGA-D5-6927","TCGA-D5-6927-01A-21R-1928-07",212.542956925663,1290.31897702412,1502.86193394979,0.678123537477979,0.7466,"CPE",0.7466
"TCGA-COAD","TCGA-D5-6928","TCGA-D5-6928-01A-11R-1928-07",1205.75579693777,2984.20492035137,4189.96071728914,0.343622426913983,0.4635,"CPE",0.4635
"TCGA-COAD","TCGA-D5-6929","TCGA-D5-6929-01A-31R-1928-07",189.744357252807,682.127210133997,871.871567386804,0.743191964991988,0.7439,"CPE",0.7439
"TCGA-COAD","TCGA-D5-6930","TCGA-D5-6930-01A-11R-1928-07",224.449855686942,1144.45343436908,1368.90329005603,0.692443213938007,0.6844,"CPE",0.6844
"TCGA-COAD","TCGA-D5-6931","TCGA-D5-6931-01A-11R-1928-07",-141.995614330434,839.430177154044,697.43456282361,0.760078444336087,0.7901,"CPE",0.7901
"TCGA-COAD","TCGA-D5-6932","TCGA-D5-6932-01A-11R-1928-07",-80.7200174411252,518.99099746229,438.270980021165,0.784243570376354,0.7758,"CPE",0.7758
"TCGA-COAD","TCGA-D5-7000","TCGA-D5-7000-01A-11R-A32Z-07",-157.446408014767,605.243615758963,447.797207744196,0.783375199735187,0.7947,"CPE",0.7947
"TCGA-COAD","TCGA-DM-A0X9","TCGA-DM-A0X9-01A-11R-A155-07",-969.089811554602,247.843132290682,-721.246679263919,0.878005765107747,0.8374,"CPE",0.8374
"TCGA-COAD","TCGA-DM-A0XD","TCGA-DM-A0XD-01A-12R-A155-07",-678.528254899871,-50.1236748051425,-728.651929705014,0.878525541227824,0.7887,"CPE",0.7887
"TCGA-COAD","TCGA-DM-A0XF","TCGA-DM-A0XF-01A-11R-A155-07",-556.139967092534,225.242698349995,-330.897268742539,0.849153795285465,0.7395,"CPE",0.7395
"TCGA-COAD","TCGA-DM-A1D0","TCGA-DM-A1D0-01A-11R-A155-07",-1674.87745141518,-785.345983772881,-2460.22343518806,0.970414430427828,0.9594,"CPE",0.9594
"TCGA-COAD","TCGA-DM-A1D4","TCGA-DM-A1D4-01A-21R-A155-07",-1633.5490247418,-39.7003392204695,-1673.24936396227,0.936117302920814,0.8848,"CPE",0.8848
"TCGA-COAD","TCGA-DM-A1D6","TCGA-DM-A1D6-01A-21R-A155-07",-1556.25421991478,-813.018758235513,-2369.27297815029,0.967104637764329,0.9916,"CPE",0.9916
"TCGA-COAD","TCGA-DM-A1D7","TCGA-DM-A1D7-01A-11R-A155-07",-903.080728789245,26.5568920201203,-876.523836769125,0.888686577442291,0.8295,"CPE",0.8295
"TCGA-COAD","TCGA-DM-A1D8","TCGA-DM-A1D8-01A-11R-A155-07",-1195.10247932525,-373.954124276142,-1569.05660360139,0.930629212101778,0.8736,"CPE",0.8736
"TCGA-COAD","TCGA-DM-A1D9","TCGA-DM-A1D9-01A-11R-A155-07",-1073.253942183,-354.378755512741,-1427.63269769574,0.922832058377568,0.8888,"CPE",0.8888
"TCGA-COAD","TCGA-DM-A1DA","TCGA-DM-A1DA-01A-11R-A155-07",-1266.27488106367,-217.711331672911,-1483.98621273658,0.925986860705953,0.8875,"CPE",0.8875
"TCGA-COAD","TCGA-DM-A1DB","TCGA-DM-A1DB-01A-11R-A155-07",-1668.74691942965,25.3603687158989,-1643.38655071375,0.934566684895023,0.8767,"CPE",0.8767
"TCGA-COAD","TCGA-DM-A1HA","TCGA-DM-A1HA-01A-11R-A155-07",-1845.63995954518,-266.314424187048,-2111.95438373223,0.95680888811794,0.925,"CPE",0.925
"TCGA-COAD","TCGA-DM-A1HB","TCGA-DM-A1HB-01A-21R-A180-07",-1000.39650896792,-94.9606796897444,-1095.35718865767,0.902954109977722,0.7745,"CPE",0.7745
"TCGA-COAD","TCGA-DM-A280","TCGA-DM-A280-01A-12R-A16W-07",-745.53579095275,114.174160173541,-631.361630779209,0.871614177844415,0.5422,"CPE",0.5422
"TCGA-COAD","TCGA-DM-A282","TCGA-DM-A282-01A-12R-A16W-07",-814.749091538801,-416.764420379809,-1231.51351191861,0.911361998983346,0.8559,"CPE",0.8559
"TCGA-COAD","TCGA-DM-A285","TCGA-DM-A285-01A-11R-A16W-07",-392.29829075147,-533.111437927403,-925.409728678872,0.891953919345043,0.7305,"CPE",0.7305
"TCGA-COAD","TCGA-DM-A288","TCGA-DM-A288-01A-11R-A16W-07",-1369.55681480764,-469.935649055416,-1839.49246386306,0.944419828347825,0.8526,"CPE",0.8526
"TCGA-COAD","TCGA-DM-A28A","TCGA-DM-A28A-01A-21R-A32Y-07",-472.639716572684,-151.210942183256,-623.85065875594,0.871073199379425,0.9182,"CPE",0.9182
"TCGA-COAD","TCGA-DM-A28C","TCGA-DM-A28C-01A-11R-A32Y-07",-1380.09763639588,-548.068473214268,-1928.16610961015,0.948618695310221,0.9374,"CPE",0.9374
"TCGA-COAD","TCGA-DM-A28E","TCGA-DM-A28E-01A-11R-A32Y-07",-1619.12416419418,-413.591714330904,-2032.71587852508,0.95336282092046,0.9195,"CPE",0.9195
"TCGA-COAD","TCGA-DM-A28F","TCGA-DM-A28F-01A-11R-A32Y-07",-1183.68961258035,-137.578492839233,-1321.26810541959,0.916705625119499,0.7866,"CPE",0.7866
"TCGA-COAD","TCGA-DM-A28G","TCGA-DM-A28G-01A-11R-A16W-07",-1148.18385743017,-147.077121170251,-1295.26097860043,0.915173598430406,0.9182,"CPE",0.9182
"TCGA-COAD","TCGA-DM-A28H","TCGA-DM-A28H-01A-11R-A16W-07",-1184.10840260858,-515.097097241218,-1699.2054998498,0.937450457055408,0.8688,"CPE",0.8688
"TCGA-COAD","TCGA-DM-A28K","TCGA-DM-A28K-01A-21R-A32Y-07",-1186.17567303697,-170.492225091545,-1356.66789812852,0.918769481813087,0.8406,"CPE",0.8406
"TCGA-COAD","TCGA-DM-A28M","TCGA-DM-A28M-01A-12R-A16W-07",-1701.4441488512,-292.191507345005,-1993.6356561962,0.951615708310686,0.8391,"CPE",0.8391
"TCGA-COAD","TCGA-F4-6459","TCGA-F4-6459-01A-11R-1774-07",522.011653458302,351.559502001691,873.571155459993,0.743025020348481,0.7145,"CPE",0.7145
"TCGA-COAD","TCGA-F4-6460","TCGA-F4-6460-01A-11R-1774-07",140.386002734853,488.987537287014,629.373540021866,0.766532588896929,0.7696,"CPE",0.7696
"TCGA-COAD","TCGA-F4-6461","TCGA-F4-6461-01A-11R-1774-07",122.513721343922,692.718789021608,815.232510365531,0.748728903140872,0.7498,"CPE",0.7498
"TCGA-COAD","TCGA-F4-6463","TCGA-F4-6463-01A-11R-1723-07",184.696966801666,286.269136050768,470.966102852434,0.781256831507332,0.7027,"CPE",0.7027
"TCGA-COAD","TCGA-F4-6569","TCGA-F4-6569-01A-11R-1774-07",1307.61354317793,1166.40874925216,2474.02229243008,0.566828740720215,0.6038,"CPE",0.6038
"TCGA-COAD","TCGA-F4-6570","TCGA-F4-6570-01A-11R-1774-07",592.9161189073,1713.88679858431,2306.80291749161,0.58687771998793,0.6576,"CPE",0.6576
"TCGA-COAD","TCGA-F4-6703","TCGA-F4-6703-01A-11R-1839-07",1787.36995414571,2408.6990826977,4196.06903684341,0.342780256166667,0.3651,"CPE",0.3651
"TCGA-COAD","TCGA-F4-6704","TCGA-F4-6704-01A-11R-1839-07",1099.75844816636,883.65004551671,1983.40849368307,0.624637904586438,0.6413,"CPE",0.6413
"TCGA-COAD","TCGA-F4-6805","TCGA-F4-6805-01A-11R-1839-07",753.978736390506,1098.03258529835,1852.01132168885,0.639582740110761,0.6399,"CPE",0.6399
"TCGA-COAD","TCGA-F4-6806","TCGA-F4-6806-01A-11R-1839-07",-397.945406982687,401.145251165657,3.19984418296968,0.822242143368069,0.8361,"CPE",0.8361
"TCGA-COAD","TCGA-F4-6807","TCGA-F4-6807-01A-11R-1839-07",994.102754898531,1400.46275307775,2394.56550797628,0.576398640061939,0.667,"CPE",0.667
"TCGA-COAD","TCGA-F4-6808","TCGA-F4-6808-01A-11R-1839-07",-1185.09976628443,-201.537481223641,-1386.63724750807,0.920497346986261,0.6939,"CPE",0.6939
"TCGA-COAD","TCGA-F4-6809","TCGA-F4-6809-01A-11R-1839-07",310.469624334502,960.30315893274,1270.77278326724,0.702763410452898,0.7033,"CPE",0.7033
"TCGA-COAD","TCGA-F4-6854","TCGA-F4-6854-01A-11R-1928-07",-100.576478740354,402.559604238834,301.983125498481,0.796498272289854,0.79,"CPE",0.79
"TCGA-COAD","TCGA-F4-6855","TCGA-F4-6855-01A-11R-1928-07",890.777572878768,501.261615706495,1392.03918858526,0.689989046526531,0.726,"CPE",0.726
"TCGA-COAD","TCGA-F4-6856","TCGA-F4-6856-01A-11R-1928-07",-734.696891104834,285.467598147946,-449.229292956888,0.85819900634888,0.752,"CPE",0.752
"TCGA-COAD","TCGA-G4-6293","TCGA-G4-6293-01A-11R-1723-07",-582.811817167986,1047.57116543746,464.759348269471,0.781825211899104,0.7764,"CPE",0.7764
"TCGA-COAD","TCGA-G4-6294","TCGA-G4-6294-01A-11R-1774-07",-849.248514441927,168.796115448494,-680.452398993433,0.875123823276906,0.8756,"CPE",0.8756
"TCGA-COAD","TCGA-G4-6295","TCGA-G4-6295-01A-11R-1723-07",-658.335772325592,981.281962983085,322.946190657493,0.794633943047428,0.8042,"CPE",0.8042
"TCGA-COAD","TCGA-G4-6297","TCGA-G4-6297-01A-11R-1723-07",469.350352501175,833.241896073133,1302.59224857431,0.699432890330447,0.6654,"CPE",0.6654
"TCGA-COAD","TCGA-G4-6298","TCGA-G4-6298-01A-11R-1723-07",-614.23525626277,-621.447179837592,-1235.68243610036,0.911613710352533,0.7918,"CPE",0.7918
"TCGA-COAD","TCGA-G4-6299","TCGA-G4-6299-01A-11R-1774-07",79.2112876207351,1072.23720991164,1151.44849753238,0.715115860160485,0.6996,"CPE",0.6996
"TCGA-COAD","TCGA-G4-6302","TCGA-G4-6302-01A-11R-1723-07",1122.23930470961,1002.85051023366,2125.08981494327,0.608263179702622,0.6167,"CPE",0.6167
"TCGA-COAD","TCGA-G4-6303","TCGA-G4-6303-01A-11R-1774-07",-35.608962604027,227.967384381953,192.358421777926,0.806124390748858,0.8252,"CPE",0.8252
"TCGA-COAD","TCGA-G4-6304","TCGA-G4-6304-01A-11R-1928-07",-1492.22872257169,252.256675800319,-1239.97204677137,0.911872352181032,0.6126,"CPE",0.6126
"TCGA-COAD","TCGA-G4-6306","TCGA-G4-6306-01A-11R-1774-07",-1736.54885274005,123.974931656446,-1612.57392108361,0.932947924568165,0.8287,"CPE",0.8287
"TCGA-COAD","TCGA-G4-6307","TCGA-G4-6307-01A-11R-1723-07",-1441.80949003711,-410.381379574384,-1852.19086961149,0.9450309550877,0.8348,"CPE",0.8348
"TCGA-COAD","TCGA-G4-6309","TCGA-G4-6309-01A-21R-1839-07",-1060.94773487862,131.746606376332,-929.201128502287,0.892205404647246,0.9214,"CPE",0.9214
"TCGA-COAD","TCGA-G4-6310","TCGA-G4-6310-01A-11R-1723-07",-438.090933515476,-632.555216429304,-1070.64614994478,0.901389390889066,0.8603,"CPE",0.8603
"TCGA-COAD","TCGA-G4-6311","TCGA-G4-6311-01A-11R-1723-07",26.0097264722454,644.90909953458,670.918826006826,0.762601955835122,0.7042,"CPE",0.7042
"TCGA-COAD","TCGA-G4-6314","TCGA-G4-6314-01A-11R-1723-07",444.239665654536,299.771512271376,744.011177925912,0.755617878482371,0.7626,"CPE",0.7626
"TCGA-COAD","TCGA-G4-6315","TCGA-G4-6315-01A-11R-1723-07",-1486.02521340778,-428.138186045794,-1914.16339945357,0.947966307924106,0.8102,"CPE",0.8102
"TCGA-COAD","TCGA-G4-6317","TCGA-G4-6317-01A-11R-1723-07",-1643.18537005694,-754.445387956597,-2397.63075801354,0.968155131940052,0.8967,"CPE",0.8967
"TCGA-COAD","TCGA-G4-6320","TCGA-G4-6320-01A-11R-1723-07",-1381.63132237649,-36.6978932118851,-1418.32921558838,0.922305148767575,0.7965,"CPE",0.7965
"TCGA-COAD","TCGA-G4-6321","TCGA-G4-6321-01A-11R-1723-07",-1191.87885783462,883.853441270126,-308.025416564491,0.847375857620342,0.6939,"CPE",0.6939
"TCGA-COAD","TCGA-G4-6322","TCGA-G4-6322-01A-11R-1723-07",-733.28937894569,186.898393625208,-546.390985320481,0.865432512473293,0.8249,"CPE",0.8249
"TCGA-COAD","TCGA-G4-6323","TCGA-G4-6323-01A-11R-1723-07",-1494.06771409963,958.613780211053,-535.453933888573,0.864627034996075,0.5896,"CPE",0.5896
"TCGA-COAD","TCGA-G4-6586","TCGA-G4-6586-01A-11R-1774-07",-1333.27546132725,779.843781932026,-553.431679395227,0.86594985616475,0.8531,"CPE",0.8531
"TCGA-COAD","TCGA-G4-6588","TCGA-G4-6588-01A-11R-1774-07",-559.553903737122,522.305023354689,-37.2488803824335,0.825606831320055,0.7913,"CPE",0.7913
"TCGA-COAD","TCGA-G4-6625","TCGA-G4-6625-01A-21R-1774-07",223.003624797442,1697.75005186528,1920.75367666272,0.631793457194795,0.6377,"CPE",0.6377
"TCGA-COAD","TCGA-G4-6626","TCGA-G4-6626-01A-11R-1774-07",-1347.48262632738,-297.791273317233,-1645.27389964461,0.934665216871419,0.7946,"CPE",0.7946
"TCGA-COAD","TCGA-G4-6627","TCGA-G4-6627-01A-11R-1774-07",362.003727769783,1198.44745136633,1560.45117913611,0.6718865488354,0.6509,"CPE",0.6509
"TCGA-COAD","TCGA-G4-6628","TCGA-G4-6628-01A-11R-1839-07",47.2077700829669,1794.91703437079,1842.12480445376,0.640697655991899,0.6779,"CPE",0.6779
"TCGA-COAD","TCGA-NH-A50T","TCGA-NH-A50T-01A-11R-A28H-07",-1241.1507682023,-579.826483379322,-1820.97725158162,0.943522880876301,0.9101,"CPE",0.9101
"TCGA-COAD","TCGA-NH-A50U","TCGA-NH-A50U-01A-33R-A37K-07",-641.257474269685,-95.6998511904831,-736.957325460168,0.879107263724912,0.7334,"CPE",0.7334
"TCGA-COAD","TCGA-NH-A50V","TCGA-NH-A50V-01A-11R-A28H-07",69.4273055282423,661.08118084528,730.508486373522,0.756914653777861,0.7894,"CPE",0.7894
"TCGA-COAD","TCGA-NH-A5IV","TCGA-NH-A5IV-01A-42R-A37K-07",-196.269954509691,1058.60976636899,862.339811859295,0.744127378838262,0.7855,"CPE",0.7855
"TCGA-COAD","TCGA-NH-A6GA","TCGA-NH-A6GA-01A-11R-A37K-07",-822.959051910431,37.3262729177517,-785.632778992679,0.882490269733427,0.8064,"CPE",0.8064
"TCGA-COAD","TCGA-NH-A6GB","TCGA-NH-A6GB-01A-11R-A37K-07",-816.767265932745,559.637198528476,-257.130067404269,0.843385275561338,0.7019,"CPE",0.7019
"TCGA-COAD","TCGA-NH-A6GC","TCGA-NH-A6GC-01A-12R-A41B-07",-187.627443070343,-85.7321969749605,-273.359640045303,0.844662919986327,0.8361,"CPE",0.8361
"TCGA-COAD","TCGA-NH-A8F7","TCGA-NH-A8F7-01A-11R-A41B-07",-1392.14107779175,-646.475914116869,-2038.61699190862,0.95362390999656,0.784,"CPE",0.784
"TCGA-COAD","TCGA-NH-A8F8","TCGA-NH-A8F8-01A-72R-A41B-07",-157.951109298228,275.507683764471,117.556574466244,0.812573065050519,0.7977,"CPE",0.7977
"TCGA-COAD","TCGA-QG-A5YV","TCGA-QG-A5YV-01A-11R-A28H-07",-1180.23610988032,-18.7607952659671,-1198.99690514629,0.9093870057897,0.8848,"CPE",0.8848
"TCGA-COAD","TCGA-QG-A5YW","TCGA-QG-A5YW-01A-11R-A28H-07",-573.886262183891,685.956172414439,112.069910230548,0.813042223947619,0.7466,"CPE",0.7466
"TCGA-COAD","TCGA-QG-A5YX","TCGA-QG-A5YX-01A-11R-A28H-07",-1503.79571455167,-205.19449050092,-1708.99020505259,0.937949486323455,0.8641,"CPE",0.8641
"TCGA-COAD","TCGA-QG-A5Z1","TCGA-QG-A5Z1-01A-11R-A28H-07",-237.828121360483,-106.589859539196,-344.417980899679,0.850200324275725,0.8827,"CPE",0.8827
"TCGA-COAD","TCGA-QG-A5Z2","TCGA-QG-A5Z2-01A-11R-A28H-07",-1499.63900697578,851.656642868235,-647.982364107541,0.872807520470656,0.8806,"CPE",0.8806
"TCGA-COAD","TCGA-QL-A97D","TCGA-QL-A97D-01A-12R-A41B-07",-1050.88822199227,707.658873272662,-343.229348719611,0.850108456074567,0.7752,"CPE",0.7752
"TCGA-COAD","TCGA-RU-A8FL","TCGA-RU-A8FL-01A-11R-A37K-07",-2065.04322321157,-623.953339983314,-2688.99656319488,0.977973822892167,0.836,"CPE",0.836
"TCGA-COAD","TCGA-SS-A7HO","TCGA-SS-A7HO-01A-21R-A37K-07",-1321.27631097025,-637.62422278848,-1958.90053375873,0.95003655876171,0.7578,"CPE",0.7578
"TCGA-COAD","TCGA-T9-A92H","TCGA-T9-A92H-01A-11R-A37K-07",-1318.44093092149,-235.240502597701,-1553.68143351919,0.929800900943325,0.8238,"CPE",0.8238
"TCGA-COAD","TCGA-WS-AB45","TCGA-WS-AB45-01A-11R-A41B-07",2033.55278182647,2258.3678535644,4291.92063539087,0.329529277687159,0.2093,"CPE",0.2093
"TCGA-READ","TCGA-AF-2687","TCGA-AF-2687-01A-02R-1736-07",1204.27843737709,1375.25044967419,2579.52888705128,0.55400241318676,0.6455,"CPE",0.6455
"TCGA-READ","TCGA-AF-2690","TCGA-AF-2690-01A-02R-1736-07",1648.36995592166,2124.45716229225,3772.82711821391,0.400444483642945,0.5941,"CPE",0.5941
"TCGA-READ","TCGA-AF-2691","TCGA-AF-2691-01A-01R-0821-07",-193.239328974401,977.46191371005,784.222584735649,0.751738481013184,0.6099,"CPE",0.6099
"TCGA-READ","TCGA-AF-2692","TCGA-AF-2692-01A-01R-0821-07",-554.652414485713,325.974108696212,-228.678305789501,0.841133914449718,0.8279,"CPE",0.8279
"TCGA-READ","TCGA-AF-2693","TCGA-AF-2693-01A-02R-1736-07",-324.593951145226,687.428865669406,362.834914524179,0.791065714083984,0.7758,"CPE",0.7758
"TCGA-READ","TCGA-AF-3400","TCGA-AF-3400-01A-01R-0821-07",1309.8360288615,2240.64548232908,3550.48151119058,0.430132573800754,0.5862,"CPE",0.5862
"TCGA-READ","TCGA-AF-3911","TCGA-AF-3911-01A-01R-1736-07",-153.520843772892,371.356009973907,217.835166201015,0.803905811612407,0.8475,"CPE",0.8475
"TCGA-READ","TCGA-AF-3913","TCGA-AF-3913-01A-02R-1119-07",-135.108503277524,102.877682541853,-32.2308207356716,0.825190987882464,0.8486,"CPE",0.8486
"TCGA-READ","TCGA-AF-4110","TCGA-AF-4110-01A-02R-1736-07",280.16555981389,1271.9078695926,1552.07342940649,0.672796864711081,0.6965,"CPE",0.6965
"TCGA-READ","TCGA-AF-5654","TCGA-AF-5654-01A-01R-1660-07",-1098.31113876007,-308.180476851435,-1406.4916156115,0.921632230967338,0.912,"CPE",0.912
"TCGA-READ","TCGA-AF-6136","TCGA-AF-6136-01A-11R-1830-07",-731.856496696836,144.318301035145,-587.538195661691,0.868442868915136,0.789,"CPE",0.789
"TCGA-READ","TCGA-AF-6655","TCGA-AF-6655-01A-11R-1830-07",289.416063688631,274.345619478778,563.761683167408,0.772682061322838,0.6466,"CPE",0.6466
"TCGA-READ","TCGA-AF-6672","TCGA-AF-6672-01A-11R-1830-07",-997.122840433901,72.3944213452417,-924.72841908866,0.891908698480152,0.8137,"CPE",0.8137
"TCGA-READ","TCGA-AF-A56K","TCGA-AF-A56K-01A-32R-A39D-07",295.053858782041,673.723660570905,968.777519352946,0.73359968097687,0.6649,"CPE",0.6649
"TCGA-READ","TCGA-AF-A56L","TCGA-AF-A56L-01A-31R-A39D-07",-440.906877919876,-27.2830560440465,-468.189933963922,0.859624345924688,0.7913,"CPE",0.7913
"TCGA-READ","TCGA-AF-A56N","TCGA-AF-A56N-01A-12R-A39D-07",-238.618115689239,88.267700372428,-150.350415316811,0.83486022975108,0.7275,"CPE",0.7275
"TCGA-READ","TCGA-AG-3574","TCGA-AG-3574-01A-01R-0821-07",-668.935259635923,288.632935128834,-380.302324507089,0.852961591458874,0.7955,"CPE",0.7955
"TCGA-READ","TCGA-AG-3575","TCGA-AG-3575-01A-01R-0821-07",309.902741260767,1012.98038450669,1322.88312576746,0.697301086958111,0.7386,"CPE",0.7386
"TCGA-READ","TCGA-AG-3578","TCGA-AG-3578-01A-01R-0821-07",-622.168170129792,534.921197560597,-87.2469725691943,0.829725638562268,0.7528,"CPE",0.7528
"TCGA-READ","TCGA-AG-3580","TCGA-AG-3580-01A-01R-0821-07",-878.690559823314,739.217458915773,-139.473100907541,0.833980263353171,0.8137,"CPE",0.8137
"TCGA-READ","TCGA-AG-3581","TCGA-AG-3581-01A-01R-0821-07",-427.999848360459,642.528904120893,214.529055760434,0.804194351530685,0.7792,"CPE",0.7792
"TCGA-READ","TCGA-AG-3582","TCGA-AG-3582-01A-01R-0821-07",-292.539016015634,556.491213658073,263.952197642438,0.799861250352233,0.7927,"CPE",0.7927
"TCGA-READ","TCGA-AG-3583","TCGA-AG-3583-01A-01R-0821-07",-970.574817708446,649.933132229055,-320.641685479391,0.84835776258121,0.7697,"CPE",0.7697
"TCGA-READ","TCGA-AG-3584","TCGA-AG-3584-01A-01R-0821-07",-199.065927424926,612.353274982798,413.287347557871,0.786513683766904,0.8374,"CPE",0.8374
"TCGA-READ","TCGA-AG-3586","TCGA-AG-3586-01A-02R-0821-07",-751.113581193575,453.976930277633,-297.136650915942,0.846526064961973,0.874,"CPE",0.874
"TCGA-READ","TCGA-AG-3587","TCGA-AG-3587-01A-01R-0821-07",-483.872678516356,406.276486759389,-77.5961917569678,0.828934087943468,0.8516,"CPE",0.8516
"TCGA-READ","TCGA-AG-3591","TCGA-AG-3591-01A-01R-1736-07",-881.746816348764,411.866751067004,-469.880065281761,0.859751076101478,0.8102,"CPE",0.8102
"TCGA-READ","TCGA-AG-3592","TCGA-AG-3592-01A-02R-1736-07",-441.391941092007,409.136930866526,-32.2550102254813,0.825192993524328,0.8199,"CPE",0.8199
"TCGA-READ","TCGA-AG-3593","TCGA-AG-3593-01A-01R-0821-07",-591.201918344338,925.233623981398,334.031705637061,0.793645021252021,0.8551,"CPE",0.8551
"TCGA-READ","TCGA-AG-3594","TCGA-AG-3594-01A-02R-0821-07",-499.07061590294,1570.81783918573,1071.74722328279,0.723244560625825,0.7582,"CPE",0.7582
"TCGA-READ","TCGA-AG-3598","TCGA-AG-3598-01A-01R-0826-07",-672.571512620597,830.013623434161,157.442110813564,0.809146671481273,0.8834,"CPE",0.8834
"TCGA-READ","TCGA-AG-3599","TCGA-AG-3599-01A-02R-0826-07",-860.673169684092,678.27826202348,-182.394907660612,0.837440225364082,0.8929,"CPE",0.8929
"TCGA-READ","TCGA-AG-3600","TCGA-AG-3600-01A-01R-0826-07",-461.766378117876,681.181664533713,219.415286415837,0.803767840163812,0.8374,"CPE",0.8374
"TCGA-READ","TCGA-AG-3601","TCGA-AG-3601-01A-01R-0826-07",-521.822736276768,95.3080517610664,-426.514684515702,0.856482716153126,0.8151,"CPE",0.8151
"TCGA-READ","TCGA-AG-3602","TCGA-AG-3602-01A-02R-0826-07",-140.52016645059,866.010527206457,725.490360755867,0.757395828328729,0.747,"CPE",0.747
"TCGA-READ","TCGA-AG-3605","TCGA-AG-3605-01A-01R-0826-07",-1056.8027343841,583.087697340341,-473.715037043755,0.860038435385771,0.7914,"CPE",0.7914
"TCGA-READ","TCGA-AG-3608","TCGA-AG-3608-01A-01R-0826-07",-488.913454614129,1001.68345396723,512.769999353097,0.77741179171671,0.8056,"CPE",0.8056
"TCGA-READ","TCGA-AG-3609","TCGA-AG-3609-01A-02R-0826-07",209.178449385091,821.456501197087,1030.63495058218,0.72739895334181,0.7612,"CPE",0.7612
"TCGA-READ","TCGA-AG-3611","TCGA-AG-3611-01A-01R-0826-07",-1035.88210745487,654.84625087957,-381.035856575297,0.853017789507681,0.8784,"CPE",0.8784
"TCGA-READ","TCGA-AG-3612","TCGA-AG-3612-01A-01R-0826-07",-2.39365992255503,655.736438508502,653.342778585947,0.764268309554176,0.8519,"CPE",0.8519
"TCGA-READ","TCGA-AG-3725","TCGA-AG-3725-01A-11R-1736-07",-1112.94422480036,165.814848405904,-947.129376394459,0.893390849399131,0.8238,"CPE",0.8238
"TCGA-READ","TCGA-AG-3726","TCGA-AG-3726-01A-02R-0905-07",-386.69340137658,508.186542716185,121.493141339605,0.812236128595222,0.8486,"CPE",0.8486
"TCGA-READ","TCGA-AG-3727","TCGA-AG-3727-01A-01R-0905-07",-235.301247129761,424.310822671286,189.009575541525,0.806415179032484,0.8733,"CPE",0.8733
"TCGA-READ","TCGA-AG-3728","TCGA-AG-3728-01A-01R-0905-07",353.638689125498,1449.6980441619,1803.3367332874,0.645058785148847,0.7379,"CPE",0.7379
"TCGA-READ","TCGA-AG-3731","TCGA-AG-3731-01A-11R-1736-07",880.11720385157,1440.69999810749,2320.81720195906,0.585210867908192,0.6018,"CPE",0.6018
"TCGA-READ","TCGA-AG-3732","TCGA-AG-3732-01A-11R-1660-07",-682.473208015791,1081.43258127994,398.959373264147,0.787810810417789,0.8171,"CPE",0.8171
"TCGA-READ","TCGA-AG-3742","TCGA-AG-3742-01A-11R-1660-07",-266.350508435097,9.59718844825516,-256.753319986842,0.843355559912202,0.8525,"CPE",0.8525
"TCGA-READ","TCGA-AG-3878","TCGA-AG-3878-01A-02R-0905-07",484.017726958728,1376.61656127078,1860.63428822951,0.638609216695496,0.6938,"CPE",0.6938
"TCGA-READ","TCGA-AG-3881","TCGA-AG-3881-01A-01R-0905-07",651.177784373511,1381.73108377945,2032.90886815296,0.618947277440481,0.8171,"CPE",0.8171
"TCGA-READ","TCGA-AG-3882","TCGA-AG-3882-01A-01R-0905-07",-68.6312072911946,1677.594585971,1608.96337867981,0.666595339570068,0.7775,"CPE",0.7775
"TCGA-READ","TCGA-AG-3883","TCGA-AG-3883-01A-02R-0905-07",580.880810891475,1203.5381386177,1784.41894950917,0.647178224676829,0.8096,"CPE",0.8096
"TCGA-READ","TCGA-AG-3885","TCGA-AG-3885-01A-01R-0905-07",-571.680366240321,802.539619521687,230.859253281365,0.802767296457004,0.8729,"CPE",0.8729
"TCGA-READ","TCGA-AG-3887","TCGA-AG-3887-01A-01R-1119-07",-592.310731526981,604.370290264889,12.0595587379079,0.821501282617926,0.8547,"CPE",0.8547
"TCGA-READ","TCGA-AG-3890","TCGA-AG-3890-01A-01R-1119-07",-370.294306444394,997.078671859935,626.784365415541,0.766776610630607,0.7155,"CPE",0.7155
"TCGA-READ","TCGA-AG-3892","TCGA-AG-3892-01A-01R-1119-07",-666.736870190047,1352.26941149085,685.532541300808,0.761212590245262,0.6776,"CPE",0.6776
"TCGA-READ","TCGA-AG-3893","TCGA-AG-3893-01A-01R-1119-07",7.23034011129052,533.052622927037,540.282963038328,0.774865221895279,0.7961,"CPE",0.7961
"TCGA-READ","TCGA-AG-3894","TCGA-AG-3894-01A-01R-1119-07",-669.634322161014,277.705534297362,-391.928787863652,0.853851164783648,0.8444,"CPE",0.8444
"TCGA-READ","TCGA-AG-3896","TCGA-AG-3896-01A-01R-1119-07",-227.431489441192,523.420553527641,295.98906408645,0.797029962378624,0.7479,"CPE",0.7479
"TCGA-READ","TCGA-AG-3898","TCGA-AG-3898-01A-01R-1119-07",-118.959058389062,847.052364579228,728.093306190165,0.757146290181569,0.679,"CPE",0.679
"TCGA-READ","TCGA-AG-3901","TCGA-AG-3901-01A-01R-1119-07",1094.53690017165,1533.71025082949,2628.24715100114,0.548034752956654,0.6569,"CPE",0.6569
"TCGA-READ","TCGA-AG-3902","TCGA-AG-3902-01A-01R-A32Z-07",-561.242806805239,1395.23731149022,833.99450468498,0.746900475986168,0.6655,"CPE",0.6655
"TCGA-READ","TCGA-AG-3909","TCGA-AG-3909-01A-01R-1119-07",-483.6435369043,472.180724246473,-11.4628126578268,0.823465197780233,0.6939,"CPE",0.6939
"TCGA-READ","TCGA-AG-3999","TCGA-AG-3999-01A-01R-1119-07",-495.60412818909,100.983294151938,-394.620834037153,0.854056786300983,0.7897,"CPE",0.7897
"TCGA-READ","TCGA-AG-4001","TCGA-AG-4001-01A-02R-1119-07",498.500938848368,769.544638515567,1268.04557736393,0.703048152802057,0.6181,"CPE",0.6181
"TCGA-READ","TCGA-AG-4005","TCGA-AG-4005-01A-01R-1119-07",-197.549777752937,201.687106978329,4.13732922539231,0.822163815429452,0.7947,"CPE",0.7947
"TCGA-READ","TCGA-AG-4007","TCGA-AG-4007-01A-01R-1119-07",-31.5689104649319,946.313102718104,914.744192253173,0.738966630074042,0.7707,"CPE",0.7707
"TCGA-READ","TCGA-AG-4008","TCGA-AG-4008-01A-01R-1119-07",257.572971975705,564.338426328932,821.911398304637,0.748078670556663,0.6647,"CPE",0.6647
"TCGA-READ","TCGA-AG-4015","TCGA-AG-4015-01A-01R-1119-07",-822.379563915202,178.015499863179,-644.364064052023,0.872548174333177,0.8388,"CPE",0.8388
"TCGA-READ","TCGA-AG-4021","TCGA-AG-4021-01A-01R-1736-07",176.140119125968,210.14920045266,386.289319578628,0.788954940689568,0.8008,"CPE",0.8008
"TCGA-READ","TCGA-AG-4022","TCGA-AG-4022-01A-01R-1736-07",261.927396808992,950.586621926222,1212.51401873521,0.708821528501906,0.7085,"CPE",0.7085
"TCGA-READ","TCGA-AG-A002","TCGA-AG-A002-01A-01R-A002-07",-1288.98327226654,-597.283625370253,-1886.26689763679,0.946654673224693,0.836,"CPE",0.836
"TCGA-READ","TCGA-AG-A008","TCGA-AG-A008-01A-01R-A002-07",-1564.0469908379,-78.2584603282187,-1642.30545116612,0.934510212105272,0.827,"CPE",0.827
"TCGA-READ","TCGA-AG-A00C","TCGA-AG-A00C-01A-01R-A002-07",-1529.42886630753,153.277888814795,-1376.15097749274,0.91989479163331,0.8826,"CPE",0.8826
"TCGA-READ","TCGA-AG-A00H","TCGA-AG-A00H-01A-01R-A00A-07",-57.0028921495728,56.6870490491198,-0.31584310045298,0.822535744329981,0.6681,"CPE",0.6681
"TCGA-READ","TCGA-AG-A00Y","TCGA-AG-A00Y-01A-02R-A002-07",-1097.00968765311,446.341180931511,-650.668506721601,0.872999893834804,0.7027,"CPE",0.7027
"TCGA-READ","TCGA-AG-A011","TCGA-AG-A011-01A-01R-A002-07",-612.051386550318,211.164255718729,-400.887130831589,0.854534896539347,0.6485,"CPE",0.6485
"TCGA-READ","TCGA-AG-A014","TCGA-AG-A014-01A-02R-A002-07",-1020.64385574591,-202.025206168975,-1222.66906191488,0.910826858690656,0.8245,"CPE",0.8245
"TCGA-READ","TCGA-AG-A015","TCGA-AG-A015-01A-01R-A002-07",-1374.5455372486,-215.14964900595,-1589.69518625455,0.931733627821964,0.851,"CPE",0.851
"TCGA-READ","TCGA-AG-A016","TCGA-AG-A016-01A-01R-A002-07",-1277.25934252312,-607.986233606864,-1885.24557612998,0.946606351493732,0.8401,"CPE",0.8401
"TCGA-READ","TCGA-AG-A01J","TCGA-AG-A01J-01A-01R-A00A-07",-1249.79804729161,50.0567912151315,-1199.74125607648,0.909432448038851,0.6505,"CPE",0.6505
"TCGA-READ","TCGA-AG-A01L","TCGA-AG-A01L-01A-01R-A002-07",-1161.25562601235,-110.690306298217,-1271.94593231057,0.913788818084413,0.8245,"CPE",0.8245
"TCGA-READ","TCGA-AG-A01N","TCGA-AG-A01N-01A-01R-A00A-07",-1008.11462471173,-345.314768236768,-1353.42939294849,0.918581702609664,0.7903,"CPE",0.7903
"TCGA-READ","TCGA-AG-A01W","TCGA-AG-A01W-01A-21R-A083-07",-1072.0610984462,288.755710523388,-783.305387922817,0.882329537289282,0.7413,"CPE",0.7413
"TCGA-READ","TCGA-AG-A01Y","TCGA-AG-A01Y-01A-41R-A083-07",-406.004043047353,515.195032866518,109.190989819166,0.81328818647173,0.7799,"CPE",0.7799
"TCGA-READ","TCGA-AG-A020","TCGA-AG-A020-01A-21R-A083-07",-1558.31204903391,-346.168383442581,-1904.48043247649,0.947512835262748,0.8277,"CPE",0.8277
"TCGA-READ","TCGA-AG-A023","TCGA-AG-A023-01A-01R-A00A-07",-117.607084283132,444.313680736901,326.706596453769,0.794298718694623,0.7602,"CPE",0.7602
"TCGA-READ","TCGA-AG-A025","TCGA-AG-A025-01A-01R-A00A-07",-672.993262262769,97.6782916643988,-575.314970598371,0.867551912737882,0.843,"CPE",0.843
"TCGA-READ","TCGA-AG-A026","TCGA-AG-A026-01A-01R-A00A-07",-771.165729392816,-432.232689753914,-1203.39841914673,0.909655558276853,0.888,"CPE",0.888
"TCGA-READ","TCGA-AG-A02G","TCGA-AG-A02G-01A-01R-A00A-07",-1433.02458240945,-29.6273328573787,-1462.65191526682,0.924799958139527,0.8229,"CPE",0.8229
"TCGA-READ","TCGA-AG-A02N","TCGA-AG-A02N-01A-11R-A083-07",-1299.31719222312,478.143362608442,-821.17382961468,0.884931970741703,0.7019,"CPE",0.7019
"TCGA-READ","TCGA-AG-A02X","TCGA-AG-A02X-01A-01R-A00A-07",-1324.55845718426,-184.728701530259,-1509.28715871452,0.927382670174748,0.923,"CPE",0.923
"TCGA-READ","TCGA-AG-A032","TCGA-AG-A032-01A-01R-A00A-07",-911.161083905332,102.511454143673,-808.64962976166,0.884074292205874,0.7819,"CPE",0.7819
"TCGA-READ","TCGA-AG-A036","TCGA-AG-A036-01A-12R-A083-07",-530.688563954677,246.104011607684,-284.584552346993,0.84554377745054,0.7801,"CPE",0.7801
"TCGA-READ","TCGA-AH-6544","TCGA-AH-6544-01A-11R-1830-07",-1571.91281070681,-534.151230512509,-2106.06404121932,0.956557166147703,0.8927,"CPE",0.8927
"TCGA-READ","TCGA-AH-6547","TCGA-AH-6547-01A-11R-1830-07",603.627418115798,1843.22898942392,2446.85640753972,0.570109382715757,0.6476,"CPE",0.6476
"TCGA-READ","TCGA-AH-6549","TCGA-AH-6549-01A-11R-1830-07",-99.5605141489746,204.689328394918,105.128814245943,0.813634994145532,0.7466,"CPE",0.7466
"TCGA-READ","TCGA-AH-6643","TCGA-AH-6643-01A-11R-1830-07",-603.775661273011,108.042418903668,-495.733242369343,0.861683010249192,0.8053,"CPE",0.8053
"TCGA-READ","TCGA-AH-6644","TCGA-AH-6644-01A-21R-1830-07",374.399449488221,558.886637110136,933.286086598358,0.737130148006061,0.7507,"CPE",0.7507
"TCGA-READ","TCGA-AH-6897","TCGA-AH-6897-01A-11R-1928-07",-1200.17309173599,-315.1108242369,-1515.28391597289,0.92771162645317,0.8706,"CPE",0.8706
"TCGA-READ","TCGA-AH-6903","TCGA-AH-6903-01A-11R-1928-07",-1318.05940856985,-148.161871513688,-1466.22128008354,0.924999166633743,0.7982,"CPE",0.7982
"TCGA-READ","TCGA-BM-6198","TCGA-BM-6198-01A-11R-1736-07",92.4423102710762,1251.17909116592,1343.621401437,0.69511588705137,0.7307,"CPE",0.7307
"TCGA-READ","TCGA-CI-6619","TCGA-CI-6619-01B-11R-1830-07",-434.85889574518,621.13078673124,186.27189098606,0.806652753931332,0.6651,"CPE",0.6651
"TCGA-READ","TCGA-CI-6620","TCGA-CI-6620-01A-11R-1830-07",-325.632271526567,101.397766617884,-224.234504908683,0.840780954992003,0.6276,"CPE",0.6276
"TCGA-READ","TCGA-CI-6621","TCGA-CI-6621-01A-11R-1830-07",64.5007086457076,908.04031182812,972.541020473828,0.733224141998713,0.767,"CPE",0.767
"TCGA-READ","TCGA-CI-6622","TCGA-CI-6622-01A-11R-1830-07",-1002.7994963114,-160.652772447944,-1163.45226875935,0.907204396314001,0.8081,"CPE",0.8081
"TCGA-READ","TCGA-CI-6623","TCGA-CI-6623-01B-11R-1830-07",-576.876866596025,360.978178391697,-215.898688204328,0.840117898091422,0.7622,"CPE",0.7622
"TCGA-READ","TCGA-CI-6624","TCGA-CI-6624-01C-11R-1830-07",190.335130789859,892.22354520734,1082.5586759972,0.722147683690816,0.671,"CPE",0.671
"TCGA-READ","TCGA-CL-4957","TCGA-CL-4957-01A-01R-1736-07",-700.525436476941,-173.462261661085,-873.987698138026,0.888515821792157,0.755,"CPE",0.755
"TCGA-READ","TCGA-CL-5917","TCGA-CL-5917-01A-11R-1660-07",-640.361780853769,-342.505661824746,-982.867442678515,0.895735440260596,0.912,"CPE",0.912
"TCGA-READ","TCGA-CL-5918","TCGA-CL-5918-01A-11R-1660-07",-1274.6513943774,149.175703975036,-1125.47569040236,0.904845166655109,0.7724,"CPE",0.7724
"TCGA-READ","TCGA-DC-4745","TCGA-DC-4745-01A-01R-A32Z-07",-404.392597691693,321.132508620805,-83.2600890708878,0.829398838794472,0.9214,"CPE",0.9214
"TCGA-READ","TCGA-DC-4749","TCGA-DC-4749-01A-01R-1736-07",-886.8332404938,-81.2723052311365,-968.105545724936,0.894769972535653,0.8232,"CPE",0.8232
"TCGA-READ","TCGA-DC-5337","TCGA-DC-5337-01A-01R-1660-07",-663.063824719165,656.73325793053,-6.33056678863522,0.823037536017912,0.6626,"CPE",0.6626
"TCGA-READ","TCGA-DC-5869","TCGA-DC-5869-01A-01R-1660-07",-226.38890948768,126.339801693533,-100.049107794147,0.830773091438966,0.79,"CPE",0.79
"TCGA-READ","TCGA-DC-6154","TCGA-DC-6154-01A-31R-1928-07",-671.24524500358,41.8260068312093,-629.41923817237,0.871474378376687,0.8418,"CPE",0.8418
"TCGA-READ","TCGA-DC-6155","TCGA-DC-6155-01A-11R-1660-07",-602.216783686029,531.068252009593,-71.1485316764359,0.828404328100563,0.7694,"CPE",0.7694
"TCGA-READ","TCGA-DC-6156","TCGA-DC-6156-01A-11R-1660-07",1107.04061499983,1604.07849131933,2711.11910631916,0.53781927347503,0.6393,"CPE",0.6393
"TCGA-READ","TCGA-DC-6157","TCGA-DC-6157-01A-11R-1660-07",-609.853001043878,10.0136424353697,-599.839358608509,0.869336683479802,0.8179,"CPE",0.8179
"TCGA-READ","TCGA-DC-6158","TCGA-DC-6158-01A-11R-1660-07",853.369881844465,1091.80303382268,1945.17291566714,0.629010956819189,0.7114,"CPE",0.7114
"TCGA-READ","TCGA-DC-6160","TCGA-DC-6160-01A-11R-1660-07",-857.044726685128,630.739963899849,-226.30476278528,0.840945434668602,0.706,"CPE",0.706
"TCGA-READ","TCGA-DC-6681","TCGA-DC-6681-01A-11R-A32Z-07",106.727761718957,276.050880521082,382.778642240039,0.789271478958848,0.7892,"CPE",0.7892
"TCGA-READ","TCGA-DC-6682","TCGA-DC-6682-01A-11R-1830-07",-1060.82325572035,-60.1113303454818,-1120.93458606583,0.904561174738843,0.7235,"CPE",0.7235
"TCGA-READ","TCGA-DC-6683","TCGA-DC-6683-01A-11R-1830-07",-319.684555959304,126.372047778697,-193.312508180607,0.838315004360916,0.7454,"CPE",0.7454
"TCGA-READ","TCGA-DT-5265","TCGA-DT-5265-01A-21R-1830-07",432.134136435554,722.656818659945,1154.7909550955,0.714772818022648,0.6843,"CPE",0.6843
"TCGA-READ","TCGA-DY-A0XA","TCGA-DY-A0XA-01A-11R-A155-07",-822.645498178172,-145.445530957094,-968.091029135266,0.894769021043187,0.9016,"CPE",0.9016
"TCGA-READ","TCGA-DY-A1DC","TCGA-DY-A1DC-01A-31R-A155-07",-340.433218492844,222.125630511752,-118.307587981092,0.832261898085737,0.8521,"CPE",0.8521
"TCGA-READ","TCGA-DY-A1DD","TCGA-DY-A1DD-01A-21R-A155-07",-966.669762086766,-336.100018013303,-1302.76978010007,0.91561729706111,0.8947,"CPE",0.8947
"TCGA-READ","TCGA-DY-A1DE","TCGA-DY-A1DE-01A-11R-A155-07",-421.249671025718,399.992219476534,-21.257451549184,0.824280071973144,0.8635,"CPE",0.8635
"TCGA-READ","TCGA-DY-A1DF","TCGA-DY-A1DF-01A-11R-A155-07",-711.851079540808,-323.855421254789,-1035.7065007956,0.899156754910965,0.8434,"CPE",0.8434
"TCGA-READ","TCGA-DY-A1DG","TCGA-DY-A1DG-01A-11R-A32Y-07",-1672.15264764799,-378.147735067139,-2050.30038271513,0.954138719462862,0.9231,"CPE",0.9231
"TCGA-READ","TCGA-DY-A1H8","TCGA-DY-A1H8-01A-21R-A155-07",-1809.85619026523,-412.226875891034,-2222.08306615627,0.96138329516906,0.9599,"CPE",0.9599
"TCGA-READ","TCGA-EF-5830","TCGA-EF-5830-01A-01R-1660-07",-939.228529078736,164.159421920371,-775.069107158365,0.881759902851591,0.8618,"CPE",0.8618
"TCGA-READ","TCGA-EF-5831","TCGA-EF-5831-01A-01R-1660-07",-57.8620122123425,260.390954485691,202.528942273349,0.805240066417848,0.8015,"CPE",0.8015
"TCGA-READ","TCGA-EI-6506","TCGA-EI-6506-01A-11R-1736-07",-538.482559689629,760.939306301592,222.456746611963,0.803502147095072,0.7854,"CPE",0.7854
"TCGA-READ","TCGA-EI-6507","TCGA-EI-6507-01A-11R-1736-07",212.595676788312,1271.47987862445,1484.07555541277,0.6801476654465,0.6937,"CPE",0.6937
"TCGA-READ","TCGA-EI-6508","TCGA-EI-6508-01A-11R-1736-07",-689.583678178083,-139.435420263698,-829.019098441781,0.885467704766516,0.84,"CPE",0.84
"TCGA-READ","TCGA-EI-6509","TCGA-EI-6509-01A-11R-1736-07",-466.291242256422,-193.544950679058,-659.836192935479,0.873655433374313,0.8243,"CPE",0.8243
"TCGA-READ","TCGA-EI-6510","TCGA-EI-6510-01A-11R-1736-07",-1578.52448881647,148.290587353092,-1430.23390146337,0.922979071653793,0.8198,"CPE",0.8198
"TCGA-READ","TCGA-EI-6511","TCGA-EI-6511-01A-11R-1736-07",311.155948304606,1670.71181407435,1981.86776237896,0.624814501396121,0.6855,"CPE",0.6855
"TCGA-READ","TCGA-EI-6512","TCGA-EI-6512-01A-11R-1736-07",-705.245903463067,343.673178949724,-361.572724513343,0.851523313692292,0.7758,"CPE",0.7758
"TCGA-READ","TCGA-EI-6513","TCGA-EI-6513-01A-21R-1736-07",-515.704606935439,221.666526065122,-294.038080870317,0.846283847693481,0.8312,"CPE",0.8312
"TCGA-READ","TCGA-EI-6514","TCGA-EI-6514-01A-11R-1736-07",-115.875000664385,210.552211413163,94.6772107487782,0.814525968363468,0.8508,"CPE",0.8508
"TCGA-READ","TCGA-EI-6881","TCGA-EI-6881-01A-11R-A32Z-07",-1021.67799551002,224.326999418436,-797.350996091582,0.883297978782073,0.8096,"CPE",0.8096
"TCGA-READ","TCGA-EI-6882","TCGA-EI-6882-01A-11R-1928-07",-647.12074661814,454.474112571058,-192.646634047082,0.838261712444103,0.8348,"CPE",0.8348
"TCGA-READ","TCGA-EI-6883","TCGA-EI-6883-01A-31R-1928-07",-790.154967224361,391.008278762793,-399.146688461568,0.854402175566334,0.9098,"CPE",0.9098
"TCGA-READ","TCGA-EI-6884","TCGA-EI-6884-01A-11R-1928-07",46.2648712953788,909.239149411516,955.504020706895,0.734922382007834,0.7657,"CPE",0.7657
"TCGA-READ","TCGA-EI-6885","TCGA-EI-6885-01A-11R-1928-07",265.098748539723,751.328289040079,1016.4270375798,0.72882851034752,0.8017,"CPE",0.8017
"TCGA-READ","TCGA-EI-6917","TCGA-EI-6917-01A-11R-1928-07",589.417343680864,1588.51104975641,2177.92839343728,0.602088662287462,0.6583,"CPE",0.6583
"TCGA-READ","TCGA-EI-7002","TCGA-EI-7002-01A-11R-1928-07",-78.623823238207,286.58957750919,207.965754270983,0.804766600660616,0.8802,"CPE",0.8802
"TCGA-READ","TCGA-EI-7004","TCGA-EI-7004-01A-11R-1928-07",1693.93337096336,1231.18953138813,2925.12290235149,0.511075011888362,0.671,"CPE",0.671
"TCGA-READ","TCGA-F5-6464","TCGA-F5-6464-01A-11R-1736-07",1230.98981199098,1425.42703031387,2656.41684230485,0.544571347345032,0.6395,"CPE",0.6395
"TCGA-READ","TCGA-F5-6465","TCGA-F5-6465-01A-11R-1736-07",820.34900460235,1315.72175055912,2136.07075516147,0.606982988094898,0.6491,"CPE",0.6491
"TCGA-READ","TCGA-F5-6571","TCGA-F5-6571-01A-12R-1830-07",503.164273531481,1208.59931929331,1711.76359282479,0.655271580225685,0.7717,"CPE",0.7717
"TCGA-READ","TCGA-F5-6702","TCGA-F5-6702-01A-11R-1830-07",1309.79081966096,872.559836450934,2182.35065611189,0.601570245621989,0.629,"CPE",0.629
"TCGA-READ","TCGA-F5-6811","TCGA-F5-6811-01A-11R-1830-07",604.748147341296,646.320158374861,1251.06830571616,0.704818181664162,0.746,"CPE",0.746
"TCGA-READ","TCGA-F5-6812","TCGA-F5-6812-01A-11R-1830-07",589.657104395483,980.746059907362,1570.40316430285,0.670803858175707,0.713,"CPE",0.713
"TCGA-READ","TCGA-F5-6813","TCGA-F5-6813-01A-11R-1830-07",-17.3893697909012,676.03543696135,658.646067170449,0.76376604961599,0.7948,"CPE",0.7948
"TCGA-READ","TCGA-F5-6814","TCGA-F5-6814-01A-31R-1928-07",-355.509834440876,645.385969778607,289.876135337731,0.797571560834171,0.7964,"CPE",0.7964
"TCGA-READ","TCGA-F5-6861","TCGA-F5-6861-01A-11R-1928-07",-699.956354096838,12.5034421986797,-687.452911898158,0.875620612952846,0.769,"CPE",0.769
"TCGA-READ","TCGA-F5-6863","TCGA-F5-6863-01A-11R-1928-07",-702.20990913187,-546.036236593303,-1248.24614572517,0.912370217175642,0.9037,"CPE",0.9037
"TCGA-READ","TCGA-F5-6864","TCGA-F5-6864-01A-11R-1928-07",597.431781971221,632.533414541861,1229.96519651308,0.707012261808237,0.7629,"CPE",0.7629
"TCGA-READ","TCGA-G5-6233","TCGA-G5-6233-01A-11R-1736-07",-587.703483309413,235.187282605713,-352.516200703699,0.850825538637609,0.7974,"CPE",0.7974
"TCGA-READ","TCGA-G5-6235","TCGA-G5-6235-01A-11R-1736-07",-1657.93427233798,-261.708031823053,-1919.64230416103,0.948222047635935,0.7823,"CPE",0.7823
"TCGA-READ","TCGA-G5-6572","TCGA-G5-6572-01A-11R-1830-07",183.300404707525,-162.097924034789,21.2024806727365,0.820735282973191,0.8659,"CPE",0.8659
"TCGA-READ","TCGA-G5-6641","TCGA-G5-6641-01A-11R-A32Z-07",-1911.99964613294,-623.896335855815,-2535.89598198875,0.973036447584507,0.8374,"CPE",0.8374
"TCGA-STAD","TCGA-3M-AB46","TCGA-3M-AB46-01A-11R-A414-31",-120.929883556957,240.893738736984,119.963855180027,0.812367054631328,NA,"ESTIMATE",0.812367054631328
"TCGA-STAD","TCGA-B7-5816","TCGA-B7-5816-01A-21R-1602-13",1473.37791991529,1887.00380097596,3360.38172089125,0.455153028389839,NA,"ESTIMATE",0.455153028389839
"TCGA-STAD","TCGA-B7-5818","TCGA-B7-5818-01A-11R-1602-13",59.5717526627445,1765.29193409985,1824.8636867626,0.642640979611436,NA,"ESTIMATE",0.642640979611436
"TCGA-STAD","TCGA-B7-A5TI","TCGA-B7-A5TI-01A-11R-A31P-31",544.400097872468,746.001786108102,1290.40188398057,0.700710653910916,NA,"ESTIMATE",0.700710653910916
"TCGA-STAD","TCGA-B7-A5TJ","TCGA-B7-A5TJ-01A-11R-A31P-31",-329.847556479882,193.623741928866,-136.223814551017,0.833716986060398,NA,"ESTIMATE",0.833716986060398
"TCGA-STAD","TCGA-B7-A5TK","TCGA-B7-A5TK-01A-12R-A36D-31",1137.67925150784,2433.95304037446,3571.63229188229,0.427327698187873,NA,"ESTIMATE",0.427327698187873
"TCGA-STAD","TCGA-B7-A5TN","TCGA-B7-A5TN-01A-21R-A31P-31",677.072068221138,664.483532183443,1341.55560040458,0.695333850485261,NA,"ESTIMATE",0.695333850485261
"TCGA-STAD","TCGA-BR-4187","TCGA-BR-4187-01A-01R-1131-13",2144.39445485115,2185.73654249106,4330.13099734221,0.324228563869142,NA,"ESTIMATE",0.324228563869142
"TCGA-STAD","TCGA-BR-4191","TCGA-BR-4191-01A-02R-1131-13",1145.24154280385,2317.04085403194,3462.28239683578,0.441783952594243,NA,"ESTIMATE",0.441783952594243
"TCGA-STAD","TCGA-BR-4201","TCGA-BR-4201-01A-01R-1131-13",1549.36269776182,1762.61743696345,3311.98013472526,0.461467687847888,NA,"ESTIMATE",0.461467687847888
"TCGA-STAD","TCGA-BR-4253","TCGA-BR-4253-01A-01R-1131-13",665.241767154796,2855.69366762659,3520.93543478139,0.434043830386583,NA,"ESTIMATE",0.434043830386583
"TCGA-STAD","TCGA-BR-4255","TCGA-BR-4255-01A-01R-1131-13",1509.68730661505,1505.64374949857,3015.33105611362,0.499648983273516,NA,"ESTIMATE",0.499648983273516
"TCGA-STAD","TCGA-BR-4256","TCGA-BR-4256-01A-01R-1131-13",1790.71382365131,2472.97869644428,4263.69252009559,0.333438560459369,NA,"ESTIMATE",0.333438560459369
"TCGA-STAD","TCGA-BR-4257","TCGA-BR-4257-01A-01R-1131-13",985.816370349074,1734.82041688285,2720.63678723193,0.536640922158854,NA,"ESTIMATE",0.536640922158854
"TCGA-STAD","TCGA-BR-4267","TCGA-BR-4267-01A-01R-1131-13",14.9604934683061,974.71063582666,989.671129294967,0.731511997576158,NA,"ESTIMATE",0.731511997576158
"TCGA-STAD","TCGA-BR-4279","TCGA-BR-4279-01A-01R-1131-13",2104.67531960262,2135.31483875335,4239.99015835597,0.336716657392945,NA,"ESTIMATE",0.336716657392945
"TCGA-STAD","TCGA-BR-4280","TCGA-BR-4280-01A-01R-1131-13",-285.751162964449,1253.96822769439,968.217064729945,0.733655586496282,NA,"ESTIMATE",0.733655586496282
"TCGA-STAD","TCGA-BR-4292","TCGA-BR-4292-01A-01R-1131-13",-184.708204559843,1462.17194024129,1277.46373568145,0.702064343902049,NA,"ESTIMATE",0.702064343902049
"TCGA-STAD","TCGA-BR-4294","TCGA-BR-4294-01A-01R-1131-13",-570.65410769497,-23.3214314955821,-593.975539190552,0.868910965962897,NA,"ESTIMATE",0.868910965962897
"TCGA-STAD","TCGA-BR-4357","TCGA-BR-4357-01A-01R-1157-13",845.828877201309,1983.59908274751,2829.42795994882,0.5230980184033,NA,"ESTIMATE",0.5230980184033
"TCGA-STAD","TCGA-BR-4361","TCGA-BR-4361-01A-01R-1157-13",1177.99965838413,1619.12177840425,2797.12143678837,0.527133787629461,NA,"ESTIMATE",0.527133787629461
"TCGA-STAD","TCGA-BR-4363","TCGA-BR-4363-01A-01R-1157-13",965.831857530698,1690.15587988193,2655.98773741263,0.544624174896725,NA,"ESTIMATE",0.544624174896725
"TCGA-STAD","TCGA-BR-4366","TCGA-BR-4366-01A-01R-1157-13",196.781297220324,667.806480000492,864.587777220815,0.743906902412475,NA,"ESTIMATE",0.743906902412475
"TCGA-STAD","TCGA-BR-4367","TCGA-BR-4367-01A-01R-1157-13",1275.32121160052,1912.24949120636,3187.57070280688,0.477590979319065,NA,"ESTIMATE",0.477590979319065
"TCGA-STAD","TCGA-BR-4368","TCGA-BR-4368-01A-01R-1157-13",778.40694970443,1717.0149727321,2495.42192243653,0.564238101538714,NA,"ESTIMATE",0.564238101538714
"TCGA-STAD","TCGA-BR-4369","TCGA-BR-4369-01A-01R-1157-13",452.355686512095,1160.4818187622,1612.83750527429,0.666171328836723,NA,"ESTIMATE",0.666171328836723
"TCGA-STAD","TCGA-BR-4370","TCGA-BR-4370-01A-01R-1157-13",1408.18108622109,1839.57932184133,3247.76040806242,0.46981003321298,NA,"ESTIMATE",0.46981003321298
"TCGA-STAD","TCGA-BR-4371","TCGA-BR-4371-01A-01R-1157-13",-691.561513396149,797.347292527358,105.785779131209,0.813578925466338,NA,"ESTIMATE",0.813578925466338
"TCGA-STAD","TCGA-BR-6452","TCGA-BR-6452-01A-12R-1802-13",295.341904088001,1305.22277848561,1600.56468257361,0.667513809506016,NA,"ESTIMATE",0.667513809506016
"TCGA-STAD","TCGA-BR-6453","TCGA-BR-6453-01A-11R-1802-13",1066.20048456531,2692.21421250131,3758.41469706662,0.402382133052837,NA,"ESTIMATE",0.402382133052837
"TCGA-STAD","TCGA-BR-6454","TCGA-BR-6454-01A-11R-1802-13",128.81709640903,2034.32566576791,2163.14276217694,0.603820121070238,NA,"ESTIMATE",0.603820121070238
"TCGA-STAD","TCGA-BR-6455","TCGA-BR-6455-01A-11R-1802-13",386.046804992487,1417.58695349292,1803.63375848541,0.645025468451058,NA,"ESTIMATE",0.645025468451058
"TCGA-STAD","TCGA-BR-6456","TCGA-BR-6456-01A-11R-1802-13",1226.53503122961,1251.38628558991,2477.92131681952,0.566357140773716,NA,"ESTIMATE",0.566357140773716
"TCGA-STAD","TCGA-BR-6457","TCGA-BR-6457-01A-21R-1802-13",1554.66011570524,1630.4623911264,3185.12250683164,0.477906681756276,NA,"ESTIMATE",0.477906681756276
"TCGA-STAD","TCGA-BR-6458","TCGA-BR-6458-01A-11R-1802-13",999.820179992583,1773.86232108145,2773.68250107403,0.53005439220168,NA,"ESTIMATE",0.53005439220168
"TCGA-STAD","TCGA-BR-6563","TCGA-BR-6563-01A-13R-2055-13",1608.72321260089,2446.07640937644,4054.79962197733,0.362185553484582,NA,"ESTIMATE",0.362185553484582
"TCGA-STAD","TCGA-BR-6564","TCGA-BR-6564-01A-12R-1884-13",1344.25405095857,1421.31516764919,2765.56921860775,0.531063886287365,NA,"ESTIMATE",0.531063886287365
"TCGA-STAD","TCGA-BR-6565","TCGA-BR-6565-01A-11R-1802-13",667.153015982283,1537.42360503887,2204.57662102116,0.59896088770876,NA,"ESTIMATE",0.59896088770876
"TCGA-STAD","TCGA-BR-6566","TCGA-BR-6566-01A-11R-1802-13",790.012057524159,1713.1451387426,2503.15719626676,0.56330029800783,NA,"ESTIMATE",0.56330029800783
"TCGA-STAD","TCGA-BR-6705","TCGA-BR-6705-01A-12R-1884-13",1669.81578099853,1247.87314515445,2917.68892615298,0.512012651681312,NA,"ESTIMATE",0.512012651681312
"TCGA-STAD","TCGA-BR-6706","TCGA-BR-6706-01A-11R-1884-13",1315.74601493932,2425.13494373992,3740.88095867923,0.404736992728137,NA,"ESTIMATE",0.404736992728137
"TCGA-STAD","TCGA-BR-6707","TCGA-BR-6707-01A-11R-1884-13",270.050789484176,1903.17253937465,2173.22332885883,0.602639952920447,NA,"ESTIMATE",0.602639952920447
"TCGA-STAD","TCGA-BR-6709","TCGA-BR-6709-01A-11R-1884-13",1193.60624509652,2544.56315953374,3738.16940463027,0.405100927616655,NA,"ESTIMATE",0.405100927616655
"TCGA-STAD","TCGA-BR-6710","TCGA-BR-6710-01A-11R-1884-13",-186.596046866638,619.992300939443,433.396254072805,0.784687336765182,NA,"ESTIMATE",0.784687336765182
"TCGA-STAD","TCGA-BR-6801","TCGA-BR-6801-01A-11R-1884-13",321.94291562684,347.134469360954,669.077384987793,0.762776777814969,NA,"ESTIMATE",0.762776777814969
"TCGA-STAD","TCGA-BR-6802","TCGA-BR-6802-01A-11R-1884-13",173.05531465543,1744.11733061777,1917.1726452732,0.63220082353654,NA,"ESTIMATE",0.63220082353654
"TCGA-STAD","TCGA-BR-6803","TCGA-BR-6803-01A-11R-1884-13",1256.44395128995,1627.58501466398,2884.02896595393,0.516250501506326,NA,"ESTIMATE",0.516250501506326
"TCGA-STAD","TCGA-BR-6852","TCGA-BR-6852-01A-11R-1884-13",852.094884568552,2372.81291469189,3224.90779926044,0.472768626205309,NA,"ESTIMATE",0.472768626205309
"TCGA-STAD","TCGA-BR-7196","TCGA-BR-7196-01A-11R-2055-13",1389.61589456214,1856.14635522844,3245.76224979059,0.470068934419537,NA,"ESTIMATE",0.470068934419537
"TCGA-STAD","TCGA-BR-7197","TCGA-BR-7197-01A-11R-2203-13",-197.447322024114,-196.273190809786,-393.7205128339,0.85398803359491,NA,"ESTIMATE",0.85398803359491
"TCGA-STAD","TCGA-BR-7703","TCGA-BR-7703-01A-11R-2055-13",-545.191700409731,905.503832270671,360.31213186094,0.791292193210915,NA,"ESTIMATE",0.791292193210915
"TCGA-STAD","TCGA-BR-7704","TCGA-BR-7704-01A-11R-2055-13",263.295107505256,2118.82079487606,2382.11590238132,0.577891017896041,NA,"ESTIMATE",0.577891017896041
"TCGA-STAD","TCGA-BR-7707","TCGA-BR-7707-01A-11R-2055-13",-46.589318605106,1036.09991923829,989.510600633183,0.731528063807887,NA,"ESTIMATE",0.731528063807887
"TCGA-STAD","TCGA-BR-7715","TCGA-BR-7715-01A-11R-2055-13",451.65019139197,124.856221510648,576.506412902618,0.771493152395775,NA,"ESTIMATE",0.771493152395775
"TCGA-STAD","TCGA-BR-7716","TCGA-BR-7716-01A-21R-2055-13",452.809499279452,1848.07155589123,2300.88105517068,0.58758131732859,NA,"ESTIMATE",0.58758131732859
"TCGA-STAD","TCGA-BR-7717","TCGA-BR-7717-01A-11R-2055-13",318.288480010493,711.605976714713,1029.89445672521,0.727473537786587,NA,"ESTIMATE",0.727473537786587
"TCGA-STAD","TCGA-BR-7722","TCGA-BR-7722-01A-31R-2203-13",224.905833777458,925.184510840732,1150.09034461819,0.715255200537191,NA,"ESTIMATE",0.715255200537191
"TCGA-STAD","TCGA-BR-7723","TCGA-BR-7723-01A-11R-2055-13",195.245195391399,930.426223567041,1125.67141895844,0.717755616702646,NA,"ESTIMATE",0.717755616702646
"TCGA-STAD","TCGA-BR-7901","TCGA-BR-7901-01A-11R-2203-13",1062.1754306569,1330.53139072026,2392.70682137716,0.576621569697728,NA,"ESTIMATE",0.576621569697728
"TCGA-STAD","TCGA-BR-7957","TCGA-BR-7957-01A-11R-2203-13",1430.63358983691,776.066161607299,2206.69975144421,0.598711295339217,NA,"ESTIMATE",0.598711295339217
"TCGA-STAD","TCGA-BR-7958","TCGA-BR-7958-01A-21R-2343-13",917.862862510838,2508.38492876699,3426.24779127783,0.446523040306177,NA,"ESTIMATE",0.446523040306177
"TCGA-STAD","TCGA-BR-7959","TCGA-BR-7959-01A-11R-2343-13",1245.89736671796,822.779281171,2068.67664788896,0.614815012940752,NA,"ESTIMATE",0.614815012940752
"TCGA-STAD","TCGA-BR-8058","TCGA-BR-8058-01A-31R-2343-13",1437.37485171225,2385.20756067718,3822.58241238943,0.393741512502953,NA,"ESTIMATE",0.393741512502953
"TCGA-STAD","TCGA-BR-8059","TCGA-BR-8059-01A-11R-2343-13",815.030192272004,336.093152208694,1151.1233444807,0.715149221988187,NA,"ESTIMATE",0.715149221988187
"TCGA-STAD","TCGA-BR-8060","TCGA-BR-8060-01A-11R-2343-13",1004.01327654881,1282.44680451805,2286.46008106686,0.58929286597499,NA,"ESTIMATE",0.58929286597499
"TCGA-STAD","TCGA-BR-8077","TCGA-BR-8077-01A-11R-2343-13",277.146984113468,1659.19365205465,1936.34063616812,0.630018303856737,NA,"ESTIMATE",0.630018303856737
"TCGA-STAD","TCGA-BR-8078","TCGA-BR-8078-01A-11R-2343-13",684.362609759715,1864.97539740266,2549.33800716238,0.557686393709006,NA,"ESTIMATE",0.557686393709006
"TCGA-STAD","TCGA-BR-8080","TCGA-BR-8080-01A-11R-2343-13",1526.89021299187,1796.440948243,3323.33116123487,0.459988867811981,NA,"ESTIMATE",0.459988867811981
"TCGA-STAD","TCGA-BR-8081","TCGA-BR-8081-01A-11R-2343-13",1171.55991436498,2301.21507434013,3472.77498870511,0.440401690927391,NA,"ESTIMATE",0.440401690927391
"TCGA-STAD","TCGA-BR-8284","TCGA-BR-8284-01A-11R-2343-13",1132.70502650144,2031.04484189631,3163.74986839775,0.480660123805998,NA,"ESTIMATE",0.480660123805998
"TCGA-STAD","TCGA-BR-8286","TCGA-BR-8286-01A-12R-2343-13",442.144222470154,1032.63833704438,1474.78255951454,0.681147023056937,NA,"ESTIMATE",0.681147023056937
"TCGA-STAD","TCGA-BR-8289","TCGA-BR-8289-01A-11R-2343-13",441.407641880492,443.136857274011,884.544499154503,0.74194603410057,NA,"ESTIMATE",0.74194603410057
"TCGA-STAD","TCGA-BR-8291","TCGA-BR-8291-01A-11R-2343-13",1779.89197625435,1879.37487961184,3659.26685586619,0.415662599285961,NA,"ESTIMATE",0.415662599285961
"TCGA-STAD","TCGA-BR-8295","TCGA-BR-8295-01A-11R-2343-13",-1044.37451996855,-990.045764468571,-2034.42028443712,0.953438304193729,NA,"ESTIMATE",0.953438304193729
"TCGA-STAD","TCGA-BR-8296","TCGA-BR-8296-01A-11R-2343-13",281.610284091114,1935.18274715953,2216.79303125065,0.597523947966638,NA,"ESTIMATE",0.597523947966638
"TCGA-STAD","TCGA-BR-8297","TCGA-BR-8297-01A-12R-2343-13",727.249980593754,749.050835547848,1476.3008161416,0.68098383813609,NA,"ESTIMATE",0.68098383813609
"TCGA-STAD","TCGA-BR-8361","TCGA-BR-8361-01A-11R-2343-13",-246.154419787194,1184.87931032334,938.724890536143,0.736590425251037,NA,"ESTIMATE",0.736590425251037
"TCGA-STAD","TCGA-BR-8362","TCGA-BR-8362-01A-11R-2343-13",889.596856314469,1340.27546852419,2229.87232483866,0.595983382981319,NA,"ESTIMATE",0.595983382981319
"TCGA-STAD","TCGA-BR-8363","TCGA-BR-8363-01A-11R-2343-13",630.932515068525,2188.01705707543,2818.94957214395,0.524408284424793,NA,"ESTIMATE",0.524408284424793
"TCGA-STAD","TCGA-BR-8364","TCGA-BR-8364-01A-11R-2343-13",1700.97305534289,1571.42409526916,3272.39715061205,0.466614538063131,NA,"ESTIMATE",0.466614538063131
"TCGA-STAD","TCGA-BR-8365","TCGA-BR-8365-01A-21R-2343-13",1443.14517223691,1387.04643000978,2830.19160224669,0.523002480624268,NA,"ESTIMATE",0.523002480624268
"TCGA-STAD","TCGA-BR-8366","TCGA-BR-8366-01A-11R-2343-13",1278.51112391168,2570.39737057054,3848.90849448222,0.390186376577374,NA,"ESTIMATE",0.390186376577374
"TCGA-STAD","TCGA-BR-8367","TCGA-BR-8367-01A-11R-2343-13",935.869960552151,715.96228093622,1651.83224148837,0.661891505699647,NA,"ESTIMATE",0.661891505699647
"TCGA-STAD","TCGA-BR-8368","TCGA-BR-8368-01A-11R-2343-13",-733.340129628898,721.104637280008,-12.2354923488901,0.823529543459953,NA,"ESTIMATE",0.823529543459953
"TCGA-STAD","TCGA-BR-8369","TCGA-BR-8369-01A-11R-2343-13",218.708449120749,216.756193211967,435.464642332716,0.784499091916837,NA,"ESTIMATE",0.784499091916837
"TCGA-STAD","TCGA-BR-8371","TCGA-BR-8371-01A-11R-2343-13",696.851389139535,1411.23790985442,2108.08929899396,0.61024203337807,NA,"ESTIMATE",0.61024203337807
"TCGA-STAD","TCGA-BR-8372","TCGA-BR-8372-01A-11R-2343-13",149.472360054635,1875.42149883728,2024.89385889192,0.619870918396157,NA,"ESTIMATE",0.619870918396157
"TCGA-STAD","TCGA-BR-8373","TCGA-BR-8373-01A-11R-2343-13",613.633774245189,471.764541836149,1085.39831608134,0.721859286045499,NA,"ESTIMATE",0.721859286045499
"TCGA-STAD","TCGA-BR-8380","TCGA-BR-8380-01A-11R-2343-13",1024.88180372939,713.414756230939,1738.29655996033,0.652324563176506,NA,"ESTIMATE",0.652324563176506
"TCGA-STAD","TCGA-BR-8381","TCGA-BR-8381-01A-11R-2402-13",1104.66501458107,2342.50478925192,3447.16980383299,0.443772996357193,NA,"ESTIMATE",0.443772996357193
"TCGA-STAD","TCGA-BR-8382","TCGA-BR-8382-01A-11R-2402-13",665.060863204363,1511.25272554061,2176.31358874497,0.602277900723339,NA,"ESTIMATE",0.602277900723339
"TCGA-STAD","TCGA-BR-8384","TCGA-BR-8384-01A-21R-2402-13",1511.98138212543,1488.35087023682,3000.33225236225,0.501554901925321,NA,"ESTIMATE",0.501554901925321
"TCGA-STAD","TCGA-BR-8483","TCGA-BR-8483-01A-31R-2402-13",-527.392417381521,-276.708621300812,-804.101038682333,0.883762057144094,NA,"ESTIMATE",0.883762057144094
"TCGA-STAD","TCGA-BR-8484","TCGA-BR-8484-01A-11R-2402-13",679.136003808449,1889.36294529305,2568.4989491015,0.555349584088068,NA,"ESTIMATE",0.555349584088068
"TCGA-STAD","TCGA-BR-8485","TCGA-BR-8485-01A-11R-2402-13",519.047079363045,1167.56381600766,1686.61089537071,0.658056113819093,NA,"ESTIMATE",0.658056113819093
"TCGA-STAD","TCGA-BR-8486","TCGA-BR-8486-01A-31R-2402-13",477.748072520155,1301.68806633454,1779.43613885469,0.647735640400266,NA,"ESTIMATE",0.647735640400266
"TCGA-STAD","TCGA-BR-8487","TCGA-BR-8487-01A-11R-2402-13",-99.6869998353697,1134.76429517178,1035.07729533641,0.726951328560672,NA,"ESTIMATE",0.726951328560672
"TCGA-STAD","TCGA-BR-8588","TCGA-BR-8588-01A-11R-2402-13",1044.16108550928,1878.98042957177,2923.14151508105,0.511324981763953,NA,"ESTIMATE",0.511324981763953
"TCGA-STAD","TCGA-BR-8589","TCGA-BR-8589-01A-11R-2402-13",-354.325771457554,2168.67852222276,1814.35275076521,0.643822321352162,NA,"ESTIMATE",0.643822321352162
"TCGA-STAD","TCGA-BR-8590","TCGA-BR-8590-01A-11R-2402-13",1298.17940536676,1635.66825028455,2933.84765565131,0.509973791541688,NA,"ESTIMATE",0.509973791541688
"TCGA-STAD","TCGA-BR-8591","TCGA-BR-8591-01A-11R-2402-13",252.7806769387,1188.48706502351,1441.26774196221,0.684740624660177,NA,"ESTIMATE",0.684740624660177
"TCGA-STAD","TCGA-BR-8592","TCGA-BR-8592-01A-11R-2402-13",1389.11570532466,1515.79504108893,2904.91074641359,0.513622925085699,NA,"ESTIMATE",0.513622925085699
"TCGA-STAD","TCGA-BR-8676","TCGA-BR-8676-01A-11R-2402-13",-380.064477496697,1606.08295191923,1226.01847442253,0.707421848197743,NA,"ESTIMATE",0.707421848197743
"TCGA-STAD","TCGA-BR-8677","TCGA-BR-8677-01A-11R-2402-13",1255.27600685,1702.38458031576,2957.66058716577,0.50696392082653,NA,"ESTIMATE",0.50696392082653
"TCGA-STAD","TCGA-BR-8678","TCGA-BR-8678-01A-11R-2402-13",-136.704846765998,65.3032783172078,-71.40156844879,0.828425132382582,NA,"ESTIMATE",0.828425132382582
"TCGA-STAD","TCGA-BR-8679","TCGA-BR-8679-01A-11R-2402-13",445.010262272436,190.341131896507,635.351394168943,0.765968771688848,NA,"ESTIMATE",0.765968771688848
"TCGA-STAD","TCGA-BR-8680","TCGA-BR-8680-01A-11R-2402-13",-936.035243134686,-591.315489498784,-1527.35073263347,0.9283713812634,NA,"ESTIMATE",0.9283713812634
"TCGA-STAD","TCGA-BR-8682","TCGA-BR-8682-01A-11R-2402-13",997.386117968922,1156.43175014419,2153.81786811311,0.604910642827807,NA,"ESTIMATE",0.604910642827807
"TCGA-STAD","TCGA-BR-8683","TCGA-BR-8683-01A-11R-2402-13",708.452361727587,813.160623459311,1521.6129851869,0.676098073582201,NA,"ESTIMATE",0.676098073582201
"TCGA-STAD","TCGA-BR-8686","TCGA-BR-8686-01A-11R-2402-13",884.565287438259,2133.44765871338,3018.01294615164,0.499307936299906,NA,"ESTIMATE",0.499307936299906
"TCGA-STAD","TCGA-BR-8687","TCGA-BR-8687-01A-11R-2402-13",47.1926858247071,252.212312206484,299.404998031191,0.796727035034502,NA,"ESTIMATE",0.796727035034502
"TCGA-STAD","TCGA-BR-8690","TCGA-BR-8690-01A-11R-2402-13",712.75418073731,1955.47272142914,2668.22690216645,0.543116551229751,NA,"ESTIMATE",0.543116551229751
"TCGA-STAD","TCGA-BR-A44T","TCGA-BR-A44T-01A-32R-A24K-31",914.782423624189,2797.51675617873,3712.29917980292,0.408569899475618,NA,"ESTIMATE",0.408569899475618
"TCGA-STAD","TCGA-BR-A44U","TCGA-BR-A44U-01A-11R-A36D-31",185.153433197254,191.629756812604,376.783190009858,0.789811570903439,NA,"ESTIMATE",0.789811570903439
"TCGA-STAD","TCGA-BR-A452","TCGA-BR-A452-01A-91R-A251-31",-806.29942060503,-60.6018124457786,-866.901233050809,0.888038044595956,NA,"ESTIMATE",0.888038044595956
"TCGA-STAD","TCGA-BR-A453","TCGA-BR-A453-01A-11R-A24K-31",1502.46684405717,1137.32569739003,2639.79254144721,0.54661640080046,NA,"ESTIMATE",0.54661640080046
"TCGA-STAD","TCGA-BR-A4CR","TCGA-BR-A4CR-01A-11R-A24K-31",-933.884258297363,-678.269972571353,-1612.15423086872,0.932925744062895,NA,"ESTIMATE",0.932925744062895
"TCGA-STAD","TCGA-BR-A4CS","TCGA-BR-A4CS-01A-11R-A24K-31",347.044656134462,895.693527958389,1242.73818409285,0.705685069516057,NA,"ESTIMATE",0.705685069516057
"TCGA-STAD","TCGA-BR-A4IU","TCGA-BR-A4IU-01A-22R-A251-31",1205.33498584953,1703.86501186318,2909.19999771271,0.513082605848076,NA,"ESTIMATE",0.513082605848076
"TCGA-STAD","TCGA-BR-A4IV","TCGA-BR-A4IV-01A-31R-A251-31",1569.69395596297,854.815830435253,2424.50978639823,0.572801241052247,NA,"ESTIMATE",0.572801241052247
"TCGA-STAD","TCGA-BR-A4IY","TCGA-BR-A4IY-01A-11R-A251-31",1146.86435397653,1694.85763657297,2841.7219905495,0.521559138490485,NA,"ESTIMATE",0.521559138490485
"TCGA-STAD","TCGA-BR-A4IZ","TCGA-BR-A4IZ-01A-32R-A251-31",1981.37746384331,1750.08711530876,3731.46457915207,0.406000549159082,NA,"ESTIMATE",0.406000549159082
"TCGA-STAD","TCGA-BR-A4J1","TCGA-BR-A4J1-01A-11R-A251-31",-757.854133210903,-577.293214511385,-1335.14734772229,0.917517757027881,NA,"ESTIMATE",0.917517757027881
"TCGA-STAD","TCGA-BR-A4J2","TCGA-BR-A4J2-01A-21R-A251-31",1455.99524793362,2102.75833506247,3558.75358299609,0.42903607893689,NA,"ESTIMATE",0.42903607893689
"TCGA-STAD","TCGA-BR-A4J4","TCGA-BR-A4J4-01A-12R-A251-31",266.211176864875,1112.96283613638,1379.17401300126,0.691354719068078,NA,"ESTIMATE",0.691354719068078
"TCGA-STAD","TCGA-BR-A4J5","TCGA-BR-A4J5-01A-21R-A251-31",1326.69119294223,1297.40969619874,2624.10088914097,0.548543737638307,NA,"ESTIMATE",0.548543737638307
"TCGA-STAD","TCGA-BR-A4J6","TCGA-BR-A4J6-01A-11R-A251-31",80.6009514533806,440.62479765967,521.225749113051,0.776630484478953,NA,"ESTIMATE",0.776630484478953
"TCGA-STAD","TCGA-BR-A4J7","TCGA-BR-A4J7-01A-31R-A251-31",1252.923881223,2042.46119641329,3295.38507763629,0.46362739723093,NA,"ESTIMATE",0.46362739723093
"TCGA-STAD","TCGA-BR-A4J8","TCGA-BR-A4J8-01A-11R-A251-31",583.07355298167,655.546100106013,1238.61965308768,0.706113281533034,NA,"ESTIMATE",0.706113281533034
"TCGA-STAD","TCGA-BR-A4J9","TCGA-BR-A4J9-01A-12R-A251-31",875.390154432311,1013.67316614738,1889.06332057969,0.635392371689856,NA,"ESTIMATE",0.635392371689856
"TCGA-STAD","TCGA-BR-A4PD","TCGA-BR-A4PD-01A-11R-A251-31",3.70056698342601,1386.83654183833,1390.53710882176,0.690148623252248,NA,"ESTIMATE",0.690148623252248
"TCGA-STAD","TCGA-BR-A4PE","TCGA-BR-A4PE-01A-31R-A251-31",264.438299131728,1474.14501014539,1738.58330927711,0.652292659797832,NA,"ESTIMATE",0.652292659797832
"TCGA-STAD","TCGA-BR-A4PF","TCGA-BR-A4PF-01A-11R-A251-31",-58.335867093324,1558.72458432748,1500.38871723415,0.678390307933631,NA,"ESTIMATE",0.678390307933631
"TCGA-STAD","TCGA-BR-A4QI","TCGA-BR-A4QI-01A-12R-A251-31",-270.285067935691,598.445789227051,328.16072129136,0.79416902469228,NA,"ESTIMATE",0.79416902469228
"TCGA-STAD","TCGA-BR-A4QL","TCGA-BR-A4QL-01A-31R-A251-31",-667.823732205315,616.574413164297,-51.2493190410179,0.826764669786522,NA,"ESTIMATE",0.826764669786522
"TCGA-STAD","TCGA-BR-A4QM","TCGA-BR-A4QM-01A-12R-A251-31",163.800673923911,1767.28966473415,1931.09033865806,0.630616613742058,NA,"ESTIMATE",0.630616613742058
"TCGA-STAD","TCGA-CD-5798","TCGA-CD-5798-01A-11R-1602-13",1175.82572923147,1363.74691904326,2539.57264827473,0.558875650876928,NA,"ESTIMATE",0.558875650876928
"TCGA-STAD","TCGA-CD-5799","TCGA-CD-5799-01A-11R-1602-13",-12.7115945290201,364.533375633199,351.821781104179,0.792053604737139,NA,"ESTIMATE",0.792053604737139
"TCGA-STAD","TCGA-CD-5800","TCGA-CD-5800-01A-11R-1602-13",-507.351153070261,415.361755500773,-91.9893975694881,0.830113999039782,NA,"ESTIMATE",0.830113999039782
"TCGA-STAD","TCGA-CD-5801","TCGA-CD-5801-01A-11R-1602-13",256.120085492526,2191.75143865917,2447.87152415169,0.569986956603,NA,"ESTIMATE",0.569986956603
"TCGA-STAD","TCGA-CD-5803","TCGA-CD-5803-01A-11R-1602-13",1698.45864542129,2606.86462103738,4305.32326645867,0.327671176073831,NA,"ESTIMATE",0.327671176073831
"TCGA-STAD","TCGA-CD-5804","TCGA-CD-5804-01A-12R-2055-13",832.206308260368,1469.54484762266,2301.75115588303,0.587477965407478,NA,"ESTIMATE",0.587477965407478
"TCGA-STAD","TCGA-CD-5813","TCGA-CD-5813-01A-11R-1602-13",1804.92479434213,2382.87026136296,4187.79505570509,0.343920946308589,NA,"ESTIMATE",0.343920946308589
"TCGA-STAD","TCGA-CD-8524","TCGA-CD-8524-01A-11R-2343-13",682.765242581931,986.877285374705,1669.64252795664,0.6599295350508,NA,"ESTIMATE",0.6599295350508
"TCGA-STAD","TCGA-CD-8525","TCGA-CD-8525-01A-11R-2343-13",346.804128538278,1504.93167034665,1851.73579888493,0.639613829446172,NA,"ESTIMATE",0.639613829446172
"TCGA-STAD","TCGA-CD-8526","TCGA-CD-8526-01A-11R-2343-13",232.275443800188,857.562172034076,1089.83761583426,0.721408173545575,NA,"ESTIMATE",0.721408173545575
"TCGA-STAD","TCGA-CD-8527","TCGA-CD-8527-01A-11R-2343-13",-296.410764715857,677.074630993644,380.663866277787,0.789462055404075,NA,"ESTIMATE",0.789462055404075
"TCGA-STAD","TCGA-CD-8528","TCGA-CD-8528-01A-11R-2343-13",106.887474515448,567.060171279241,673.947645794689,0.762314285784903,NA,"ESTIMATE",0.762314285784903
"TCGA-STAD","TCGA-CD-8529","TCGA-CD-8529-01A-11R-2343-13",1273.58027080158,2227.8211092936,3501.40138009519,0.436625234893685,NA,"ESTIMATE",0.436625234893685
"TCGA-STAD","TCGA-CD-8530","TCGA-CD-8530-01A-11R-2343-13",1302.80160655171,1096.51616504549,2399.3177715972,0.57582846166719,NA,"ESTIMATE",0.57582846166719
"TCGA-STAD","TCGA-CD-8531","TCGA-CD-8531-01A-11R-2343-13",482.121865085534,2208.73557678952,2690.85744187505,0.540324301465036,NA,"ESTIMATE",0.540324301465036
"TCGA-STAD","TCGA-CD-8532","TCGA-CD-8532-01A-11R-2343-13",565.745710033367,2017.91372264654,2583.6594326799,0.55349754403205,NA,"ESTIMATE",0.55349754403205
"TCGA-STAD","TCGA-CD-8533","TCGA-CD-8533-01A-11R-2343-13",-341.484896162177,-604.889455967432,-946.374352129609,0.893341050713967,NA,"ESTIMATE",0.893341050713967
"TCGA-STAD","TCGA-CD-8534","TCGA-CD-8534-01A-11R-2343-13",142.62939667918,994.366891150352,1136.99628782953,0.716597132797134,NA,"ESTIMATE",0.716597132797134
"TCGA-STAD","TCGA-CD-8535","TCGA-CD-8535-01A-11R-2343-13",-586.045284344146,-371.897048107547,-957.942332451693,0.89410282887744,NA,"ESTIMATE",0.89410282887744
"TCGA-STAD","TCGA-CD-8536","TCGA-CD-8536-01A-11R-2343-13",534.617878162491,1141.87463603055,1676.49251419304,0.659173742888049,NA,"ESTIMATE",0.659173742888049
"TCGA-STAD","TCGA-CD-A486","TCGA-CD-A486-01A-11R-A24K-31",261.026586275126,866.534229635837,1127.56081591096,0.717562477532955,NA,"ESTIMATE",0.717562477532955
"TCGA-STAD","TCGA-CD-A487","TCGA-CD-A487-01A-21R-A24K-31",325.401977227139,492.547150535255,817.949127762394,0.748464509801718,NA,"ESTIMATE",0.748464509801718
"TCGA-STAD","TCGA-CD-A489","TCGA-CD-A489-01A-11R-A24K-31",873.586663258245,1345.60867677621,2219.19534003446,0.597241153228427,NA,"ESTIMATE",0.597241153228427
"TCGA-STAD","TCGA-CD-A48A","TCGA-CD-A48A-01A-12R-A36D-31",-259.958428003922,707.031372926975,447.072944923052,0.783441274295178,NA,"ESTIMATE",0.783441274295178
"TCGA-STAD","TCGA-CD-A48C","TCGA-CD-A48C-01A-11R-A24K-31",327.81003302512,797.61025965682,1125.42029268194,0.717781283340638,NA,"ESTIMATE",0.717781283340638
"TCGA-STAD","TCGA-CD-A4MG","TCGA-CD-A4MG-01A-11R-A251-31",596.798824958246,1216.71300563834,1813.51183059658,0.643916767606076,NA,"ESTIMATE",0.643916767606076
"TCGA-STAD","TCGA-CD-A4MH","TCGA-CD-A4MH-01A-11R-A251-31",-135.119634990358,557.829577201782,422.709942211423,0.785658749672778,NA,"ESTIMATE",0.785658749672778
"TCGA-STAD","TCGA-CD-A4MI","TCGA-CD-A4MI-01A-21R-A251-31",1431.81994133276,2432.61172922269,3864.43167055544,0.388087356211247,NA,"ESTIMATE",0.388087356211247
"TCGA-STAD","TCGA-CD-A4MJ","TCGA-CD-A4MJ-01A-11R-A251-31",-13.9145047412908,533.829767046991,519.9152623057,0.776751651210525,NA,"ESTIMATE",0.776751651210525
"TCGA-STAD","TCGA-CG-4301","TCGA-CG-4301-01A-01R-1157-13",985.118722291134,1348.48334750642,2333.60206979755,0.583688081710067,NA,"ESTIMATE",0.583688081710067
"TCGA-STAD","TCGA-CG-4305","TCGA-CG-4305-01A-01R-1157-13",950.592493350372,1959.26362277476,2909.85611612513,0.512999936326086,NA,"ESTIMATE",0.512999936326086
"TCGA-STAD","TCGA-CG-4306","TCGA-CG-4306-01A-01R-1157-13",611.729757956758,1499.62111586677,2111.35087382353,0.609862681515115,NA,"ESTIMATE",0.609862681515115
"TCGA-STAD","TCGA-CG-4436","TCGA-CG-4436-01A-01R-1157-13",-499.840875402841,1209.66709530752,709.826219904681,0.758895175911869,NA,"ESTIMATE",0.758895175911869
"TCGA-STAD","TCGA-CG-4437","TCGA-CG-4437-01A-01R-1802-13",696.473079631576,1883.25808753708,2579.73116716866,0.553977693593357,NA,"ESTIMATE",0.553977693593357
"TCGA-STAD","TCGA-CG-4438","TCGA-CG-4438-01A-01R-1157-13",219.795759513673,1701.78783761074,1921.58359712441,0.631699023254049,NA,"ESTIMATE",0.631699023254049
"TCGA-STAD","TCGA-CG-4440","TCGA-CG-4440-01A-01R-1157-13",-556.542079129398,705.28012973632,148.738050606922,0.80989676956351,NA,"ESTIMATE",0.80989676956351
"TCGA-STAD","TCGA-CG-4441","TCGA-CG-4441-01A-01R-1802-13",641.292430657673,1112.03198278327,1753.32441344094,0.65065102707262,NA,"ESTIMATE",0.65065102707262
"TCGA-STAD","TCGA-CG-4442","TCGA-CG-4442-01A-01R-1157-13",-147.571841701878,486.341634717404,338.769793015526,0.793221702544214,NA,"ESTIMATE",0.793221702544214
"TCGA-STAD","TCGA-CG-4443","TCGA-CG-4443-01A-01R-1157-13",-133.582645813733,-145.989643374566,-279.572289188299,0.845150731445249,NA,"ESTIMATE",0.845150731445249
"TCGA-STAD","TCGA-CG-4444","TCGA-CG-4444-01A-01R-1157-13",662.506240926092,1413.60641594316,2076.11265686925,0.613953796418539,NA,"ESTIMATE",0.613953796418539
"TCGA-STAD","TCGA-CG-4460","TCGA-CG-4460-01A-01R-1157-13",-232.038380722507,607.10608356171,375.067702839203,0.789965995631923,NA,"ESTIMATE",0.789965995631923
"TCGA-STAD","TCGA-CG-4462","TCGA-CG-4462-01A-01R-1157-13",2154.48200202121,2336.3741839059,4490.85618592711,0.301822311478252,NA,"ESTIMATE",0.301822311478252
"TCGA-STAD","TCGA-CG-4465","TCGA-CG-4465-01A-01R-1157-13",803.776342927352,1491.5245464891,2295.30088941645,0.588243910208437,NA,"ESTIMATE",0.588243910208437
"TCGA-STAD","TCGA-CG-4466","TCGA-CG-4466-01A-01R-1157-13",-877.598242841431,122.612010367779,-754.986232473652,0.880365537894786,NA,"ESTIMATE",0.880365537894786
"TCGA-STAD","TCGA-CG-4469","TCGA-CG-4469-01A-01R-1157-13",-81.7386159886668,1203.11683637493,1121.37822038627,0.718194273579182,NA,"ESTIMATE",0.718194273579182
"TCGA-STAD","TCGA-CG-4475","TCGA-CG-4475-01A-01R-1157-13",1017.48401884727,767.97641045685,1785.46042930412,0.647061672939458,NA,"ESTIMATE",0.647061672939458
"TCGA-STAD","TCGA-CG-4476","TCGA-CG-4476-01A-01R-1157-13",1356.42486880799,1809.90515539984,3166.33002420783,0.48032797227293,NA,"ESTIMATE",0.48032797227293
"TCGA-STAD","TCGA-CG-4477","TCGA-CG-4477-01A-01R-1157-13",657.780546863424,2067.34010347901,2725.12065034243,0.536085427393364,NA,"ESTIMATE",0.536085427393364
"TCGA-STAD","TCGA-CG-5716","TCGA-CG-5716-01A-21R-1802-13",-375.469173884029,1618.71202837527,1243.24285449124,0.705632580170183,NA,"ESTIMATE",0.705632580170183
"TCGA-STAD","TCGA-CG-5717","TCGA-CG-5717-01A-11R-1602-13",25.2915415262439,1489.92238834031,1515.21392986655,0.676789867620747,NA,"ESTIMATE",0.676789867620747
"TCGA-STAD","TCGA-CG-5718","TCGA-CG-5718-01A-11R-1602-13",118.310611395479,1501.3050739998,1619.61568539528,0.665428960640703,NA,"ESTIMATE",0.665428960640703
"TCGA-STAD","TCGA-CG-5719","TCGA-CG-5719-01A-11R-1602-13",1265.59591379997,1459.98995973326,2725.58587353323,0.536027778735485,NA,"ESTIMATE",0.536027778735485
"TCGA-STAD","TCGA-CG-5720","TCGA-CG-5720-01A-11R-1602-13",602.750028141524,1720.74037833811,2323.49040647964,0.5848926368176,NA,"ESTIMATE",0.5848926368176
"TCGA-STAD","TCGA-CG-5721","TCGA-CG-5721-01A-11R-1602-13",615.093410719298,2617.59871738779,3232.69212810709,0.471761430645804,NA,"ESTIMATE",0.471761430645804
"TCGA-STAD","TCGA-CG-5722","TCGA-CG-5722-01A-21R-1602-13",552.603150458188,2573.89341303948,3126.49656349767,0.485448150277141,NA,"ESTIMATE",0.485448150277141
"TCGA-STAD","TCGA-CG-5723","TCGA-CG-5723-01A-11R-1602-13",353.259697005237,1968.21829982392,2321.47799682916,0.585132212098809,NA,"ESTIMATE",0.585132212098809
"TCGA-STAD","TCGA-CG-5724","TCGA-CG-5724-01A-11R-1602-13",211.361491406706,1117.06517578244,1328.42666718914,0.696717593858689,NA,"ESTIMATE",0.696717593858689
"TCGA-STAD","TCGA-CG-5725","TCGA-CG-5725-01A-11R-1602-13",-775.847870911146,-353.74828096649,-1129.59615187764,0.905102504468143,NA,"ESTIMATE",0.905102504468143
"TCGA-STAD","TCGA-CG-5726","TCGA-CG-5726-01A-11R-1602-13",-1045.11052657295,152.258778762134,-892.851747810821,0.889782969208907,NA,"ESTIMATE",0.889782969208907
"TCGA-STAD","TCGA-CG-5732","TCGA-CG-5732-01A-11R-1602-13",-510.956631679282,1732.15566159783,1221.19902991855,0.707921682738979,NA,"ESTIMATE",0.707921682738979
"TCGA-STAD","TCGA-CG-5734","TCGA-CG-5734-01A-11R-1602-13",428.524593808297,2414.74902541287,2843.27361922117,0.521364795755155,NA,"ESTIMATE",0.521364795755155
"TCGA-STAD","TCGA-D7-5577","TCGA-D7-5577-01A-01R-1602-13",234.890972082028,2114.58448724648,2349.47545932851,0.581794566406888,NA,"ESTIMATE",0.581794566406888
"TCGA-STAD","TCGA-D7-5578","TCGA-D7-5578-01A-01R-1602-13",580.523405762599,1502.16307272613,2082.68647848873,0.613191826676183,NA,"ESTIMATE",0.613191826676183
"TCGA-STAD","TCGA-D7-6518","TCGA-D7-6518-01A-11R-1802-13",1566.00509956192,1502.70996963819,3068.71506920011,0.492845816625763,NA,"ESTIMATE",0.492845816625763
"TCGA-STAD","TCGA-D7-6519","TCGA-D7-6519-01A-11R-1802-13",-296.668145856001,468.394727818278,171.726581962276,0.807912803011386,NA,"ESTIMATE",0.807912803011386
"TCGA-STAD","TCGA-D7-6520","TCGA-D7-6520-01A-11R-1802-13",551.334361482425,663.000663413417,1214.33502489584,0.708632951184428,NA,"ESTIMATE",0.708632951184428
"TCGA-STAD","TCGA-D7-6521","TCGA-D7-6521-01A-11R-1802-13",1249.14270653794,1865.95013106763,3115.09283760557,0.486910932737017,NA,"ESTIMATE",0.486910932737017
"TCGA-STAD","TCGA-D7-6522","TCGA-D7-6522-01A-11R-1802-13",1971.34204212683,2981.50756460577,4952.8496067326,0.236525439028193,NA,"ESTIMATE",0.236525439028193
"TCGA-STAD","TCGA-D7-6524","TCGA-D7-6524-01A-11R-1802-13",1334.22221790492,1640.99788527593,2975.22010318085,0.504740489914509,NA,"ESTIMATE",0.504740489914509
"TCGA-STAD","TCGA-D7-6525","TCGA-D7-6525-01A-11R-1802-13",372.193597685626,772.369655968685,1144.56325365431,0.715821961892409,NA,"ESTIMATE",0.715821961892409
"TCGA-STAD","TCGA-D7-6526","TCGA-D7-6526-01A-11R-1802-13",-467.602602370318,211.417846138159,-256.184756232159,0.84331071002062,NA,"ESTIMATE",0.84331071002062
"TCGA-STAD","TCGA-D7-6527","TCGA-D7-6527-01A-11R-1802-13",53.400416939827,779.283293381869,832.683710321696,0.74702840207172,NA,"ESTIMATE",0.74702840207172
"TCGA-STAD","TCGA-D7-6528","TCGA-D7-6528-01A-11R-1802-13",-806.661316545112,99.549991816066,-707.111324729046,0.877010721900382,NA,"ESTIMATE",0.877010721900382
"TCGA-STAD","TCGA-D7-6815","TCGA-D7-6815-01A-11R-1884-13",183.704208714139,490.540517043215,674.244725757355,0.762286061725903,NA,"ESTIMATE",0.762286061725903
"TCGA-STAD","TCGA-D7-6817","TCGA-D7-6817-01A-11R-1884-13",-356.186183908352,969.073266018794,612.887082110442,0.768084493220904,NA,"ESTIMATE",0.768084493220904
"TCGA-STAD","TCGA-D7-6818","TCGA-D7-6818-01A-11R-1884-13",1278.73490023657,1565.94456975031,2844.67946998688,0.521188688465446,NA,"ESTIMATE",0.521188688465446
"TCGA-STAD","TCGA-D7-6820","TCGA-D7-6820-01A-11R-1884-13",-657.088815420001,722.290009008348,65.201193588347,0.817028393912331,NA,"ESTIMATE",0.817028393912331
"TCGA-STAD","TCGA-D7-6822","TCGA-D7-6822-01A-11R-1884-13",-343.481640986119,476.154828343844,132.673187357725,0.811277733771412,NA,"ESTIMATE",0.811277733771412
"TCGA-STAD","TCGA-D7-8570","TCGA-D7-8570-01A-11R-2343-13",963.962063792243,2670.87012760025,3634.8321913925,0.418922113028934,NA,"ESTIMATE",0.418922113028934
"TCGA-STAD","TCGA-D7-8572","TCGA-D7-8572-01A-11R-2343-13",1044.40836603902,1265.4058853911,2309.81425143013,0.586519762667084,NA,"ESTIMATE",0.586519762667084
"TCGA-STAD","TCGA-D7-8573","TCGA-D7-8573-01A-11R-2343-13",-796.122406394052,378.844507076157,-417.277899317896,0.855782070780626,NA,"ESTIMATE",0.855782070780626
"TCGA-STAD","TCGA-D7-8574","TCGA-D7-8574-01A-13R-2343-13",1660.22360708567,2728.86872045358,4389.09232753926,0.316029228506758,NA,"ESTIMATE",0.316029228506758
"TCGA-STAD","TCGA-D7-8575","TCGA-D7-8575-01A-11R-2343-13",-65.8997422039779,1440.73911987499,1374.83937767101,0.691814297054134,NA,"ESTIMATE",0.691814297054134
"TCGA-STAD","TCGA-D7-8576","TCGA-D7-8576-01A-11R-2343-13",127.349313861653,696.676301724821,824.025615586474,0.747872688084562,NA,"ESTIMATE",0.747872688084562
"TCGA-STAD","TCGA-D7-8578","TCGA-D7-8578-01A-21R-2343-13",1003.04821666417,897.909740994702,1900.95795765887,0.634043165171213,NA,"ESTIMATE",0.634043165171213
"TCGA-STAD","TCGA-D7-8579","TCGA-D7-8579-01A-11R-2343-13",1135.67272360232,1451.23867722163,2586.91140082394,0.553099918652701,NA,"ESTIMATE",0.553099918652701
"TCGA-STAD","TCGA-D7-A4YT","TCGA-D7-A4YT-01A-11R-A251-31",-474.88744629721,-21.5783173826012,-496.465763679811,0.861737568819539,NA,"ESTIMATE",0.861737568819539
"TCGA-STAD","TCGA-D7-A4YU","TCGA-D7-A4YU-01A-21R-A251-31",640.872607726876,2154.68650520642,2795.5591129333,0.527328655208507,NA,"ESTIMATE",0.527328655208507
"TCGA-STAD","TCGA-D7-A4YV","TCGA-D7-A4YV-01A-11R-A251-31",494.319771688166,1792.25832824908,2286.57809993725,0.5892788696498,NA,"ESTIMATE",0.5892788696498
"TCGA-STAD","TCGA-D7-A4YX","TCGA-D7-A4YX-01A-11R-A251-31",-272.58890200381,1429.95332677329,1157.36442476948,0.714508581186465,NA,"ESTIMATE",0.714508581186465
"TCGA-STAD","TCGA-D7-A4YY","TCGA-D7-A4YY-01A-11R-A251-31",611.45235585967,1336.99253422546,1948.44489008513,0.628637510191636,NA,"ESTIMATE",0.628637510191636
"TCGA-STAD","TCGA-D7-A4Z0","TCGA-D7-A4Z0-01A-22R-A251-31",690.612862103845,1711.45764419634,2402.07050630019,0.575498059331215,NA,"ESTIMATE",0.575498059331215
"TCGA-STAD","TCGA-D7-A6EV","TCGA-D7-A6EV-01A-11R-A31P-31",-873.43282880261,61.02870297551,-812.4041258271,0.884331720224613,NA,"ESTIMATE",0.884331720224613
"TCGA-STAD","TCGA-D7-A6EX","TCGA-D7-A6EX-01A-11R-A31P-31",-407.330258373237,-189.782473465908,-597.112731839145,0.86913880850559,NA,"ESTIMATE",0.86913880850559
"TCGA-STAD","TCGA-D7-A6EY","TCGA-D7-A6EY-01A-21R-A31P-31",444.348549373979,2095.23464754841,2539.58319692239,0.558874366847428,NA,"ESTIMATE",0.558874366847428
"TCGA-STAD","TCGA-D7-A6EZ","TCGA-D7-A6EZ-01A-11R-A31P-31",419.347129978335,1842.20559104754,2261.55272102588,0.592242764612451,NA,"ESTIMATE",0.592242764612451
"TCGA-STAD","TCGA-D7-A6F0","TCGA-D7-A6F0-01A-11R-A31P-31",-398.044151857771,905.808018254387,507.763866396616,0.777873791653648,NA,"ESTIMATE",0.777873791653648
"TCGA-STAD","TCGA-D7-A6F2","TCGA-D7-A6F2-01A-12R-A31P-31",145.148330046247,1373.49472586671,1518.64305591296,0.676419223219014,NA,"ESTIMATE",0.676419223219014
"TCGA-STAD","TCGA-D7-A747","TCGA-D7-A747-01A-22R-A33Y-31",959.234488177226,1698.9125270713,2658.14701524852,0.544358322029796,NA,"ESTIMATE",0.544358322029796
"TCGA-STAD","TCGA-D7-A748","TCGA-D7-A748-01A-12R-A32D-31",1855.14968009802,2257.98759736097,4113.13727745899,0.354190476434835,NA,"ESTIMATE",0.354190476434835
"TCGA-STAD","TCGA-D7-A74A","TCGA-D7-A74A-01A-11R-A32D-31",-1039.65924380441,652.960043206442,-386.699200597971,0.853451341968432,NA,"ESTIMATE",0.853451341968432
"TCGA-STAD","TCGA-EQ-8122","TCGA-EQ-8122-01A-11R-2343-13",297.0262696407,312.837990550567,609.864260191267,0.768368549961793,NA,"ESTIMATE",0.768368549961793
"TCGA-STAD","TCGA-EQ-A4SO","TCGA-EQ-A4SO-01A-11R-A251-31",-1107.66813566935,-37.8311580811221,-1145.49929375047,0.906092607602178,NA,"ESTIMATE",0.906092607602178
"TCGA-STAD","TCGA-F1-6177","TCGA-F1-6177-01A-11R-1802-13",-655.548391337279,394.85975889283,-260.688632444449,0.843665827257455,NA,"ESTIMATE",0.843665827257455
"TCGA-STAD","TCGA-F1-6874","TCGA-F1-6874-01A-11R-1884-13",343.71224625084,1570.27441762814,1913.98666387898,0.632563103453362,NA,"ESTIMATE",0.632563103453362
"TCGA-STAD","TCGA-F1-6875","TCGA-F1-6875-01A-11R-2055-13",-827.883912391227,-567.220989469435,-1395.10490186066,0.920982318385771,NA,"ESTIMATE",0.920982318385771
"TCGA-STAD","TCGA-F1-A448","TCGA-F1-A448-01A-11R-A24K-31",829.717999159412,1828.86005538506,2658.57805454447,0.544305245407854,NA,"ESTIMATE",0.544305245407854
"TCGA-STAD","TCGA-F1-A72C","TCGA-F1-A72C-01A-21R-A33Y-31",540.929521555089,1233.25856603456,1774.18808758965,0.648322353302448,NA,"ESTIMATE",0.648322353302448
"TCGA-STAD","TCGA-FP-7735","TCGA-FP-7735-01A-11R-2055-13",111.800629888345,1264.23523911289,1376.03586900124,0.691687467514054,NA,"ESTIMATE",0.691687467514054
"TCGA-STAD","TCGA-FP-7829","TCGA-FP-7829-01A-11R-2055-13",246.244074982487,436.698604527723,682.94267951021,0.761459070996077,NA,"ESTIMATE",0.761459070996077
"TCGA-STAD","TCGA-FP-7916","TCGA-FP-7916-01A-11R-2203-13",1088.89036135257,2308.63590207131,3397.52626342388,0.450291408562239,NA,"ESTIMATE",0.450291408562239
"TCGA-STAD","TCGA-FP-7998","TCGA-FP-7998-01A-11R-2203-13",1397.50682837364,2847.32157606438,4244.82840443802,0.336047845443946,NA,"ESTIMATE",0.336047845443946
"TCGA-STAD","TCGA-FP-8099","TCGA-FP-8099-01A-11R-2343-13",132.046692796992,669.596893001093,801.643585798085,0.75004964983113,NA,"ESTIMATE",0.75004964983113
"TCGA-STAD","TCGA-FP-8209","TCGA-FP-8209-01A-11R-2343-13",1734.6174191009,2510.81422491599,4245.43164401688,0.335964445103695,NA,"ESTIMATE",0.335964445103695
"TCGA-STAD","TCGA-FP-8210","TCGA-FP-8210-01A-11R-2343-13",1656.9843423144,2489.24832721617,4146.23266953056,0.349643224521225,NA,"ESTIMATE",0.349643224521225
"TCGA-STAD","TCGA-FP-8211","TCGA-FP-8211-01A-11R-2343-13",-691.210081733509,958.036317524479,266.826235790971,0.799607975875745,NA,"ESTIMATE",0.799607975875745
"TCGA-STAD","TCGA-FP-8631","TCGA-FP-8631-01A-11R-2402-13",-19.2018555976582,126.77181954371,107.569963946052,0.813426616009046,NA,"ESTIMATE",0.813426616009046
"TCGA-STAD","TCGA-FP-A4BE","TCGA-FP-A4BE-01A-12R-A24K-31",37.477455716913,1745.49621983203,1782.97367554894,0.647339939856531,NA,"ESTIMATE",0.647339939856531
"TCGA-STAD","TCGA-FP-A4BF","TCGA-FP-A4BF-01A-12R-A36D-31",1345.09315458741,2513.33402797905,3858.42718256646,0.38889951354973,NA,"ESTIMATE",0.38889951354973
"TCGA-STAD","TCGA-FP-A8CX","TCGA-FP-A8CX-01A-11R-A36D-31",-588.74205322817,937.316508548811,348.574455320642,0.792344498531684,NA,"ESTIMATE",0.792344498531684
"TCGA-STAD","TCGA-FP-A9TM","TCGA-FP-A9TM-01A-11R-A39E-31",-826.407023063685,1566.21276259142,739.805739527731,0.756022080087995,NA,"ESTIMATE",0.756022080087995
"TCGA-STAD","TCGA-HF-7132","TCGA-HF-7132-01A-11R-2055-13",499.533294044538,1888.35570751169,2387.88900155623,0.577199215942703,NA,"ESTIMATE",0.577199215942703
"TCGA-STAD","TCGA-HF-7133","TCGA-HF-7133-01A-11R-2055-13",414.854511150771,1645.52791637737,2060.38242752814,0.615774760726483,NA,"ESTIMATE",0.615774760726483
"TCGA-STAD","TCGA-HF-7134","TCGA-HF-7134-01A-11R-2055-13",-269.064191403317,776.690986708573,507.626795305256,0.777886435597677,NA,"ESTIMATE",0.777886435597677
"TCGA-STAD","TCGA-HF-A5NB","TCGA-HF-A5NB-01A-11R-A31P-31",-907.344918081037,648.025277138068,-259.319640942969,0.843557925351567,NA,"ESTIMATE",0.843557925351567
"TCGA-STAD","TCGA-HJ-7597","TCGA-HJ-7597-01A-21R-2203-13",-799.5902755913,1050.41443318066,250.824157589364,0.801016347308165,NA,"ESTIMATE",0.801016347308165
"TCGA-STAD","TCGA-HU-8238","TCGA-HU-8238-01A-11R-2343-13",55.8448874577508,1212.26950966483,1268.11439712258,0.70304096884827,NA,"ESTIMATE",0.70304096884827
"TCGA-STAD","TCGA-HU-8243","TCGA-HU-8243-01A-11R-2343-13",-431.790170289041,228.775260896955,-203.014909392086,0.839090608009906,NA,"ESTIMATE",0.839090608009906
"TCGA-STAD","TCGA-HU-8244","TCGA-HU-8244-01A-11R-2343-13",-1623.28961226084,-13.4752063326674,-1636.76481859351,0.934220419848957,NA,"ESTIMATE",0.934220419848957
"TCGA-STAD","TCGA-HU-8249","TCGA-HU-8249-01A-11R-A36D-31",-548.451928260802,923.85067374944,375.398745488638,0.789936199734072,NA,"ESTIMATE",0.789936199734072
"TCGA-STAD","TCGA-HU-8602","TCGA-HU-8602-01A-11R-2402-13",129.249207945537,1702.95353530013,1832.20274324567,0.641815223580943,NA,"ESTIMATE",0.641815223580943
"TCGA-STAD","TCGA-HU-8604","TCGA-HU-8604-01A-11R-2402-13",762.084089668813,2295.43268825377,3057.51677792258,0.494275429862596,NA,"ESTIMATE",0.494275429862596
"TCGA-STAD","TCGA-HU-8608","TCGA-HU-8608-01A-11R-2402-13",529.225071007518,2557.54670242088,3086.7717734284,0.490537831133394,NA,"ESTIMATE",0.490537831133394
"TCGA-STAD","TCGA-HU-8610","TCGA-HU-8610-01A-22R-2402-13",483.228657232141,1928.19132815143,2411.41998538357,0.57437516870877,NA,"ESTIMATE",0.57437516870877
"TCGA-STAD","TCGA-HU-A4G2","TCGA-HU-A4G2-01A-11R-A251-31",47.6375231964721,1051.97247724912,1099.6100004456,0.720414044818626,NA,"ESTIMATE",0.720414044818626
"TCGA-STAD","TCGA-HU-A4G3","TCGA-HU-A4G3-01A-11R-A24K-31",-360.918411808586,482.829430034669,121.911018226083,0.812200345983127,NA,"ESTIMATE",0.812200345983127
"TCGA-STAD","TCGA-HU-A4G6","TCGA-HU-A4G6-01A-11R-A24K-31",-1341.91546368917,24.1547717451752,-1317.76069194399,0.916499789444758,NA,"ESTIMATE",0.916499789444758
"TCGA-STAD","TCGA-HU-A4G8","TCGA-HU-A4G8-01A-11R-A251-31",-261.11881533065,1121.12107295335,860.002257622698,0.744356556049267,NA,"ESTIMATE",0.744356556049267
"TCGA-STAD","TCGA-HU-A4G9","TCGA-HU-A4G9-01A-11R-A24K-31",-1575.34566756229,-326.461450226859,-1901.80711778915,0.947387301372235,NA,"ESTIMATE",0.947387301372235
"TCGA-STAD","TCGA-HU-A4GC","TCGA-HU-A4GC-01A-12R-A251-31",2.91482613607377,625.183615987356,628.09844212343,0.766652776786783,NA,"ESTIMATE",0.766652776786783
"TCGA-STAD","TCGA-HU-A4GD","TCGA-HU-A4GD-01A-11R-A36D-31",-1439.14709456624,-13.8503318559377,-1452.99742642218,0.92425986319966,NA,"ESTIMATE",0.92425986319966
"TCGA-STAD","TCGA-HU-A4GF","TCGA-HU-A4GF-01A-11R-A24K-31",-563.32405583912,769.417275829169,206.093219990049,0.804929728528952,NA,"ESTIMATE",0.804929728528952
"TCGA-STAD","TCGA-HU-A4GH","TCGA-HU-A4GH-01A-11R-A24K-31",-1528.02023065929,466.692902154265,-1061.32732850503,0.900796236377207,NA,"ESTIMATE",0.900796236377207
"TCGA-STAD","TCGA-HU-A4GJ","TCGA-HU-A4GJ-01A-11R-A251-31",425.004654710192,3125.50787657155,3550.51253128174,0.43012846315224,NA,"ESTIMATE",0.43012846315224
"TCGA-STAD","TCGA-HU-A4GN","TCGA-HU-A4GN-01A-11R-A251-31",-546.380426967563,619.569080854844,73.1886538872817,0.816351791303873,NA,"ESTIMATE",0.816351791303873
"TCGA-STAD","TCGA-HU-A4GP","TCGA-HU-A4GP-01A-11R-A251-31",-437.767067219064,401.812577152116,-35.9544900669479,0.825499608872997,NA,"ESTIMATE",0.825499608872997
"TCGA-STAD","TCGA-HU-A4GQ","TCGA-HU-A4GQ-01A-11R-A36D-31",337.032367184899,909.438837393578,1246.47120457848,0.705296716971635,NA,"ESTIMATE",0.705296716971635
"TCGA-STAD","TCGA-HU-A4GT","TCGA-HU-A4GT-01A-21R-A251-31",-557.77941961704,539.586314109162,-18.1931055078783,0.824025313890598,NA,"ESTIMATE",0.824025313890598
"TCGA-STAD","TCGA-HU-A4GU","TCGA-HU-A4GU-01A-11R-A251-31",-697.949759777948,244.178287715298,-453.77147206265,0.858541064218723,NA,"ESTIMATE",0.858541064218723
"TCGA-STAD","TCGA-HU-A4GX","TCGA-HU-A4GX-01A-12R-A251-31",-364.946069296347,1609.11289576975,1244.16682647341,0.70553647041353,NA,"ESTIMATE",0.70553647041353
"TCGA-STAD","TCGA-HU-A4GY","TCGA-HU-A4GY-01A-21R-A24K-31",1702.94784158055,3047.78164346463,4750.72948504518,0.265244161118963,NA,"ESTIMATE",0.265244161118963
"TCGA-STAD","TCGA-HU-A4H0","TCGA-HU-A4H0-01A-11R-A251-31",-487.471052413932,1613.03465132891,1125.56359891497,0.717766636688558,NA,"ESTIMATE",0.717766636688558
"TCGA-STAD","TCGA-HU-A4H2","TCGA-HU-A4H2-01A-11R-A251-31",-350.305547840476,947.916638515155,597.611090674679,0.769518439033334,NA,"ESTIMATE",0.769518439033334
"TCGA-STAD","TCGA-HU-A4H3","TCGA-HU-A4H3-01A-21R-A251-31",-505.127276521743,613.793735751735,108.666459229992,0.813332984458931,NA,"ESTIMATE",0.813332984458931
"TCGA-STAD","TCGA-HU-A4H4","TCGA-HU-A4H4-01A-21R-A251-31",-47.5882209813631,1728.56124051969,1680.97301953833,0.658679026462298,NA,"ESTIMATE",0.658679026462298
"TCGA-STAD","TCGA-HU-A4H5","TCGA-HU-A4H5-01A-21R-A251-31",-722.813465908886,576.451703464435,-146.361762444452,0.834537797804164,NA,"ESTIMATE",0.834537797804164
"TCGA-STAD","TCGA-HU-A4H6","TCGA-HU-A4H6-01A-11R-A251-31",52.6012122565052,1437.50647095859,1490.10768321509,0.679498300177536,NA,"ESTIMATE",0.679498300177536
"TCGA-STAD","TCGA-HU-A4H8","TCGA-HU-A4H8-01A-11R-A251-31",-1164.73478220248,278.620048819931,-886.114733382549,0.889331209051261,NA,"ESTIMATE",0.889331209051261
"TCGA-STAD","TCGA-HU-A4HB","TCGA-HU-A4HB-01A-12R-A251-31",-47.1103842736903,2442.58478545926,2395.47440118557,0.576289612392952,NA,"ESTIMATE",0.576289612392952
"TCGA-STAD","TCGA-HU-A4HD","TCGA-HU-A4HD-01A-11R-A251-31",-144.997489231807,201.053448623898,56.0559593920903,0.817801690147387,NA,"ESTIMATE",0.817801690147387
"TCGA-STAD","TCGA-IN-7806","TCGA-IN-7806-01A-11R-2055-13",-645.206176070027,141.822389710871,-503.383786359156,0.862252335316241,NA,"ESTIMATE",0.862252335316241
"TCGA-STAD","TCGA-IN-7808","TCGA-IN-7808-01A-11R-2203-13",103.355646201429,2892.94452135857,2996.30016756,0.502066850248816,NA,"ESTIMATE",0.502066850248816
"TCGA-STAD","TCGA-IN-8462","TCGA-IN-8462-01A-11R-2343-13",244.319318026211,774.605276037123,1018.92459406333,0.728577443280618,NA,"ESTIMATE",0.728577443280618
"TCGA-STAD","TCGA-IN-8663","TCGA-IN-8663-01A-11R-2402-13",-699.68991991986,-41.941099870141,-741.631019790001,0.879434041896367,NA,"ESTIMATE",0.879434041896367
"TCGA-STAD","TCGA-IN-A6RI","TCGA-IN-A6RI-01A-11R-A32D-31",-1194.89109261652,12.2138006632935,-1182.67729195323,0.908387974281952,NA,"ESTIMATE",0.908387974281952
"TCGA-STAD","TCGA-IN-A6RJ","TCGA-IN-A6RJ-01A-21R-A33Y-31",-1024.88624216164,377.438274399318,-647.447967762327,0.872769232445635,NA,"ESTIMATE",0.872769232445635
"TCGA-STAD","TCGA-IN-A6RL","TCGA-IN-A6RL-01A-11R-A32D-31",-459.308070662311,609.732816306207,150.424745643895,0.809751516876282,NA,"ESTIMATE",0.809751516876282
"TCGA-STAD","TCGA-IN-A6RN","TCGA-IN-A6RN-01A-12R-A33Y-31",-868.045439111324,250.401173564712,-617.644265546612,0.870625384350004,NA,"ESTIMATE",0.870625384350004
"TCGA-STAD","TCGA-IN-A6RR","TCGA-IN-A6RR-01A-12R-A32D-31",-676.012436545426,516.561231369731,-159.451205175695,0.835594841456691,NA,"ESTIMATE",0.835594841456691
"TCGA-STAD","TCGA-IN-A6RS","TCGA-IN-A6RS-01A-12R-A354-31",-387.913371540465,1311.87209439275,923.958722852288,0.738054660215129,NA,"ESTIMATE",0.738054660215129
"TCGA-STAD","TCGA-IN-A7NR","TCGA-IN-A7NR-01A-11R-A354-31",-261.215475256694,1111.34492575082,850.129450494124,0.745323533347226,NA,"ESTIMATE",0.745323533347226
"TCGA-STAD","TCGA-IN-A7NT","TCGA-IN-A7NT-01A-21R-A354-31",-174.769449927573,254.513108382244,79.7436584546709,0.815795690879535,NA,"ESTIMATE",0.815795690879535
"TCGA-STAD","TCGA-IN-A7NU","TCGA-IN-A7NU-01A-22R-A354-31",297.972026858747,1394.95027553425,1692.922302393,0.657358250008822,NA,"ESTIMATE",0.657358250008822
"TCGA-STAD","TCGA-IN-AB1V","TCGA-IN-AB1V-01A-21R-A414-31",-1244.89394106196,198.519561737494,-1046.37437932447,0.899840940980345,NA,"ESTIMATE",0.899840940980345
"TCGA-STAD","TCGA-IN-AB1X","TCGA-IN-AB1X-01A-11R-A39E-31",-573.211747114405,1574.35008052037,1001.13833340596,0.730363272134422,NA,"ESTIMATE",0.730363272134422
"TCGA-STAD","TCGA-IP-7968","TCGA-IP-7968-01A-11R-2203-13",543.660518254461,925.202261976056,1468.86278023052,0.681782968265754,NA,"ESTIMATE",0.681782968265754
"TCGA-STAD","TCGA-KB-A6F7","TCGA-KB-A6F7-01A-12R-A32D-31",-524.840292387593,1483.90502999622,959.06473760863,0.734567831021226,NA,"ESTIMATE",0.734567831021226
"TCGA-STAD","TCGA-KB-A93G","TCGA-KB-A93G-01A-11R-A39E-31",1724.18699987383,1528.36880124863,3252.55580112246,0.469188529671366,NA,"ESTIMATE",0.469188529671366
"TCGA-STAD","TCGA-KB-A93H","TCGA-KB-A93H-01A-11R-A39E-31",-1297.89808875146,244.577751963393,-1053.32033678807,0.900285235104717,NA,"ESTIMATE",0.900285235104717
"TCGA-STAD","TCGA-KB-A93J","TCGA-KB-A93J-01A-11R-A39E-31",-82.7887276931743,1672.30996928344,1589.52124159026,0.668719960854352,NA,"ESTIMATE",0.668719960854352
"TCGA-STAD","TCGA-MX-A5UG","TCGA-MX-A5UG-01A-21R-A31P-31",1618.89322295341,2379.91561866589,3998.8088416193,0.369834024925884,NA,"ESTIMATE",0.369834024925884
"TCGA-STAD","TCGA-MX-A5UJ","TCGA-MX-A5UJ-01A-11R-A31P-31",488.44686662882,778.966534190928,1267.41340081975,0.703114141061304,NA,"ESTIMATE",0.703114141061304
"TCGA-STAD","TCGA-MX-A663","TCGA-MX-A663-01A-11R-A31P-31",1134.46733285687,517.183980876392,1651.65131373326,0.66191141340544,NA,"ESTIMATE",0.66191141340544
"TCGA-STAD","TCGA-MX-A666","TCGA-MX-A666-01A-11R-A31P-31",-718.892082249382,583.419280343462,-135.47280190592,0.833656107380809,NA,"ESTIMATE",0.833656107380809
"TCGA-STAD","TCGA-R5-A7O7","TCGA-R5-A7O7-01A-11R-A33Y-31",49.2093586395174,1054.47335362864,1103.68271226815,0.719999296740447,NA,"ESTIMATE",0.719999296740447
"TCGA-STAD","TCGA-R5-A7ZE","TCGA-R5-A7ZE-01B-11R-A354-31",-1180.93518939729,-377.576798829793,-1558.51198822709,0.930061649304291,NA,"ESTIMATE",0.930061649304291
"TCGA-STAD","TCGA-R5-A7ZF","TCGA-R5-A7ZF-01A-11R-A354-31",-1127.98433890129,-106.926101250315,-1234.9104401516,0.911567124521551,NA,"ESTIMATE",0.911567124521551
"TCGA-STAD","TCGA-R5-A7ZI","TCGA-R5-A7ZI-01A-11R-A354-31",-25.2294056162661,2210.77494804367,2185.5455424274,0.60119555511432,NA,"ESTIMATE",0.60119555511432
"TCGA-STAD","TCGA-R5-A7ZR","TCGA-R5-A7ZR-01A-11R-A354-31",-908.007670943658,403.162564025664,-504.845106917994,0.862360957694697,NA,"ESTIMATE",0.862360957694697
"TCGA-STAD","TCGA-R5-A805","TCGA-R5-A805-01A-11R-A36D-31",820.378150253547,2071.28924747756,2891.6673977311,0.515289910911586,NA,"ESTIMATE",0.515289910911586
"TCGA-STAD","TCGA-RD-A7BS","TCGA-RD-A7BS-01A-11R-A32D-31",394.020072496639,1513.04127038162,1907.06134287826,0.633350108680751,NA,"ESTIMATE",0.633350108680751
"TCGA-STAD","TCGA-RD-A7BT","TCGA-RD-A7BT-01A-11R-A33Y-31",-1036.75507840977,523.698287359546,-513.056791050221,0.862970607673738,NA,"ESTIMATE",0.862970607673738
"TCGA-STAD","TCGA-RD-A7BW","TCGA-RD-A7BW-01A-11R-A32D-31",1668.16376839727,2179.64078877599,3847.80455717326,0.390335572278345,NA,"ESTIMATE",0.390335572278345
"TCGA-STAD","TCGA-RD-A7C1","TCGA-RD-A7C1-01A-11R-A32D-31",328.089514453984,2030.27028998861,2358.3598044426,0.580733385492976,NA,"ESTIMATE",0.580733385492976
"TCGA-STAD","TCGA-RD-A8MV","TCGA-RD-A8MV-01A-11R-A36D-31",244.839230314132,2355.0410300456,2599.88026035973,0.551512934722812,NA,"ESTIMATE",0.551512934722812
"TCGA-STAD","TCGA-RD-A8MW","TCGA-RD-A8MW-01A-11R-A36D-31",1107.42536133418,1980.55190990069,3087.97727123487,0.490383623007173,NA,"ESTIMATE",0.490383623007173
"TCGA-STAD","TCGA-RD-A8N0","TCGA-RD-A8N0-01A-12R-A36D-31",1045.00818349609,2575.05240418821,3620.0605876843,0.420889991240685,NA,"ESTIMATE",0.420889991240685
"TCGA-STAD","TCGA-RD-A8N1","TCGA-RD-A8N1-01A-12R-A36D-31",665.079251730554,2406.61219403604,3071.69144576659,0.492465617760587,NA,"ESTIMATE",0.492465617760587
"TCGA-STAD","TCGA-RD-A8N2","TCGA-RD-A8N2-01A-12R-A36D-31",1076.84615822654,1111.4153809208,2188.26153914734,0.600876923931642,NA,"ESTIMATE",0.600876923931642
"TCGA-STAD","TCGA-RD-A8N4","TCGA-RD-A8N4-01A-21R-A36D-31",850.559644315804,1206.43255190082,2056.99219621662,0.616166791304777,NA,"ESTIMATE",0.616166791304777
"TCGA-STAD","TCGA-RD-A8N5","TCGA-RD-A8N5-01A-12R-A36D-31",1486.61781942376,1712.21556628695,3198.83338571071,0.476137827639799,NA,"ESTIMATE",0.476137827639799
"TCGA-STAD","TCGA-RD-A8N6","TCGA-RD-A8N6-01A-11R-A36D-31",-0.31740619284969,132.164135496677,131.846729303827,0.811348655627382,NA,"ESTIMATE",0.811348655627382
"TCGA-STAD","TCGA-RD-A8N9","TCGA-RD-A8N9-01A-12R-A39E-31",1448.8573129037,1587.14798378936,3036.00529669306,0.497017910981292,NA,"ESTIMATE",0.497017910981292
"TCGA-STAD","TCGA-RD-A8NB","TCGA-RD-A8NB-01A-12R-A39E-31",610.743435807362,1753.9608452779,2364.70428108527,0.57997497179917,NA,"ESTIMATE",0.57997497179917
"TCGA-STAD","TCGA-SW-A7EA","TCGA-SW-A7EA-01A-12R-A354-31",-39.8148236620958,934.240623028598,894.425799366502,0.740972778970144,NA,"ESTIMATE",0.740972778970144
"TCGA-STAD","TCGA-SW-A7EB","TCGA-SW-A7EB-01A-11R-A354-31",-402.379623951955,1079.03462646062,676.655002508666,0.762057019983245,NA,"ESTIMATE",0.762057019983245
"TCGA-STAD","TCGA-VQ-A8DT","TCGA-VQ-A8DT-01A-11R-A36D-31",-1033.63364106456,294.384882523843,-739.248758540718,0.879267529231084,NA,"ESTIMATE",0.879267529231084
"TCGA-STAD","TCGA-VQ-A8DU","TCGA-VQ-A8DU-01A-11R-A36D-31",-133.150834860698,481.706235673568,348.555400812871,0.792346204893588,NA,"ESTIMATE",0.792346204893588
"TCGA-STAD","TCGA-VQ-A8DV","TCGA-VQ-A8DV-01A-12R-A36D-31",-1020.09493525345,-355.00213876192,-1375.09707401537,0.919834112348155,NA,"ESTIMATE",0.919834112348155
"TCGA-STAD","TCGA-VQ-A8DZ","TCGA-VQ-A8DZ-01A-11R-A36D-31",-299.846559347039,461.036884297096,161.190324950056,0.80882325112367,NA,"ESTIMATE",0.80882325112367
"TCGA-STAD","TCGA-VQ-A8E0","TCGA-VQ-A8E0-01A-11R-A414-31",-681.762196126196,828.341976190857,146.579780064661,0.810082560390145,NA,"ESTIMATE",0.810082560390145
"TCGA-STAD","TCGA-VQ-A8E2","TCGA-VQ-A8E2-01A-11R-A36D-31",436.274923877331,342.719589521102,778.994513398433,0.752244343570821,NA,"ESTIMATE",0.752244343570821
"TCGA-STAD","TCGA-VQ-A8E3","TCGA-VQ-A8E3-01A-11R-A39E-31",-486.411752663248,1390.65644176784,904.244689104589,0.740004126786426,NA,"ESTIMATE",0.740004126786426
"TCGA-STAD","TCGA-VQ-A8E7","TCGA-VQ-A8E7-01B-11R-A414-31",-304.110543230663,65.1293165281791,-238.981226702484,0.841950871391034,NA,"ESTIMATE",0.841950871391034
"TCGA-STAD","TCGA-VQ-A8P2","TCGA-VQ-A8P2-01A-11R-A36D-31",-1011.67051063568,-246.824910157291,-1258.49542079298,0.912985065298466,NA,"ESTIMATE",0.912985065298466
"TCGA-STAD","TCGA-VQ-A8P3","TCGA-VQ-A8P3-01A-11R-A36D-31",155.666980760609,627.270666180617,782.937646941225,0.751862851257159,NA,"ESTIMATE",0.751862851257159
"TCGA-STAD","TCGA-VQ-A8P5","TCGA-VQ-A8P5-01A-11R-A39E-31",260.004330030197,830.50878541698,1090.51311544718,0.721339503808368,NA,"ESTIMATE",0.721339503808368
"TCGA-STAD","TCGA-VQ-A8P8","TCGA-VQ-A8P8-01A-11R-A39E-31",280.2448886123,1216.13053180328,1496.37542041558,0.678823006946016,NA,"ESTIMATE",0.678823006946016
"TCGA-STAD","TCGA-VQ-A8PB","TCGA-VQ-A8PB-01A-11R-A39E-31",-106.801701426449,464.392156184345,357.590454757896,0.791536406112227,NA,"ESTIMATE",0.791536406112227
"TCGA-STAD","TCGA-VQ-A8PC","TCGA-VQ-A8PC-01A-11R-A39E-31",337.234007958978,1550.58633695462,1887.8203449136,0.635533250481532,NA,"ESTIMATE",0.635533250481532
"TCGA-STAD","TCGA-VQ-A8PD","TCGA-VQ-A8PD-01A-11R-A414-31",654.053077643352,2272.05697527294,2926.1100529163,0.510950457804717,NA,"ESTIMATE",0.510950457804717
"TCGA-STAD","TCGA-VQ-A8PE","TCGA-VQ-A8PE-01A-11R-A414-31",-334.866949151157,864.705598185578,529.838649034421,0.775833426617009,NA,"ESTIMATE",0.775833426617009
"TCGA-STAD","TCGA-VQ-A8PF","TCGA-VQ-A8PF-01A-11R-A414-31",849.115929636738,2480.81904337562,3329.93497301235,0.45912793052667,NA,"ESTIMATE",0.45912793052667
"TCGA-STAD","TCGA-VQ-A8PH","TCGA-VQ-A8PH-01A-12R-A414-31",-975.044108826677,606.428805480439,-368.615303346238,0.852064880924417,NA,"ESTIMATE",0.852064880924417
"TCGA-STAD","TCGA-VQ-A8PJ","TCGA-VQ-A8PJ-01A-11R-A414-31",-941.201230045782,-27.105741458421,-968.306971504203,0.894783174605076,NA,"ESTIMATE",0.894783174605076
"TCGA-STAD","TCGA-VQ-A8PK","TCGA-VQ-A8PK-01A-12R-A414-31",-243.731762383044,505.827264254856,262.095501871812,0.800024795892598,NA,"ESTIMATE",0.800024795892598
"TCGA-STAD","TCGA-VQ-A8PM","TCGA-VQ-A8PM-01A-21R-A414-31",398.581803171511,1678.54337958446,2077.12518275597,0.613836472066481,NA,"ESTIMATE",0.613836472066481
"TCGA-STAD","TCGA-VQ-A8PO","TCGA-VQ-A8PO-01A-11R-A414-31",112.775603147141,1597.97035132594,1710.74595447308,0.655384411693001,NA,"ESTIMATE",0.655384411693001
"TCGA-STAD","TCGA-VQ-A8PP","TCGA-VQ-A8PP-01A-21R-A414-31",100.605379413366,932.668822855031,1033.2742022684,0.727133051231458,NA,"ESTIMATE",0.727133051231458
"TCGA-STAD","TCGA-VQ-A8PQ","TCGA-VQ-A8PQ-01A-11R-A414-31",914.114299544762,2913.7007270874,3827.81502663216,0.393035354503615,NA,"ESTIMATE",0.393035354503615
"TCGA-STAD","TCGA-VQ-A8PU","TCGA-VQ-A8PU-01A-12R-A414-31",-966.357827222749,-7.26107273058806,-973.618899953337,0.895131052493829,NA,"ESTIMATE",0.895131052493829
"TCGA-STAD","TCGA-VQ-A8PX","TCGA-VQ-A8PX-01A-12R-A414-31",-1247.82412942441,711.330991189185,-536.493138235223,0.864703664786824,NA,"ESTIMATE",0.864703664786824
"TCGA-STAD","TCGA-VQ-A91A","TCGA-VQ-A91A-01A-11R-A414-31",1297.20080732063,1114.93968110469,2412.14048842532,0.574288589968463,NA,"ESTIMATE",0.574288589968463
"TCGA-STAD","TCGA-VQ-A91D","TCGA-VQ-A91D-01A-11R-A414-31",67.5160113953614,980.616367254317,1048.13237864968,0.725634068562512,NA,"ESTIMATE",0.725634068562512
"TCGA-STAD","TCGA-VQ-A91E","TCGA-VQ-A91E-01A-31R-A414-31",-1113.80535149961,1025.341462258,-88.4638892416117,0.829825331071862,NA,"ESTIMATE",0.829825331071862
"TCGA-STAD","TCGA-VQ-A91K","TCGA-VQ-A91K-01A-11R-A414-31",123.269907903668,1207.49260622338,1330.76251412705,0.696471592895909,NA,"ESTIMATE",0.696471592895909
"TCGA-STAD","TCGA-VQ-A91N","TCGA-VQ-A91N-01A-11R-A414-31",-870.56044799865,153.521022923523,-717.039425075127,0.877709994850518,NA,"ESTIMATE",0.877709994850518
"TCGA-STAD","TCGA-VQ-A91Q","TCGA-VQ-A91Q-01A-12R-A414-31",210.643980290704,19.8166864305949,230.460666721299,0.802802182891231,NA,"ESTIMATE",0.802802182891231
"TCGA-STAD","TCGA-VQ-A91S","TCGA-VQ-A91S-01A-11R-A414-31",-405.938805919692,1076.47100605492,670.532200135228,0.762638665786729,NA,"ESTIMATE",0.762638665786729
"TCGA-STAD","TCGA-VQ-A91U","TCGA-VQ-A91U-01A-11R-A414-31",-283.728911155167,1210.68463219346,926.955721038294,0.737757753694341,NA,"ESTIMATE",0.737757753694341
"TCGA-STAD","TCGA-VQ-A91V","TCGA-VQ-A91V-01A-11R-A414-31",-1181.60711184998,20.2327272661506,-1161.37438458383,0.907076039718524,NA,"ESTIMATE",0.907076039718524
"TCGA-STAD","TCGA-VQ-A91W","TCGA-VQ-A91W-01A-11R-A414-31",-468.58753829894,1369.01244440713,900.424906108187,0.740381138458041,NA,"ESTIMATE",0.740381138458041
"TCGA-STAD","TCGA-VQ-A91X","TCGA-VQ-A91X-01A-12R-A414-31",-1727.91467061292,-506.497871015631,-2234.41254162855,0.9618798073792,NA,"ESTIMATE",0.9618798073792
"TCGA-STAD","TCGA-VQ-A91Y","TCGA-VQ-A91Y-01A-11R-A414-31",1052.97047034209,1701.37584029187,2754.34631063397,0.532459053224405,NA,"ESTIMATE",0.532459053224405
"TCGA-STAD","TCGA-VQ-A91Z","TCGA-VQ-A91Z-01A-11R-A414-31",-1588.04124972069,-688.109745820163,-2276.15099554085,0.963537234037781,NA,"ESTIMATE",0.963537234037781
"TCGA-STAD","TCGA-VQ-A922","TCGA-VQ-A922-01A-11R-A414-31",429.335534613724,-83.2523082962278,346.083226317496,0.792567539529298,NA,"ESTIMATE",0.792567539529298
"TCGA-STAD","TCGA-VQ-A923","TCGA-VQ-A923-01A-11R-A414-31",177.762004613383,2260.7043547279,2438.46635934129,0.571120762813769,NA,"ESTIMATE",0.571120762813769
"TCGA-STAD","TCGA-VQ-A924","TCGA-VQ-A924-01A-11R-A414-31",-11.7868011885844,1061.59543679693,1049.80863560835,0.725464740821954,NA,"ESTIMATE",0.725464740821954
"TCGA-STAD","TCGA-VQ-A925","TCGA-VQ-A925-01A-11R-A414-31",-749.3685942243,189.284373356491,-560.084220867809,0.866437828925914,NA,"ESTIMATE",0.866437828925914
"TCGA-STAD","TCGA-VQ-A927","TCGA-VQ-A927-01A-12R-A414-31",-88.6197741075942,778.130604069538,689.510829961944,0.760833756700889,NA,"ESTIMATE",0.760833756700889
"TCGA-STAD","TCGA-VQ-A928","TCGA-VQ-A928-01A-11R-A414-31",325.961210201559,345.86495005768,671.826160259239,0.762515795212693,NA,"ESTIMATE",0.762515795212693
"TCGA-STAD","TCGA-VQ-A92D","TCGA-VQ-A92D-01A-11R-A414-31",-481.584530875166,-285.99138320389,-767.575914079056,0.881240541876035,NA,"ESTIMATE",0.881240541876035
"TCGA-STAD","TCGA-VQ-A94O","TCGA-VQ-A94O-01A-11R-A414-31",-475.852095947381,491.912960144428,16.0608641970471,0.821166232775104,NA,"ESTIMATE",0.821166232775104
"TCGA-STAD","TCGA-VQ-A94P","TCGA-VQ-A94P-01A-13R-A414-31",1363.1991293288,1371.838663496,2735.0377928248,0.53485599252922,NA,"ESTIMATE",0.53485599252922
"TCGA-STAD","TCGA-VQ-A94R","TCGA-VQ-A94R-01A-11R-A414-31",624.437822062693,777.687518192607,1402.1253402553,0.688916653711558,NA,"ESTIMATE",0.688916653711558
"TCGA-STAD","TCGA-VQ-A94T","TCGA-VQ-A94T-01A-11R-A414-31",-648.890941922792,-262.071384239112,-910.962326161904,0.890993085023669,NA,"ESTIMATE",0.890993085023669
"TCGA-STAD","TCGA-VQ-A94U","TCGA-VQ-A94U-01A-12R-A414-31",399.055077785091,125.508023636546,524.563101421636,0.776321785348555,NA,"ESTIMATE",0.776321785348555
"TCGA-STAD","TCGA-VQ-AA64","TCGA-VQ-AA64-01A-11R-A414-31",456.025031151508,251.38037889007,707.405410041578,0.759126534382776,NA,"ESTIMATE",0.759126534382776
"TCGA-STAD","TCGA-VQ-AA68","TCGA-VQ-AA68-01A-11R-A414-31",-820.641670407318,788.971496624797,-31.6701737825204,0.825144499613441,NA,"ESTIMATE",0.825144499613441
"TCGA-STAD","TCGA-VQ-AA69","TCGA-VQ-AA69-01A-11R-A414-31",-864.909806390553,717.184489122523,-147.72531726803,0.834648056088587,NA,"ESTIMATE",0.834648056088587
"TCGA-STAD","TCGA-VQ-AA6A","TCGA-VQ-AA6A-01A-11R-A414-31",-923.34264755833,13.1456556791349,-910.196991879195,0.890942074149086,NA,"ESTIMATE",0.890942074149086
"TCGA-STAD","TCGA-VQ-AA6B","TCGA-VQ-AA6B-01A-11R-A414-31",-635.255408022971,-288.166549105841,-923.421957128812,0.891821959145146,NA,"ESTIMATE",0.891821959145146
"TCGA-STAD","TCGA-VQ-AA6D","TCGA-VQ-AA6D-01A-11R-A414-31",-1274.05531601563,-205.254114759108,-1479.30943077474,0.925727451518445,NA,"ESTIMATE",0.925727451518445
"TCGA-STAD","TCGA-VQ-AA6F","TCGA-VQ-AA6F-01A-31R-A414-31",-409.132448135473,1134.29978674049,725.167338605017,0.757426787977537,NA,"ESTIMATE",0.757426787977537
"TCGA-STAD","TCGA-VQ-AA6G","TCGA-VQ-AA6G-01A-11R-A414-31",-699.731127221876,248.114108130998,-451.617019090878,0.858378866406467,NA,"ESTIMATE",0.858378866406467
"TCGA-STAD","TCGA-VQ-AA6I","TCGA-VQ-AA6I-01A-11R-A414-31",-586.881789280684,791.9907628873,205.108973606616,0.805015447844754,NA,"ESTIMATE",0.805015447844754
"TCGA-STAD","TCGA-VQ-AA6J","TCGA-VQ-AA6J-01A-11R-A414-31",179.511954673131,1795.32081466139,1974.83276933452,0.625620437781395,NA,"ESTIMATE",0.625620437781395
"TCGA-STAD","TCGA-VQ-AA6K","TCGA-VQ-AA6K-01A-11R-A414-31",3.36481771302168,824.657724998099,828.022542711121,0.747483081497965,NA,"ESTIMATE",0.747483081497965
"TCGA-STAD","TCGA-ZA-A8F6","TCGA-ZA-A8F6-01A-23R-A36D-31",933.968549895582,1444.01833033541,2377.98688023099,0.578385552308336,NA,"ESTIMATE",0.578385552308336
"TCGA-STAD","TCGA-ZQ-A9CR","TCGA-ZQ-A9CR-01A-11R-A39E-31",1021.92455562517,1479.44274307695,2501.36729870212,0.563517364938063,NA,"ESTIMATE",0.563517364938063
"TCGA-ESCA","TCGA-2H-A9GF","TCGA-2H-A9GF-01A-11R-A37I-31",-242.751326501647,348.130539136598,105.379212634952,0.81361362478315,NA,"ESTIMATE",0.81361362478315
"TCGA-ESCA","TCGA-2H-A9GG","TCGA-2H-A9GG-01A-11R-A37I-31",-13.4897780536517,619.46434573169,605.974567678039,0.768733844571484,NA,"ESTIMATE",0.768733844571484
"TCGA-ESCA","TCGA-2H-A9GH","TCGA-2H-A9GH-01A-11R-A37I-31",-304.21033906894,566.697693062577,262.487353993637,0.799990284863327,NA,"ESTIMATE",0.799990284863327
"TCGA-ESCA","TCGA-2H-A9GI","TCGA-2H-A9GI-01A-11R-A37I-31",-1034.21052673191,562.043713341558,-472.166813390348,0.859922457827964,NA,"ESTIMATE",0.859922457827964
"TCGA-ESCA","TCGA-2H-A9GJ","TCGA-2H-A9GJ-01A-11R-A37I-31",-1480.39030254228,-496.908303327491,-1977.29860586977,0.950876062251768,NA,"ESTIMATE",0.950876062251768
"TCGA-ESCA","TCGA-2H-A9GK","TCGA-2H-A9GK-01A-11R-A37I-31",308.651302448482,1704.39313620214,2013.04443865062,0.621234860421579,NA,"ESTIMATE",0.621234860421579
"TCGA-ESCA","TCGA-2H-A9GL","TCGA-2H-A9GL-01A-12R-A37I-31",223.88428529608,889.810731222319,1113.6950165184,0.718978591615484,NA,"ESTIMATE",0.718978591615484
"TCGA-ESCA","TCGA-2H-A9GM","TCGA-2H-A9GM-01A-11R-A37I-31",-292.829569909875,343.077843327217,50.2482734173421,0.818292007310248,NA,"ESTIMATE",0.818292007310248
"TCGA-ESCA","TCGA-2H-A9GN","TCGA-2H-A9GN-01A-11R-A37I-31",-260.578057870486,-15.7437453028158,-276.321803173301,0.8448955939358,NA,"ESTIMATE",0.8448955939358
"TCGA-ESCA","TCGA-2H-A9GO","TCGA-2H-A9GO-01A-11R-A37I-31",-1388.827036074,-425.351010485479,-1814.17804655948,0.943191751539272,NA,"ESTIMATE",0.943191751539272
"TCGA-ESCA","TCGA-2H-A9GQ","TCGA-2H-A9GQ-01A-11R-A37I-31",-506.478640284065,-1180.84921737773,-1687.3278576618,0.936842087521891,NA,"ESTIMATE",0.936842087521891
"TCGA-ESCA","TCGA-2H-A9GR","TCGA-2H-A9GR-01A-12R-A37I-31",-9.62304559017162,570.138482206414,560.515436616242,0.77298445975374,NA,"ESTIMATE",0.77298445975374
"TCGA-ESCA","TCGA-IC-A6RE","TCGA-IC-A6RE-01A-11R-A336-31",2.99735574870621,791.796766866282,794.794122614988,0.750714237982265,NA,"ESTIMATE",0.750714237982265
"TCGA-ESCA","TCGA-IC-A6RF","TCGA-IC-A6RF-01A-13R-A336-31",-810.502201041085,510.473629491769,-300.028571549316,0.846751970315607,NA,"ESTIMATE",0.846751970315607
"TCGA-ESCA","TCGA-IG-A3I8","TCGA-IG-A3I8-01A-11R-A24K-31",-855.561066448879,-549.607302190255,-1405.16836863913,0.92155683698543,NA,"ESTIMATE",0.92155683698543
"TCGA-ESCA","TCGA-IG-A3QL","TCGA-IG-A3QL-01A-11R-A24K-31",-406.030810787246,-782.123200411897,-1188.15401119914,0.908723821943509,NA,"ESTIMATE",0.908723821943509
"TCGA-ESCA","TCGA-IG-A3Y9","TCGA-IG-A3Y9-01A-12R-A24K-31",657.264208797417,806.1885560359,1463.45276483332,0.682363700773391,NA,"ESTIMATE",0.682363700773391
"TCGA-ESCA","TCGA-IG-A3YA","TCGA-IG-A3YA-01A-11R-A24K-31",842.42652924894,1643.03321154567,2485.45974079461,0.56544481741703,NA,"ESTIMATE",0.56544481741703
"TCGA-ESCA","TCGA-IG-A3YB","TCGA-IG-A3YB-01A-11R-A36D-31",150.209175000342,986.194609804441,1136.40378480478,0.716657792351498,NA,"ESTIMATE",0.716657792351498
"TCGA-ESCA","TCGA-IG-A3YC","TCGA-IG-A3YC-01A-11R-A24K-31",714.537322341118,2016.92278107744,2731.46010341856,0.535299651932832,NA,"ESTIMATE",0.535299651932832
"TCGA-ESCA","TCGA-IG-A4P3","TCGA-IG-A4P3-01A-11R-A260-31",-336.626509297476,1598.43502254512,1261.80851324764,0.703698929175915,NA,"ESTIMATE",0.703698929175915
"TCGA-ESCA","TCGA-IG-A4QS","TCGA-IG-A4QS-01A-11R-A260-31",-878.848261463826,880.633152081996,1.78489061817015,0.822360334856959,NA,"ESTIMATE",0.822360334856959
"TCGA-ESCA","TCGA-IG-A4QT","TCGA-IG-A4QT-01A-21R-A260-31",718.679335483726,3613.54249306186,4332.22182854558,0.323938218478847,NA,"ESTIMATE",0.323938218478847
"TCGA-ESCA","TCGA-IG-A50L","TCGA-IG-A50L-01A-11R-A260-31",359.814078870432,196.427429658578,556.24150852901,0.773382322395723,NA,"ESTIMATE",0.773382322395723
"TCGA-ESCA","TCGA-IG-A51D","TCGA-IG-A51D-01A-11R-A36D-31",73.0004587942704,842.91216847752,915.91262727179,0.738851063886781,NA,"ESTIMATE",0.738851063886781
"TCGA-ESCA","TCGA-IG-A5B8","TCGA-IG-A5B8-01A-11R-A28J-31",-921.129067181043,517.178316866111,-403.950750314932,0.8547683835731,NA,"ESTIMATE",0.8547683835731
"TCGA-ESCA","TCGA-IG-A5S3","TCGA-IG-A5S3-01A-11R-A28J-31",-638.820107024286,67.7866134283627,-571.033493595923,0.867239173409213,NA,"ESTIMATE",0.867239173409213
"TCGA-ESCA","TCGA-IG-A625","TCGA-IG-A625-01A-11R-A31P-31",-340.294281876285,131.414071506537,-208.880210369748,0.839558651035706,NA,"ESTIMATE",0.839558651035706
"TCGA-ESCA","TCGA-IG-A6QS","TCGA-IG-A6QS-01A-12R-A336-31",-209.434164709016,1016.72244801133,807.288283302316,0.749501387489574,NA,"ESTIMATE",0.749501387489574
"TCGA-ESCA","TCGA-IG-A7DP","TCGA-IG-A7DP-01A-31R-A336-31",1995.67499631921,3375.80196100397,5371.47695732318,0.176410557404745,NA,"ESTIMATE",0.176410557404745
"TCGA-ESCA","TCGA-IG-A8O2","TCGA-IG-A8O2-01A-11R-A36D-31",-1068.60165978501,506.990356015515,-561.611303769491,0.866549725906913,NA,"ESTIMATE",0.866549725906913
"TCGA-ESCA","TCGA-IG-A97H","TCGA-IG-A97H-01A-11R-A38D-31",-223.838945554111,878.300452498681,654.46150694457,0.764162396390382,NA,"ESTIMATE",0.764162396390382
"TCGA-ESCA","TCGA-IG-A97I","TCGA-IG-A97I-01A-11R-A38D-31",-307.635580180413,217.942783818286,-89.6927963621272,0.829925978994481,NA,"ESTIMATE",0.829925978994481
"TCGA-ESCA","TCGA-JY-A6F8","TCGA-JY-A6F8-01A-11R-A336-31",-1233.57809548975,-65.1825345162227,-1298.76063000597,0.915380532854988,NA,"ESTIMATE",0.915380532854988
"TCGA-ESCA","TCGA-JY-A6FA","TCGA-JY-A6FA-01A-11R-A336-31",-1408.09108086403,-631.609342222099,-2039.70042308613,0.953671767626379,NA,"ESTIMATE",0.953671767626379
"TCGA-ESCA","TCGA-JY-A6FB","TCGA-JY-A6FB-01A-11R-A336-31",-708.120876249721,62.7028457797187,-645.418030470003,0.872623744091159,NA,"ESTIMATE",0.872623744091159
"TCGA-ESCA","TCGA-JY-A6FD","TCGA-JY-A6FD-01A-11R-A336-31",-778.182672450047,569.460389507643,-208.722282942404,0.839546056793287,NA,"ESTIMATE",0.839546056793287
"TCGA-ESCA","TCGA-JY-A6FE","TCGA-JY-A6FE-01A-11R-A336-31",200.512580536012,1280.98865646069,1481.5012369967,0.680424631371204,NA,"ESTIMATE",0.680424631371204
"TCGA-ESCA","TCGA-JY-A6FG","TCGA-JY-A6FG-01A-11R-A336-31",-1002.91006794513,-134.459133008208,-1137.36920095334,0.905587058119587,NA,"ESTIMATE",0.905587058119587
"TCGA-ESCA","TCGA-JY-A6FH","TCGA-JY-A6FH-01A-11R-A336-31",-1679.18251066604,-531.906487729466,-2211.08899839551,0.960937904390306,NA,"ESTIMATE",0.960937904390306
"TCGA-ESCA","TCGA-JY-A938","TCGA-JY-A938-01A-11R-A37I-31",-90.2995928958633,1498.54543916862,1408.24584627276,0.688265165024922,NA,"ESTIMATE",0.688265165024922
"TCGA-ESCA","TCGA-JY-A939","TCGA-JY-A939-01A-12R-A37I-31",424.303272918693,1809.0403542794,2233.34362719809,0.595574141100433,NA,"ESTIMATE",0.595574141100433
"TCGA-ESCA","TCGA-JY-A93C","TCGA-JY-A93C-01A-11R-A38D-31",-224.975566711734,306.581892558169,81.6063258464345,0.815637531785992,NA,"ESTIMATE",0.815637531785992
"TCGA-ESCA","TCGA-JY-A93D","TCGA-JY-A93D-01A-11R-A38D-31",1726.67218618555,2023.83299960959,3750.50518579514,0.403444746807307,NA,"ESTIMATE",0.403444746807307
"TCGA-ESCA","TCGA-JY-A93E","TCGA-JY-A93E-01A-11R-A37I-31",457.206078092387,1764.30793387515,2221.51401196754,0.596968133611252,NA,"ESTIMATE",0.596968133611252
"TCGA-ESCA","TCGA-JY-A93F","TCGA-JY-A93F-01A-21R-A37I-31",-1160.36181762864,-362.784599908304,-1523.14641753694,0.92814184029088,NA,"ESTIMATE",0.92814184029088
"TCGA-ESCA","TCGA-KH-A6WC","TCGA-KH-A6WC-01A-11R-A336-31",-1036.03187404004,92.973716875825,-943.058157164219,0.893122196490759,NA,"ESTIMATE",0.893122196490759
"TCGA-ESCA","TCGA-L5-A43C","TCGA-L5-A43C-01A-11R-A24K-31",1335.1822818416,2137.28742554125,3472.46970738285,0.440441922518188,NA,"ESTIMATE",0.440441922518188
"TCGA-ESCA","TCGA-L5-A43E","TCGA-L5-A43E-01A-11R-A24K-31",-1215.31031516079,344.537169254968,-870.773145905826,0.888299212289638,NA,"ESTIMATE",0.888299212289638
"TCGA-ESCA","TCGA-L5-A43H","TCGA-L5-A43H-01A-11R-A24K-31",-503.394556852828,439.987132023774,-63.407424829054,0.827767314417868,NA,"ESTIMATE",0.827767314417868
"TCGA-ESCA","TCGA-L5-A43I","TCGA-L5-A43I-01A-11R-A24K-31",-1307.86449839015,-276.377089992974,-1584.24158838313,0.931442624722717,NA,"ESTIMATE",0.931442624722717
"TCGA-ESCA","TCGA-L5-A43J","TCGA-L5-A43J-01A-12R-A24K-31",-138.938819006118,416.749133643925,277.810314637806,0.79863869354655,NA,"ESTIMATE",0.79863869354655
"TCGA-ESCA","TCGA-L5-A43M","TCGA-L5-A43M-01A-11R-A24K-31",-451.111384466567,553.768362522883,102.656978056316,0.813845885250092,NA,"ESTIMATE",0.813845885250092
"TCGA-ESCA","TCGA-L5-A4OE","TCGA-L5-A4OE-01A-11R-A260-31",-567.547029237246,1208.82827744388,641.281248206634,0.76540889904872,NA,"ESTIMATE",0.76540889904872
"TCGA-ESCA","TCGA-L5-A4OF","TCGA-L5-A4OF-01A-11R-A260-31",-794.699775082761,-221.417150237727,-1016.11692532049,0.89789463384923,NA,"ESTIMATE",0.89789463384923
"TCGA-ESCA","TCGA-L5-A4OG","TCGA-L5-A4OG-01A-11R-A260-31",-561.265468506238,1176.66421120552,615.39874269928,0.767848355646784,NA,"ESTIMATE",0.767848355646784
"TCGA-ESCA","TCGA-L5-A4OH","TCGA-L5-A4OH-01A-11R-A260-31",-1158.765758988,-452.787894300036,-1611.55365328803,0.932893997554572,NA,"ESTIMATE",0.932893997554572
"TCGA-ESCA","TCGA-L5-A4OI","TCGA-L5-A4OI-01A-11R-A36D-31",-1185.37662965008,-23.5024517139355,-1208.87908136402,0.90998942275382,NA,"ESTIMATE",0.90998942275382
"TCGA-ESCA","TCGA-L5-A4OJ","TCGA-L5-A4OJ-01A-11R-A260-31",-1103.00481142417,203.964560553348,-899.040250870818,0.890197181380667,NA,"ESTIMATE",0.890197181380667
"TCGA-ESCA","TCGA-L5-A4OM","TCGA-L5-A4OM-01A-11R-A260-31",-1377.43080967061,-260.832940296765,-1638.26374996737,0.934298879588223,NA,"ESTIMATE",0.934298879588223
"TCGA-ESCA","TCGA-L5-A4ON","TCGA-L5-A4ON-01A-11R-A260-31",-711.382466567605,140.343534307851,-571.038932259753,0.86723957089225,NA,"ESTIMATE",0.86723957089225
"TCGA-ESCA","TCGA-L5-A4OO","TCGA-L5-A4OO-01A-11R-A260-31",777.723433863836,1589.66836520721,2367.39179907104,0.579653556328368,NA,"ESTIMATE",0.579653556328368
"TCGA-ESCA","TCGA-L5-A4OP","TCGA-L5-A4OP-01A-11R-A260-31",-953.443408372616,577.442785939902,-376.000622432715,0.852631826393236,NA,"ESTIMATE",0.852631826393236
"TCGA-ESCA","TCGA-L5-A4OQ","TCGA-L5-A4OQ-01A-11R-A260-31",-113.248254973298,820.571925748527,707.323670775229,0.759134344588148,NA,"ESTIMATE",0.759134344588148
"TCGA-ESCA","TCGA-L5-A4OR","TCGA-L5-A4OR-01A-11R-A260-31",-708.139043478368,282.551657944616,-425.587385533752,0.856412448068112,NA,"ESTIMATE",0.856412448068112
"TCGA-ESCA","TCGA-L5-A4OS","TCGA-L5-A4OS-01A-11R-A28J-31",542.185503662204,1691.89742229165,2234.08292595385,0.595486963053568,NA,"ESTIMATE",0.595486963053568
"TCGA-ESCA","TCGA-L5-A4OT","TCGA-L5-A4OT-01A-11R-A28J-31",711.018848454357,1171.02704687801,1882.04589533237,0.636187448748602,NA,"ESTIMATE",0.636187448748602
"TCGA-ESCA","TCGA-L5-A4OU","TCGA-L5-A4OU-01A-11R-A28J-31",374.680865588064,1880.36873843159,2255.04960401965,0.593011658370478,NA,"ESTIMATE",0.593011658370478
"TCGA-ESCA","TCGA-L5-A4OW","TCGA-L5-A4OW-01A-11R-A28J-31",-526.854712654332,629.256041232503,102.401328578171,0.813867690534033,NA,"ESTIMATE",0.813867690534033
"TCGA-ESCA","TCGA-L5-A4OX","TCGA-L5-A4OX-01A-21R-A28J-31",-915.700430261697,292.272237687422,-623.428192574274,0.871042739753928,NA,"ESTIMATE",0.871042739753928
"TCGA-ESCA","TCGA-L5-A88S","TCGA-L5-A88S-01A-11R-A36D-31",1367.31367359096,789.162846797819,2156.47652038878,0.604599835871108,NA,"ESTIMATE",0.604599835871108
"TCGA-ESCA","TCGA-L5-A88T","TCGA-L5-A88T-01A-11R-A354-31",-27.1047343353719,476.607439849808,449.502705514436,0.783219572053611,NA,"ESTIMATE",0.783219572053611
"TCGA-ESCA","TCGA-L5-A88V","TCGA-L5-A88V-01A-11R-A354-31",-816.46042593923,-107.80124139461,-924.26166733384,0.891877713408983,NA,"ESTIMATE",0.891877713408983
"TCGA-ESCA","TCGA-L5-A88W","TCGA-L5-A88W-01A-11R-A354-31",-554.380346498864,1.23851261329558,-553.141833885568,0.865928576835432,NA,"ESTIMATE",0.865928576835432
"TCGA-ESCA","TCGA-L5-A88Y","TCGA-L5-A88Y-01A-11R-A354-31",486.73653027489,1616.56713702032,2103.30366729521,0.610798394194402,NA,"ESTIMATE",0.610798394194402
"TCGA-ESCA","TCGA-L5-A88Z","TCGA-L5-A88Z-01A-11R-A36D-31",-564.6671986993,-121.52980227345,-686.19700097275,0.875531555587263,NA,"ESTIMATE",0.875531555587263
"TCGA-ESCA","TCGA-L5-A891","TCGA-L5-A891-01A-11R-A36D-31",-746.008735882923,-18.5608178912991,-764.569553774222,0.881031868211932,NA,"ESTIMATE",0.881031868211932
"TCGA-ESCA","TCGA-L5-A893","TCGA-L5-A893-01A-11R-A36D-31",-504.808606350928,1326.22242462285,821.413818271918,0.748127137960562,NA,"ESTIMATE",0.748127137960562
"TCGA-ESCA","TCGA-L5-A8NE","TCGA-L5-A8NE-01A-11R-A37I-31",-1293.84240625639,-63.0799820217704,-1356.92238827816,0.918784229192321,NA,"ESTIMATE",0.918784229192321
"TCGA-ESCA","TCGA-L5-A8NF","TCGA-L5-A8NF-01A-11R-A37I-31",-908.208689073981,-229.767958246642,-1137.97664732062,0.905624875243568,NA,"ESTIMATE",0.905624875243568
"TCGA-ESCA","TCGA-L5-A8NG","TCGA-L5-A8NG-01A-11R-A37I-31",143.022768031899,840.318973664801,983.3417416967,0.732145155517251,NA,"ESTIMATE",0.732145155517251
"TCGA-ESCA","TCGA-L5-A8NH","TCGA-L5-A8NH-01A-11R-A37I-31",-714.960276824899,778.500617542557,63.5403407176586,0.817168940588907,NA,"ESTIMATE",0.817168940588907
"TCGA-ESCA","TCGA-L5-A8NI","TCGA-L5-A8NI-01A-11R-A37I-31",90.6678915685799,239.972767693309,330.640659261889,0.793947754517366,NA,"ESTIMATE",0.793947754517366
"TCGA-ESCA","TCGA-L5-A8NJ","TCGA-L5-A8NJ-01A-11R-A36D-31",-1811.91157874348,-238.403708802295,-2050.31528754577,0.9541393744278,NA,"ESTIMATE",0.9541393744278
"TCGA-ESCA","TCGA-L5-A8NK","TCGA-L5-A8NK-01A-21R-A37I-31",-770.213806676077,322.764624036188,-447.449182639889,0.858064847522604,NA,"ESTIMATE",0.858064847522604
"TCGA-ESCA","TCGA-L5-A8NL","TCGA-L5-A8NL-01A-12R-A37I-31",1428.9664530261,929.325049824562,2358.29150285066,0.580741547471797,NA,"ESTIMATE",0.580741547471797
"TCGA-ESCA","TCGA-L5-A8NM","TCGA-L5-A8NM-01A-11R-A37I-31",-532.26760134855,1254.24952748026,721.98192613171,0.757731998593948,NA,"ESTIMATE",0.757731998593948
"TCGA-ESCA","TCGA-L5-A8NN","TCGA-L5-A8NN-01A-11R-A37I-31",-820.037960393489,258.036429569575,-562.001530823914,0.866578312804948,NA,"ESTIMATE",0.866578312804948
"TCGA-ESCA","TCGA-L5-A8NQ","TCGA-L5-A8NQ-01A-11R-A36D-31",-44.144930993303,1030.17872664472,986.033795651414,0.73187593410214,NA,"ESTIMATE",0.73187593410214
"TCGA-ESCA","TCGA-L5-A8NR","TCGA-L5-A8NR-01A-11R-A37I-31",-225.969112087279,266.149351682312,40.1802395950329,0.819140597442321,NA,"ESTIMATE",0.819140597442321
"TCGA-ESCA","TCGA-L5-A8NS","TCGA-L5-A8NS-01A-12R-A37I-31",606.894155331996,1115.55005352214,1722.44420885413,0.654086476801882,NA,"ESTIMATE",0.654086476801882
"TCGA-ESCA","TCGA-L5-A8NT","TCGA-L5-A8NT-01A-11R-A37I-31",1022.16524099624,1112.37478236973,2134.54002336597,0.607161540162317,NA,"ESTIMATE",0.607161540162317
"TCGA-ESCA","TCGA-L5-A8NU","TCGA-L5-A8NU-01A-11R-A36D-31",1381.67396794168,2462.08222524367,3843.75619318535,0.390882615696139,NA,"ESTIMATE",0.390882615696139
"TCGA-ESCA","TCGA-L5-A8NV","TCGA-L5-A8NV-01A-11R-A37I-31",120.320435001002,1382.64552818036,1502.96596318136,0.678112314534881,NA,"ESTIMATE",0.678112314534881
"TCGA-ESCA","TCGA-L5-A8NW","TCGA-L5-A8NW-01A-11R-A37I-31",68.0214501488442,811.460091382034,879.481541530879,0.74244410364014,NA,"ESTIMATE",0.74244410364014
"TCGA-ESCA","TCGA-L7-A56G","TCGA-L7-A56G-01A-21R-A260-31",-715.25586404148,35.5604781053328,-679.695385936147,0.875070046655375,NA,"ESTIMATE",0.875070046655375
"TCGA-ESCA","TCGA-L7-A6VZ","TCGA-L7-A6VZ-01A-12R-A336-31",-1219.40514398192,119.446200761327,-1099.95894322059,0.903244184494422,NA,"ESTIMATE",0.903244184494422
"TCGA-ESCA","TCGA-LN-A49K","TCGA-LN-A49K-01A-11R-A24K-31",-258.055352442706,645.068586956336,387.01323451363,0.788889643243569,NA,"ESTIMATE",0.788889643243569
"TCGA-ESCA","TCGA-LN-A49L","TCGA-LN-A49L-01A-11R-A24K-31",-215.289815292368,577.889391884941,362.599576592572,0.791086845791205,NA,"ESTIMATE",0.791086845791205
"TCGA-ESCA","TCGA-LN-A49M","TCGA-LN-A49M-01A-21R-A260-31",-373.030245007175,-195.245065479035,-568.27531048621,0.867037521250357,NA,"ESTIMATE",0.867037521250357
"TCGA-ESCA","TCGA-LN-A49N","TCGA-LN-A49N-01A-11R-A24K-31",771.833321202659,1189.60052384414,1961.4338450468,0.62715358689198,NA,"ESTIMATE",0.62715358689198
"TCGA-ESCA","TCGA-LN-A49O","TCGA-LN-A49O-01A-11R-A24K-31",-254.413947548569,1204.09996456391,949.686017015341,0.735501265563422,NA,"ESTIMATE",0.735501265563422
"TCGA-ESCA","TCGA-LN-A49P","TCGA-LN-A49P-01A-11R-A24K-31",620.201998010381,1825.4223778849,2445.62437589528,0.570257952428216,NA,"ESTIMATE",0.570257952428216
"TCGA-ESCA","TCGA-LN-A49R","TCGA-LN-A49R-01A-11R-A24K-31",702.173321084695,1098.3392842064,1800.5126052911,0.645375500438347,NA,"ESTIMATE",0.645375500438347
"TCGA-ESCA","TCGA-LN-A49S","TCGA-LN-A49S-01A-11R-A24K-31",-1025.33425852764,513.163592346305,-512.170666181334,0.862904880528842,NA,"ESTIMATE",0.862904880528842
"TCGA-ESCA","TCGA-LN-A49U","TCGA-LN-A49U-01A-31R-A260-31",73.7716873365917,-647.946633606811,-574.174946270219,0.867468673437258,NA,"ESTIMATE",0.867468673437258
"TCGA-ESCA","TCGA-LN-A49V","TCGA-LN-A49V-01A-11R-A24K-31",-708.588552504059,-441.335218067127,-1149.92377057119,0.906367190433253,NA,"ESTIMATE",0.906367190433253
"TCGA-ESCA","TCGA-LN-A49W","TCGA-LN-A49W-01A-11R-A260-31",1399.07460144543,1927.49076512078,3326.56536656621,0.459567279230516,NA,"ESTIMATE",0.459567279230516
"TCGA-ESCA","TCGA-LN-A49X","TCGA-LN-A49X-01A-31R-A260-31",583.694508128003,675.242725861042,1258.93723398904,0.70399832072578,NA,"ESTIMATE",0.70399832072578
"TCGA-ESCA","TCGA-LN-A49Y","TCGA-LN-A49Y-01A-11R-A260-31",-388.903615700177,-261.249622224274,-650.153237924451,0.872963002370308,NA,"ESTIMATE",0.872963002370308
"TCGA-ESCA","TCGA-LN-A4A1","TCGA-LN-A4A1-01A-21R-A260-31",-62.9040257066663,300.938009645017,238.03398393835,0.802138855720055,NA,"ESTIMATE",0.802138855720055
"TCGA-ESCA","TCGA-LN-A4A2","TCGA-LN-A4A2-01A-31R-A260-31",-70.6727996834056,-146.166846671951,-216.839646355356,0.840192807839353,NA,"ESTIMATE",0.840192807839353
"TCGA-ESCA","TCGA-LN-A4A3","TCGA-LN-A4A3-01A-11R-A260-31",-878.658495453919,0.0660496163937576,-878.592445837525,0.888825763602472,NA,"ESTIMATE",0.888825763602472
"TCGA-ESCA","TCGA-LN-A4A4","TCGA-LN-A4A4-01A-11R-A260-31",171.915801005165,-454.097102226348,-282.181301221183,0.845355379115223,NA,"ESTIMATE",0.845355379115223
"TCGA-ESCA","TCGA-LN-A4A5","TCGA-LN-A4A5-01A-21R-A260-31",811.408655689115,763.947640680477,1575.35629636959,0.670264466193119,NA,"ESTIMATE",0.670264466193119
"TCGA-ESCA","TCGA-LN-A4A6","TCGA-LN-A4A6-01A-11R-A260-31",-468.740413496399,-14.2844217248943,-483.024835221293,0.86073489628397,NA,"ESTIMATE",0.86073489628397
"TCGA-ESCA","TCGA-LN-A4A8","TCGA-LN-A4A8-01A-32R-A260-31",330.923482332299,492.442567282039,823.366049614339,0.747936955544769,NA,"ESTIMATE",0.747936955544769
"TCGA-ESCA","TCGA-LN-A4A9","TCGA-LN-A4A9-01A-11R-A28J-31",460.413127908377,1640.83959759715,2101.25272550553,0.611036737268869,NA,"ESTIMATE",0.611036737268869
"TCGA-ESCA","TCGA-LN-A4MQ","TCGA-LN-A4MQ-01A-11R-A28J-31",-1120.16388646274,-1018.70225190305,-2138.86613836579,0.957949851216436,NA,"ESTIMATE",0.957949851216436
"TCGA-ESCA","TCGA-LN-A4MR","TCGA-LN-A4MR-01A-11R-A28J-31",607.121473895706,971.435170530636,1578.55664442634,0.669915762495034,NA,"ESTIMATE",0.669915762495034
"TCGA-ESCA","TCGA-LN-A5U5","TCGA-LN-A5U5-01A-21R-A28J-31",-972.47338763386,492.282892649829,-480.190494984031,0.860523030979143,NA,"ESTIMATE",0.860523030979143
"TCGA-ESCA","TCGA-LN-A5U6","TCGA-LN-A5U6-01A-11R-A28J-31",129.258536192777,141.739800341401,270.998336534179,0.799240056463825,NA,"ESTIMATE",0.799240056463825
"TCGA-ESCA","TCGA-LN-A5U7","TCGA-LN-A5U7-01A-11R-A31P-31",-723.161590724294,-92.446958886345,-815.608549610639,0.884551219942619,NA,"ESTIMATE",0.884551219942619
"TCGA-ESCA","TCGA-LN-A7HV","TCGA-LN-A7HV-01A-21R-A354-31",-828.8719943702,13.0915549742803,-815.780439395919,0.884562988685165,NA,"ESTIMATE",0.884562988685165
"TCGA-ESCA","TCGA-LN-A7HW","TCGA-LN-A7HW-01A-22R-A354-31",558.870526190561,-370.231061696812,188.639464493749,0.806447304698127,NA,"ESTIMATE",0.806447304698127
"TCGA-ESCA","TCGA-LN-A7HX","TCGA-LN-A7HX-01A-11R-A336-31",-292.52152662228,440.020183813809,147.498657191529,0.81000347044818,NA,"ESTIMATE",0.81000347044818
"TCGA-ESCA","TCGA-LN-A7HY","TCGA-LN-A7HY-01A-12R-A354-31",568.291419959801,710.497368006571,1278.78878796637,0.701925822903179,NA,"ESTIMATE",0.701925822903179
"TCGA-ESCA","TCGA-LN-A7HZ","TCGA-LN-A7HZ-01A-31R-A354-31",257.322346462799,1422.25446235835,1679.57680882115,0.658833220082328,NA,"ESTIMATE",0.658833220082328
"TCGA-ESCA","TCGA-LN-A8HZ","TCGA-LN-A8HZ-01A-11R-A36D-31",-1089.16651267718,-482.157289326983,-1571.32380200417,0.930750952634239,NA,"ESTIMATE",0.930750952634239
"TCGA-ESCA","TCGA-LN-A8I0","TCGA-LN-A8I0-01A-11R-A36D-31",-295.653593335843,-2.66251316580036,-298.316106501643,0.846618217770344,NA,"ESTIMATE",0.846618217770344
"TCGA-ESCA","TCGA-LN-A8I1","TCGA-LN-A8I1-01A-11R-A36D-31",-720.628725747282,1018.03050691323,297.401781165945,0.796904705963682,NA,"ESTIMATE",0.796904705963682
"TCGA-ESCA","TCGA-LN-A9FO","TCGA-LN-A9FO-01A-11R-A38D-31",-665.195328591619,1030.73932472869,365.543996137068,0.79082238944816,NA,"ESTIMATE",0.79082238944816
"TCGA-ESCA","TCGA-LN-A9FP","TCGA-LN-A9FP-01A-31R-A38D-31",1339.94631758853,781.525872350779,2121.47218993931,0.608684587574996,NA,"ESTIMATE",0.608684587574996
"TCGA-ESCA","TCGA-LN-A9FQ","TCGA-LN-A9FQ-01A-31R-A38D-31",246.355384703439,46.7833665037048,293.138751207143,0.797282576699744,NA,"ESTIMATE",0.797282576699744
"TCGA-ESCA","TCGA-LN-A9FR","TCGA-LN-A9FR-01A-11R-A38D-31",809.067727829796,567.403556747676,1376.47128457747,0.691641307636835,NA,"ESTIMATE",0.691641307636835
"TCGA-ESCA","TCGA-M9-A5M8","TCGA-M9-A5M8-01A-11R-A28J-31",-834.453120187883,368.75868040262,-465.694439785263,0.859437130940609,NA,"ESTIMATE",0.859437130940609
"TCGA-ESCA","TCGA-Q9-A6FU","TCGA-Q9-A6FU-01A-11R-A31P-31",-244.79166142819,257.991461189093,13.1997997609025,0.821405833252341,NA,"ESTIMATE",0.821405833252341
"TCGA-ESCA","TCGA-Q9-A6FW","TCGA-Q9-A6FW-01A-31R-A31P-31",-480.247717015363,872.191484182896,391.943767167533,0.788444670116058,NA,"ESTIMATE",0.788444670116058
"TCGA-ESCA","TCGA-R6-A6DN","TCGA-R6-A6DN-01B-11R-A31P-31",-668.047806902943,506.060130497473,-161.98767640547,0.835799318617739,NA,"ESTIMATE",0.835799318617739
"TCGA-ESCA","TCGA-R6-A6DQ","TCGA-R6-A6DQ-01B-11R-A31P-31",-8.75116935228362,1113.62104084577,1104.86987149349,0.719878352926599,NA,"ESTIMATE",0.719878352926599
"TCGA-ESCA","TCGA-R6-A6KZ","TCGA-R6-A6KZ-01A-11R-A31P-31",90.6304269951306,344.914060914218,435.544487909349,0.784491823688947,NA,"ESTIMATE",0.784491823688947
"TCGA-ESCA","TCGA-R6-A6L4","TCGA-R6-A6L4-01A-11R-A31P-31",-1756.92451508931,-402.010749505961,-2158.93526459527,0.958790981347248,NA,"ESTIMATE",0.958790981347248
"TCGA-ESCA","TCGA-R6-A6L6","TCGA-R6-A6L6-01B-11R-A336-31",-9.22520889562933,638.392842870716,629.167633975087,0.766551998960776,NA,"ESTIMATE",0.766551998960776
"TCGA-ESCA","TCGA-R6-A6XG","TCGA-R6-A6XG-01B-11R-A336-31",-1429.86304409356,-645.576067401773,-2075.43911149533,0.955236899203824,NA,"ESTIMATE",0.955236899203824
"TCGA-ESCA","TCGA-R6-A6XQ","TCGA-R6-A6XQ-01B-11R-A336-31",-2194.95843466636,-1010.98740107746,-3205.94583574383,0.990983040313324,NA,"ESTIMATE",0.990983040313324
"TCGA-ESCA","TCGA-R6-A6Y0","TCGA-R6-A6Y0-01B-11R-A336-31",-824.420880255918,500.36396112398,-324.056919131938,0.848623064735068,NA,"ESTIMATE",0.848623064735068
"TCGA-ESCA","TCGA-R6-A6Y2","TCGA-R6-A6Y2-01B-11R-A336-31",940.55413687655,1433.96069627689,2374.51483315344,0.578801236147209,NA,"ESTIMATE",0.578801236147209
"TCGA-ESCA","TCGA-R6-A8W5","TCGA-R6-A8W5-01B-11R-A37I-31",108.474777923817,957.755833429309,1066.23061135313,0.723803547320656,NA,"ESTIMATE",0.723803547320656
"TCGA-ESCA","TCGA-R6-A8W8","TCGA-R6-A8W8-01B-11R-A37I-31",-864.465405672518,482.583995631702,-381.881410040816,0.853082557574724,NA,"ESTIMATE",0.853082557574724
"TCGA-ESCA","TCGA-R6-A8WC","TCGA-R6-A8WC-01A-11R-A37I-31",-1503.77040057035,-808.193798670904,-2311.96419924125,0.964930541683981,NA,"ESTIMATE",0.964930541683981
"TCGA-ESCA","TCGA-R6-A8WG","TCGA-R6-A8WG-01A-11R-A37I-31",-509.790028694273,517.834511743447,8.04448304917361,0.821837200651082,NA,"ESTIMATE",0.821837200651082
"TCGA-ESCA","TCGA-RE-A7BO","TCGA-RE-A7BO-01A-11R-A336-31",-391.916464610772,736.005510807403,344.089046196631,0.792746003113649,NA,"ESTIMATE",0.792746003113649
"TCGA-ESCA","TCGA-S8-A6BV","TCGA-S8-A6BV-01A-21R-A31P-31",193.483211650418,662.926642646036,856.409854296455,0.744708589644632,NA,"ESTIMATE",0.744708589644632
"TCGA-ESCA","TCGA-S8-A6BW","TCGA-S8-A6BW-01A-11R-A31P-31",601.189702327567,-97.7224387681567,503.46726355941,0.778269976379141,NA,"ESTIMATE",0.778269976379141
"TCGA-ESCA","TCGA-V5-A7RB","TCGA-V5-A7RB-01A-11R-A354-31",-1092.37309689546,161.017907764241,-931.355189131218,0.892348161388051,NA,"ESTIMATE",0.892348161388051
"TCGA-ESCA","TCGA-V5-A7RC","TCGA-V5-A7RC-01B-11R-A406-31",-566.777583867246,-471.538582057095,-1038.31616592434,0.899324329969354,NA,"ESTIMATE",0.899324329969354
"TCGA-ESCA","TCGA-V5-A7RE","TCGA-V5-A7RE-01A-11R-A354-31",-1572.08539261218,-376.794501605476,-1948.87989421766,0.949576402184169,NA,"ESTIMATE",0.949576402184169
"TCGA-ESCA","TCGA-V5-AASV","TCGA-V5-AASV-01A-11R-A38D-31",-672.851627206183,1062.77805968209,389.926432475905,0.788626781459063,NA,"ESTIMATE",0.788626781459063
"TCGA-ESCA","TCGA-V5-AASW","TCGA-V5-AASW-01A-11R-A406-31",-1540.42835761904,-83.2129612211663,-1623.64131884021,0.933531555240137,NA,"ESTIMATE",0.933531555240137
"TCGA-ESCA","TCGA-V5-AASX","TCGA-V5-AASX-01A-11R-A38D-31",-520.079509440553,874.283240710261,354.203731269708,0.791840116429532,NA,"ESTIMATE",0.791840116429532
"TCGA-ESCA","TCGA-VR-A8EO","TCGA-VR-A8EO-01A-11R-A36D-31",-536.805893865286,227.927031820048,-308.878862045238,0.847442371664538,NA,"ESTIMATE",0.847442371664538
"TCGA-ESCA","TCGA-VR-A8EP","TCGA-VR-A8EP-01A-31R-A406-31",-1543.26399257497,-509.112796811392,-2052.37678938636,0.954229919272685,NA,"ESTIMATE",0.954229919272685
"TCGA-ESCA","TCGA-VR-A8EQ","TCGA-VR-A8EQ-01A-11R-A36D-31",-799.17498852712,1113.08471334104,313.909724813922,0.795438515784209,NA,"ESTIMATE",0.795438515784209
"TCGA-ESCA","TCGA-VR-A8ER","TCGA-VR-A8ER-01A-11R-A36D-31",167.355470783649,435.622834177187,602.978304960836,0.769015063201662,NA,"ESTIMATE",0.769015063201662
"TCGA-ESCA","TCGA-VR-A8ET","TCGA-VR-A8ET-01A-11R-A406-31",-901.201557020059,-126.176968923871,-1027.37852594393,0.898621106394481,NA,"ESTIMATE",0.898621106394481
"TCGA-ESCA","TCGA-VR-A8EU","TCGA-VR-A8EU-01A-11R-A36D-31",-84.8716509611779,787.934207818897,703.062556857719,0.759541343613595,NA,"ESTIMATE",0.759541343613595
"TCGA-ESCA","TCGA-VR-A8EW","TCGA-VR-A8EW-01A-11R-A36D-31",-1153.59460663802,-140.199201148567,-1293.79380778659,0.915086772753278,NA,"ESTIMATE",0.915086772753278
"TCGA-ESCA","TCGA-VR-A8EX","TCGA-VR-A8EX-01A-11R-A36D-31",-1547.88998541478,448.230566200277,-1099.65941921451,0.903225316346959,NA,"ESTIMATE",0.903225316346959
"TCGA-ESCA","TCGA-VR-A8EY","TCGA-VR-A8EY-01A-11R-A36D-31",-884.631396290615,-130.461816101455,-1015.09321239207,0.897828473649639,NA,"ESTIMATE",0.897828473649639
"TCGA-ESCA","TCGA-VR-A8EZ","TCGA-VR-A8EZ-01A-11R-A36D-31",84.4839910423718,256.113835850833,340.597826893205,0.793058276473916,NA,"ESTIMATE",0.793058276473916
"TCGA-ESCA","TCGA-VR-A8Q7","TCGA-VR-A8Q7-01A-11R-A37I-31",-624.273247634092,686.074328178701,61.8010805446089,0.817316070279504,NA,"ESTIMATE",0.817316070279504
"TCGA-ESCA","TCGA-VR-AA4D","TCGA-VR-AA4D-01A-11R-A37I-31",-1731.07172056585,-591.814757921347,-2322.88647848719,0.965350166670838,NA,"ESTIMATE",0.965350166670838
"TCGA-ESCA","TCGA-VR-AA4G","TCGA-VR-AA4G-01A-11R-A37I-31",84.8961502612689,869.303547222286,954.199697483555,0.735052207045675,NA,"ESTIMATE",0.735052207045675
"TCGA-ESCA","TCGA-VR-AA7B","TCGA-VR-AA7B-01A-31R-A406-31",24.589748805099,-259.187672474936,-234.597923669837,0.841603538234226,NA,"ESTIMATE",0.841603538234226
"TCGA-ESCA","TCGA-VR-AA7D","TCGA-VR-AA7D-01A-11R-A406-31",95.3236487463613,1102.8188797637,1198.14252851006,0.710308013880457,NA,"ESTIMATE",0.710308013880457
"TCGA-ESCA","TCGA-VR-AA7I","TCGA-VR-AA7I-01A-11R-A406-31",473.417205245176,1420.68892196982,1894.106127215,0.634820603336424,NA,"ESTIMATE",0.634820603336424
"TCGA-ESCA","TCGA-X8-AAAR","TCGA-X8-AAAR-01A-11R-A406-31",-271.541439909918,976.102347229541,704.560907319623,0.75939826298141,NA,"ESTIMATE",0.75939826298141
"TCGA-ESCA","TCGA-XP-A8T6","TCGA-XP-A8T6-01A-11R-A36D-31",-317.031402271246,-11.3771970395617,-328.408599310808,0.848960802900958,NA,"ESTIMATE",0.848960802900958
"TCGA-ESCA","TCGA-XP-A8T8","TCGA-XP-A8T8-01A-11R-A36D-31",-1357.9595246631,-71.2840207945448,-1429.24354545765,0.922923115168409,NA,"ESTIMATE",0.922923115168409
"TCGA-ESCA","TCGA-Z6-A8JD","TCGA-Z6-A8JD-01A-11R-A36D-31",-18.0846924914801,682.466093948129,664.381401456649,0.763222350882233,NA,"ESTIMATE",0.763222350882233
"TCGA-ESCA","TCGA-Z6-A8JE","TCGA-Z6-A8JE-01A-11R-A37I-31",317.520374173722,-51.6148639863979,265.905510187324,0.799689130271259,NA,"ESTIMATE",0.799689130271259
"TCGA-ESCA","TCGA-Z6-A9VB","TCGA-Z6-A9VB-01A-21R-A37I-31",-1146.34312552566,-162.939320535556,-1309.28244606122,0.916001232809159,NA,"ESTIMATE",0.916001232809159
"TCGA-ESCA","TCGA-Z6-AAPN","TCGA-Z6-AAPN-01A-11R-A406-31",-545.507161521929,1184.6003987204,639.093237198472,0.765615549661524,NA,"ESTIMATE",0.765615549661524
"TCGA-ESCA","TCGA-ZR-A9CJ","TCGA-ZR-A9CJ-01B-11R-A38D-31",542.419934900574,475.80542101495,1018.22535591552,0.728647744123348,NA,"ESTIMATE",0.728647744123348
"TCGA-PAAD","TCGA-2J-AAB1","TCGA-2J-AAB1-01A-11R-A41B-07",635.892658765474,1322.3250069963,1958.21766576177,0.627521231904408,NA,"ESTIMATE",0.627521231904408
"TCGA-PAAD","TCGA-2J-AAB4","TCGA-2J-AAB4-01A-12R-A41B-07",464.102453930671,1347.3620353012,1811.46448923187,0.644146669600925,NA,"ESTIMATE",0.644146669600925
"TCGA-PAAD","TCGA-2J-AAB6","TCGA-2J-AAB6-01A-11R-A41B-07",904.891747025272,845.876088833303,1750.76783585857,0.65093595711545,NA,"ESTIMATE",0.65093595711545
"TCGA-PAAD","TCGA-2J-AAB8","TCGA-2J-AAB8-01A-12R-A41B-07",1175.82168675369,933.922962668444,2109.74464942213,0.610049518011811,NA,"ESTIMATE",0.610049518011811
"TCGA-PAAD","TCGA-2J-AAB9","TCGA-2J-AAB9-01A-11R-A41B-07",1027.10677175569,1246.58010324393,2273.68687499962,0.590806644785704,NA,"ESTIMATE",0.590806644785704
"TCGA-PAAD","TCGA-2J-AABA","TCGA-2J-AABA-01A-21R-A41B-07",945.928567531068,874.166829229565,1820.09539676063,0.64317708547965,NA,"ESTIMATE",0.64317708547965
"TCGA-PAAD","TCGA-2J-AABE","TCGA-2J-AABE-01A-12R-A41B-07",959.658931631396,1157.61309073577,2117.27202236716,0.609173639005282,NA,"ESTIMATE",0.609173639005282
"TCGA-PAAD","TCGA-2J-AABF","TCGA-2J-AABF-01A-31R-A41B-07",1109.62270091714,1929.38164019783,3039.00434111497,0.496635861926479,NA,"ESTIMATE",0.496635861926479
"TCGA-PAAD","TCGA-2J-AABH","TCGA-2J-AABH-01A-21R-A41B-07",393.042861870773,874.585255768236,1267.62811763901,0.703091729030923,NA,"ESTIMATE",0.703091729030923
"TCGA-PAAD","TCGA-2J-AABI","TCGA-2J-AABI-01A-12R-A41B-07",440.195021652588,1406.32505199857,1846.52007365116,0.640202162013133,NA,"ESTIMATE",0.640202162013133
"TCGA-PAAD","TCGA-2J-AABK","TCGA-2J-AABK-01A-31R-A41B-07",-386.643394097964,644.50293033187,257.859536233905,0.800397695027385,NA,"ESTIMATE",0.800397695027385
"TCGA-PAAD","TCGA-2J-AABO","TCGA-2J-AABO-01A-21R-A41B-07",767.62511548914,728.801034985205,1496.42615047435,0.678817538886072,NA,"ESTIMATE",0.678817538886072
"TCGA-PAAD","TCGA-2J-AABP","TCGA-2J-AABP-01A-11R-A41B-07",1753.9137876435,2212.03346308885,3965.94725073235,0.374311394457388,NA,"ESTIMATE",0.374311394457388
"TCGA-PAAD","TCGA-2J-AABR","TCGA-2J-AABR-01A-11R-A41B-07",1131.92848187234,1988.17585618509,3120.10433805743,0.486268263712636,NA,"ESTIMATE",0.486268263712636
"TCGA-PAAD","TCGA-2J-AABT","TCGA-2J-AABT-01A-11R-A41B-07",1310.72647945789,1651.1680057206,2961.89448517849,0.506428121399627,NA,"ESTIMATE",0.506428121399627
"TCGA-PAAD","TCGA-2J-AABU","TCGA-2J-AABU-01A-11R-A41B-07",738.592819986616,953.359380278447,1691.95220026506,0.657465552685362,NA,"ESTIMATE",0.657465552685362
"TCGA-PAAD","TCGA-2J-AABV","TCGA-2J-AABV-01A-12R-A41B-07",38.6807141186046,917.939927893726,956.620642012331,0.734811218365253,NA,"ESTIMATE",0.734811218365253
"TCGA-PAAD","TCGA-2L-AAQA","TCGA-2L-AAQA-01A-21R-A38C-07",164.950478095332,425.652217525998,590.60269562133,0.770175017466952,NA,"ESTIMATE",0.770175017466952
"TCGA-PAAD","TCGA-2L-AAQE","TCGA-2L-AAQE-01A-11R-A39D-07",303.552220724571,820.689954225444,1124.24217495001,0.717901681141007,NA,"ESTIMATE",0.717901681141007
"TCGA-PAAD","TCGA-2L-AAQI","TCGA-2L-AAQI-01A-12R-A39D-07",336.885997062994,640.673637273703,977.559634336697,0.732723014120758,NA,"ESTIMATE",0.732723014120758
"TCGA-PAAD","TCGA-2L-AAQJ","TCGA-2L-AAQJ-01A-12R-A39D-07",513.566704863451,1198.85996856043,1712.42667342388,0.655198052765523,NA,"ESTIMATE",0.655198052765523
"TCGA-PAAD","TCGA-2L-AAQL","TCGA-2L-AAQL-01A-11R-A38C-07",769.023454740653,1352.79169013573,2121.81514487638,0.608644644995407,NA,"ESTIMATE",0.608644644995407
"TCGA-PAAD","TCGA-2L-AAQM","TCGA-2L-AAQM-01A-11R-A39D-07",-406.345076477466,-47.4981144491972,-453.843190926663,0.858546462090758,NA,"ESTIMATE",0.858546462090758
"TCGA-PAAD","TCGA-3A-A9I5","TCGA-3A-A9I5-01A-11R-A38C-07",217.258910049536,645.387690726701,862.646600776237,0.744097294303205,NA,"ESTIMATE",0.744097294303205
"TCGA-PAAD","TCGA-3A-A9I7","TCGA-3A-A9I7-01A-21R-A38C-07",1002.42659884774,1428.26794694562,2430.69454579336,0.57205684487151,NA,"ESTIMATE",0.57205684487151
"TCGA-PAAD","TCGA-3A-A9I9","TCGA-3A-A9I9-01A-11R-A38C-07",608.92758036546,1235.39144519678,1844.31902556224,0.640450327140488,NA,"ESTIMATE",0.640450327140488
"TCGA-PAAD","TCGA-3A-A9IB","TCGA-3A-A9IB-01A-21R-A39D-07",1285.58178227722,1193.34714696129,2478.92892923851,0.566235236533434,NA,"ESTIMATE",0.566235236533434
"TCGA-PAAD","TCGA-3A-A9IC","TCGA-3A-A9IC-01A-11R-A38C-07",1243.15848156197,1045.44117022867,2288.59965179064,0.589039098354674,NA,"ESTIMATE",0.589039098354674
"TCGA-PAAD","TCGA-3A-A9IH","TCGA-3A-A9IH-01A-12R-A39D-07",336.89777954916,676.811436035607,1013.70921558477,0.729101608324035,NA,"ESTIMATE",0.729101608324035
"TCGA-PAAD","TCGA-3A-A9IJ","TCGA-3A-A9IJ-01A-11R-A39D-07",-739.531970413422,-785.108272105024,-1524.64024251845,0.928223438427603,NA,"ESTIMATE",0.928223438427603
"TCGA-PAAD","TCGA-3A-A9IL","TCGA-3A-A9IL-01A-11R-A38C-07",86.8705513010556,51.4328569714321,138.303408272488,0.810794263060952,NA,"ESTIMATE",0.810794263060952
"TCGA-PAAD","TCGA-3A-A9IN","TCGA-3A-A9IN-01A-11R-A39D-07",554.234190561236,178.105056051715,732.339246612951,0.75673900484798,NA,"ESTIMATE",0.75673900484798
"TCGA-PAAD","TCGA-3A-A9IO","TCGA-3A-A9IO-01A-11R-A38C-07",-851.952555602812,-591.582470815876,-1443.53502641869,0.923728712939963,NA,"ESTIMATE",0.923728712939963
"TCGA-PAAD","TCGA-3A-A9IR","TCGA-3A-A9IR-01A-11R-A38C-07",-1084.14576057603,-607.912788667339,-1692.05854924336,0.937084733578214,NA,"ESTIMATE",0.937084733578214
"TCGA-PAAD","TCGA-3A-A9IS","TCGA-3A-A9IS-01A-21R-A39D-07",-1460.79277049945,-1120.27158626098,-2581.06435676043,0.974544312830345,NA,"ESTIMATE",0.974544312830345
"TCGA-PAAD","TCGA-3A-A9IU","TCGA-3A-A9IU-01A-11R-A39D-07",568.964173035932,630.560670272363,1199.5248433083,0.710165174302842,NA,"ESTIMATE",0.710165174302842
"TCGA-PAAD","TCGA-3A-A9IV","TCGA-3A-A9IV-01A-11R-A41B-07",250.044474287854,-547.711295619534,-297.66682133168,0.8465674911897,NA,"ESTIMATE",0.8465674911897
"TCGA-PAAD","TCGA-3A-A9IX","TCGA-3A-A9IX-01A-11R-A41B-07",1412.43660483448,2074.2817762336,3486.71838106808,0.438563215418341,NA,"ESTIMATE",0.438563215418341
"TCGA-PAAD","TCGA-3A-A9IZ","TCGA-3A-A9IZ-01A-12R-A41B-07",140.19186737544,508.721890402316,648.913757777756,0.764687415084516,NA,"ESTIMATE",0.764687415084516
"TCGA-PAAD","TCGA-3A-A9J0","TCGA-3A-A9J0-01A-11R-A41B-07",884.676732060565,895.872877675602,1780.54960973617,0.647611108993733,NA,"ESTIMATE",0.647611108993733
"TCGA-PAAD","TCGA-3E-AAAY","TCGA-3E-AAAY-01A-11R-A38C-07",1271.65558302384,1896.93613306465,3168.59171608849,0.480036760928902,NA,"ESTIMATE",0.480036760928902
"TCGA-PAAD","TCGA-3E-AAAZ","TCGA-3E-AAAZ-01A-11R-A38C-07",719.990825050198,469.52534915877,1189.51617420897,0.71119874527627,NA,"ESTIMATE",0.71119874527627
"TCGA-PAAD","TCGA-F2-6879","TCGA-F2-6879-01A-11R-2156-07",815.422535416427,757.250850118797,1572.67338553522,0.670556676962562,NA,"ESTIMATE",0.670556676962562
"TCGA-PAAD","TCGA-F2-6880","TCGA-F2-6880-01A-11R-2156-07",-450.677956137817,-135.247424010244,-585.92538014806,0.868325470138246,NA,"ESTIMATE",0.868325470138246
"TCGA-PAAD","TCGA-F2-7273","TCGA-F2-7273-01A-11R-2156-07",1851.45261073925,2014.84535018876,3866.29796092801,0.38783486334722,NA,"ESTIMATE",0.38783486334722
"TCGA-PAAD","TCGA-F2-7276","TCGA-F2-7276-01A-11R-2156-07",1554.71359575297,1932.11514774599,3486.82874349896,0.43854865648296,NA,"ESTIMATE",0.43854865648296
"TCGA-PAAD","TCGA-F2-A44G","TCGA-F2-A44G-01A-11R-A26U-07",802.028870130743,1044.22776498031,1846.25663511106,0.640231867865225,NA,"ESTIMATE",0.640231867865225
"TCGA-PAAD","TCGA-F2-A44H","TCGA-F2-A44H-01A-11R-A26U-07",1630.04585428885,1585.62752075549,3215.67337504435,0.473962645546005,NA,"ESTIMATE",0.473962645546005
"TCGA-PAAD","TCGA-F2-A7TX","TCGA-F2-A7TX-01A-33R-A38C-07",655.921659869686,1780.26970045388,2436.19136032357,0.571394853817644,NA,"ESTIMATE",0.571394853817644
"TCGA-PAAD","TCGA-F2-A8YN","TCGA-F2-A8YN-01A-11R-A37L-07",649.133040189044,848.086079993073,1497.21912018212,0.678732061869087,NA,"ESTIMATE",0.678732061869087
"TCGA-PAAD","TCGA-FB-A4P5","TCGA-FB-A4P5-01A-11R-A26U-07",1518.70281323883,2513.19438810417,4031.89720134299,0.365317063944119,NA,"ESTIMATE",0.365317063944119
"TCGA-PAAD","TCGA-FB-A4P6","TCGA-FB-A4P6-01A-12R-A26U-07",856.179965038661,1414.78227694161,2270.96224198028,0.591129278037154,NA,"ESTIMATE",0.591129278037154
"TCGA-PAAD","TCGA-FB-A545","TCGA-FB-A545-01A-11R-A26U-07",106.91012654713,-188.009778457078,-81.0996519099475,0.829221631831053,NA,"ESTIMATE",0.829221631831053
"TCGA-PAAD","TCGA-FB-A5VM","TCGA-FB-A5VM-01A-11R-A32O-07",900.301844594599,1737.02258971077,2637.32443430537,0.546919740036094,NA,"ESTIMATE",0.546919740036094
"TCGA-PAAD","TCGA-FB-A78T","TCGA-FB-A78T-01A-12R-A32O-07",176.051865127261,1216.95621261227,1393.00807773953,0.68988609667312,NA,"ESTIMATE",0.68988609667312
"TCGA-PAAD","TCGA-FB-A7DR","TCGA-FB-A7DR-01A-21R-A33R-07",1346.16015302863,1184.79043817648,2530.95059120511,0.559924718556684,NA,"ESTIMATE",0.559924718556684
"TCGA-PAAD","TCGA-FB-AAPP","TCGA-FB-AAPP-01A-12R-A41B-07",-1501.13898272492,-530.897842405332,-2032.03682513025,0.953332730959904,NA,"ESTIMATE",0.953332730959904
"TCGA-PAAD","TCGA-FB-AAPQ","TCGA-FB-AAPQ-01A-11R-A41B-07",209.448433224453,593.138782165868,802.587215390321,0.749958032116149,NA,"ESTIMATE",0.749958032116149
"TCGA-PAAD","TCGA-FB-AAPS","TCGA-FB-AAPS-01A-12R-A39D-07",2061.42078127738,2127.6718697049,4189.09265098228,0.343742087189899,NA,"ESTIMATE",0.343742087189899
"TCGA-PAAD","TCGA-FB-AAPU","TCGA-FB-AAPU-01A-31R-A41B-07",-587.056458493967,233.077013920545,-353.979444573422,0.850938378591245,NA,"ESTIMATE",0.850938378591245
"TCGA-PAAD","TCGA-FB-AAPY","TCGA-FB-AAPY-01A-11R-A41B-07",932.903231031304,1986.27979224623,2919.18302327753,0.511824251661865,NA,"ESTIMATE",0.511824251661865
"TCGA-PAAD","TCGA-FB-AAPZ","TCGA-FB-AAPZ-01A-11R-A41B-07",753.759743511322,1479.82191815691,2233.58166166823,0.59554607286135,NA,"ESTIMATE",0.59554607286135
"TCGA-PAAD","TCGA-FB-AAQ0","TCGA-FB-AAQ0-01A-31R-A41B-07",-178.795926205978,99.7203887596971,-79.0755374462809,0.829055530886607,NA,"ESTIMATE",0.829055530886607
"TCGA-PAAD","TCGA-FB-AAQ1","TCGA-FB-AAQ1-01A-12R-A41B-07",353.108606469577,1090.11829382081,1443.22690029039,0.684531010573932,NA,"ESTIMATE",0.684531010573932
"TCGA-PAAD","TCGA-FB-AAQ2","TCGA-FB-AAQ2-01A-31R-A41B-07",-191.825650939001,226.334595653442,34.508944714441,0.819617818238925,NA,"ESTIMATE",0.819617818238925
"TCGA-PAAD","TCGA-FB-AAQ3","TCGA-FB-AAQ3-01A-11R-A41B-07",769.951785285464,1269.82062925135,2039.77241453682,0.618155648814651,NA,"ESTIMATE",0.618155648814651
"TCGA-PAAD","TCGA-FB-AAQ6","TCGA-FB-AAQ6-01A-11R-A41B-07",-23.2995485481139,411.774458644972,388.474910096858,0.788757772311673,NA,"ESTIMATE",0.788757772311673
"TCGA-PAAD","TCGA-H6-8124","TCGA-H6-8124-01A-11R-2404-07",411.127361138645,218.246211227849,629.373572366494,0.766532585847856,NA,"ESTIMATE",0.766532585847856
"TCGA-PAAD","TCGA-H6-A45N","TCGA-H6-A45N-01A-11R-A26U-07",1306.80180311815,1626.01695386873,2932.81875698689,0.510103700545819,NA,"ESTIMATE",0.510103700545819
"TCGA-PAAD","TCGA-H8-A6C1","TCGA-H8-A6C1-01A-11R-A32O-07",573.516433813625,1320.07017021259,1893.58660402622,0.634879524491504,NA,"ESTIMATE",0.634879524491504
"TCGA-PAAD","TCGA-HV-A5A3","TCGA-HV-A5A3-01A-11R-A26U-07",-6.48006220144622,544.444051605221,537.963989403775,0.775080351860213,NA,"ESTIMATE",0.775080351860213
"TCGA-PAAD","TCGA-HV-A5A4","TCGA-HV-A5A4-01A-11R-A26U-07",853.512721195098,1020.69303680781,1874.20575800291,0.637074940992773,NA,"ESTIMATE",0.637074940992773
"TCGA-PAAD","TCGA-HV-A5A5","TCGA-HV-A5A5-01A-11R-A26U-07",973.381386595277,1463.66562645787,2437.04701305315,0.571291772581393,NA,"ESTIMATE",0.571291772581393
"TCGA-PAAD","TCGA-HV-A5A6","TCGA-HV-A5A6-01A-11R-A26U-07",455.21757106348,423.910868044746,879.128439108226,0.742478824872876,NA,"ESTIMATE",0.742478824872876
"TCGA-PAAD","TCGA-HV-A7OL","TCGA-HV-A7OL-01A-11R-A33R-07",491.308128902784,2007.319677961,2498.62780686379,0.563849517041374,NA,"ESTIMATE",0.563849517041374
"TCGA-PAAD","TCGA-HV-A7OP","TCGA-HV-A7OP-01A-11R-A33R-07",-1348.39728521974,337.888713883336,-1010.5085713364,0.897531930213054,NA,"ESTIMATE",0.897531930213054
"TCGA-PAAD","TCGA-HV-AA8V","TCGA-HV-AA8V-01A-11R-A41B-07",1492.5491553353,1137.20962298534,2629.75877832064,0.547849138880989,NA,"ESTIMATE",0.547849138880989
"TCGA-PAAD","TCGA-HV-AA8X","TCGA-HV-AA8X-01A-11R-A39D-07",-183.240386410125,269.287928082553,86.0475416724271,0.815260182145066,NA,"ESTIMATE",0.815260182145066
"TCGA-PAAD","TCGA-HZ-7289","TCGA-HZ-7289-01A-11R-2156-07",-966.245233745463,-200.972886113584,-1167.21811985905,0.907436808154301,NA,"ESTIMATE",0.907436808154301
"TCGA-PAAD","TCGA-HZ-7918","TCGA-HZ-7918-01A-11R-2156-07",1667.79607413954,2480.68063023563,4148.47670437517,0.349334597929863,NA,"ESTIMATE",0.349334597929863
"TCGA-PAAD","TCGA-HZ-7919","TCGA-HZ-7919-01A-11R-2156-07",875.33747734497,1163.44746460082,2038.78494194579,0.618269580720941,NA,"ESTIMATE",0.618269580720941
"TCGA-PAAD","TCGA-HZ-7920","TCGA-HZ-7920-01A-11R-2204-07",1457.98603648362,1904.16073909821,3362.14677558183,0.45492231634913,NA,"ESTIMATE",0.45492231634913
"TCGA-PAAD","TCGA-HZ-7922","TCGA-HZ-7922-01A-11R-2156-07",1509.34909677227,1231.0693925389,2740.41848931117,0.534188469472277,NA,"ESTIMATE",0.534188469472277
"TCGA-PAAD","TCGA-HZ-7923","TCGA-HZ-7923-01A-12R-2156-07",2007.07515012213,2471.21256976455,4478.28771988668,0.303580663221777,NA,"ESTIMATE",0.303580663221777
"TCGA-PAAD","TCGA-HZ-7924","TCGA-HZ-7924-01A-11R-2156-07",245.680221691802,1081.35104414458,1327.03126583638,0.696864512215458,NA,"ESTIMATE",0.696864512215458
"TCGA-PAAD","TCGA-HZ-7925","TCGA-HZ-7925-01A-11R-2156-07",1948.72980051015,1263.60161682842,3212.33141733857,0.474394549180224,NA,"ESTIMATE",0.474394549180224
"TCGA-PAAD","TCGA-HZ-7926","TCGA-HZ-7926-01A-11R-2156-07",469.46602521263,1165.67126287263,1635.13728808526,0.663726504360303,NA,"ESTIMATE",0.663726504360303
"TCGA-PAAD","TCGA-HZ-8001","TCGA-HZ-8001-01A-11R-2204-07",1826.75542428705,2143.30496799164,3970.06039227869,0.373751456407629,NA,"ESTIMATE",0.373751456407629
"TCGA-PAAD","TCGA-HZ-8002","TCGA-HZ-8002-01A-11R-2204-07",1693.00571765439,1714.76856089922,3407.77427855361,0.448947746875261,NA,"ESTIMATE",0.448947746875261
"TCGA-PAAD","TCGA-HZ-8003","TCGA-HZ-8003-01A-21R-2204-07",1642.15991038608,2265.72413032553,3907.88404071161,0.382201112892186,NA,"ESTIMATE",0.382201112892186
"TCGA-PAAD","TCGA-HZ-8005","TCGA-HZ-8005-01A-11R-2204-07",1256.64188690587,1230.87321868344,2487.51510558931,0.565195950651215,NA,"ESTIMATE",0.565195950651215
"TCGA-PAAD","TCGA-HZ-8315","TCGA-HZ-8315-01A-11R-2404-07",1430.48310730579,1591.5423369128,3022.02544421859,0.498797535882938,NA,"ESTIMATE",0.498797535882938
"TCGA-PAAD","TCGA-HZ-8317","TCGA-HZ-8317-01A-11R-2404-07",1131.84867402578,772.068138369619,1903.9168123954,0.633707242447488,NA,"ESTIMATE",0.633707242447488
"TCGA-PAAD","TCGA-HZ-8519","TCGA-HZ-8519-01A-11R-2404-07",1327.47159182358,1487.6901182496,2815.16171007318,0.524881631060306,NA,"ESTIMATE",0.524881631060306
"TCGA-PAAD","TCGA-HZ-8636","TCGA-HZ-8636-01A-21R-2404-07",1434.74340331273,1462.2372368947,2896.98064020743,0.514621348369482,NA,"ESTIMATE",0.514621348369482
"TCGA-PAAD","TCGA-HZ-8637","TCGA-HZ-8637-01A-11R-2404-07",1587.35783745213,3020.60134151727,4607.9591789694,0.285390807913371,NA,"ESTIMATE",0.285390807913371
"TCGA-PAAD","TCGA-HZ-8638","TCGA-HZ-8638-01A-11R-2404-07",199.574321588083,952.133103961747,1151.70742554983,0.715089292085192,NA,"ESTIMATE",0.715089292085192
"TCGA-PAAD","TCGA-HZ-A49G","TCGA-HZ-A49G-01A-11R-A26U-07",1448.9601018398,1948.17832710705,3397.13842894685,0.450342239230003,NA,"ESTIMATE",0.450342239230003
"TCGA-PAAD","TCGA-HZ-A49H","TCGA-HZ-A49H-01A-11R-A26U-07",1396.41734596732,2071.84975542259,3468.26710138991,0.440995674282347,NA,"ESTIMATE",0.440995674282347
"TCGA-PAAD","TCGA-HZ-A49I","TCGA-HZ-A49I-01A-12R-A26U-07",873.571418499332,1747.99855792356,2621.56997642289,0.548854326262627,NA,"ESTIMATE",0.548854326262627
"TCGA-PAAD","TCGA-HZ-A4BH","TCGA-HZ-A4BH-01A-11R-A26U-07",1193.89952689684,1707.1624235933,2901.06195049014,0.514107586616974,NA,"ESTIMATE",0.514107586616974
"TCGA-PAAD","TCGA-HZ-A4BK","TCGA-HZ-A4BK-01A-11R-A26U-07",700.053507995444,1639.94503578978,2339.99854378523,0.582925435537298,NA,"ESTIMATE",0.582925435537298
"TCGA-PAAD","TCGA-HZ-A77O","TCGA-HZ-A77O-01A-11R-A33R-07",358.7936702137,892.497387686468,1251.29105790017,0.704794986118268,NA,"ESTIMATE",0.704794986118268
"TCGA-PAAD","TCGA-HZ-A77P","TCGA-HZ-A77P-01A-11R-A33R-07",1319.04589819076,1272.13072387923,2591.17662206999,0.552578209523627,NA,"ESTIMATE",0.552578209523627
"TCGA-PAAD","TCGA-HZ-A77Q","TCGA-HZ-A77Q-01A-11R-A36G-07",1981.94776743752,2152.03777743217,4133.98554486969,0.351326926622716,NA,"ESTIMATE",0.351326926622716
"TCGA-PAAD","TCGA-HZ-A8P0","TCGA-HZ-A8P0-01A-11R-A36G-07",740.768856456478,813.611197456679,1554.38005391316,0.672546331204047,NA,"ESTIMATE",0.672546331204047
"TCGA-PAAD","TCGA-HZ-A8P1","TCGA-HZ-A8P1-01A-11R-A37L-07",-103.280316589102,290.462069449493,187.181752860391,0.806573811022986,NA,"ESTIMATE",0.806573811022986
"TCGA-PAAD","TCGA-HZ-A9TJ","TCGA-HZ-A9TJ-01A-11R-A41I-07",64.3893569596363,482.555402617123,546.944759576759,0.774246711177829,NA,"ESTIMATE",0.774246711177829
"TCGA-PAAD","TCGA-IB-7644","TCGA-IB-7644-01A-11R-2156-07",781.985570618805,888.376045773251,1670.36161639206,0.659850225871458,NA,"ESTIMATE",0.659850225871458
"TCGA-PAAD","TCGA-IB-7645","TCGA-IB-7645-01A-22R-2204-07",2038.51931258314,2360.80903483672,4399.32834741986,0.314603348760248,NA,"ESTIMATE",0.314603348760248
"TCGA-PAAD","TCGA-IB-7646","TCGA-IB-7646-01A-11R-2156-07",1580.20331136712,1592.71138225891,3172.91469362604,0.479479994997253,NA,"ESTIMATE",0.479479994997253
"TCGA-PAAD","TCGA-IB-7647","TCGA-IB-7647-01A-11R-2156-07",1366.89900680344,1900.66866987861,3267.56767668205,0.46724142451742,NA,"ESTIMATE",0.46724142451742
"TCGA-PAAD","TCGA-IB-7649","TCGA-IB-7649-01A-11R-2156-07",1497.13983486304,2043.54383478781,3540.68366965085,0.43143049473853,NA,"ESTIMATE",0.43143049473853
"TCGA-PAAD","TCGA-IB-7651","TCGA-IB-7651-01A-11R-2156-07",1366.65199651774,1729.2321121807,3095.88410869844,0.489371794379841,NA,"ESTIMATE",0.489371794379841
"TCGA-PAAD","TCGA-IB-7652","TCGA-IB-7652-01A-11R-2156-07",1315.47578931108,1593.34581743644,2908.82160674752,0.513130280139718,NA,"ESTIMATE",0.513130280139718
"TCGA-PAAD","TCGA-IB-7654","TCGA-IB-7654-01A-11R-2156-07",1200.41740660909,723.996127706595,1924.41353431569,0.631376943459216,NA,"ESTIMATE",0.631376943459216
"TCGA-PAAD","TCGA-IB-7885","TCGA-IB-7885-01A-11R-2156-07",1531.58601644759,1775.81468400119,3307.40070044878,0.462063937436484,NA,"ESTIMATE",0.462063937436484
"TCGA-PAAD","TCGA-IB-7886","TCGA-IB-7886-01A-11R-2156-07",1317.09657576108,1326.74174636583,2643.83832212691,0.546119004641438,NA,"ESTIMATE",0.546119004641438
"TCGA-PAAD","TCGA-IB-7887","TCGA-IB-7887-01A-11R-2156-07",1007.56158825643,1065.64648027895,2073.20806853538,0.61429028434563,NA,"ESTIMATE",0.61429028434563
"TCGA-PAAD","TCGA-IB-7888","TCGA-IB-7888-01A-11R-2156-07",1878.48633337994,2338.33893998446,4216.8252733644,0.339916481837839,NA,"ESTIMATE",0.339916481837839
"TCGA-PAAD","TCGA-IB-7889","TCGA-IB-7889-01A-11R-2156-07",1041.54629913573,2014.06197350639,3055.60827264212,0.494518943260856,NA,"ESTIMATE",0.494518943260856
"TCGA-PAAD","TCGA-IB-7890","TCGA-IB-7890-01A-12R-2204-07",1781.53875166394,1050.5246404127,2832.06339207664,0.52276827690454,NA,"ESTIMATE",0.52276827690454
"TCGA-PAAD","TCGA-IB-7891","TCGA-IB-7891-01A-11R-2204-07",1689.72167517684,2018.41848588057,3708.14016105741,0.409127039238656,NA,"ESTIMATE",0.409127039238656
"TCGA-PAAD","TCGA-IB-7893","TCGA-IB-7893-01A-11R-2204-07",2048.83404555348,1120.36529830921,3169.19934386269,0.479958514860914,NA,"ESTIMATE",0.479958514860914
"TCGA-PAAD","TCGA-IB-7897","TCGA-IB-7897-01A-21R-2204-07",1885.84259425439,2206.14074650033,4091.98334075472,0.35709261996277,NA,"ESTIMATE",0.35709261996277
"TCGA-PAAD","TCGA-IB-8126","TCGA-IB-8126-01A-11R-2404-07",1433.50525608536,2081.73041147126,3515.23566755662,0.434797418218648,NA,"ESTIMATE",0.434797418218648
"TCGA-PAAD","TCGA-IB-8127","TCGA-IB-8127-01A-11R-2404-07",1137.15547962782,1428.80840027656,2565.96387990438,0.555659005911336,NA,"ESTIMATE",0.555659005911336
"TCGA-PAAD","TCGA-IB-A5SO","TCGA-IB-A5SO-01A-11R-A32O-07",1601.3954403675,1769.15520040069,3370.55064076819,0.453823420265809,NA,"ESTIMATE",0.453823420265809
"TCGA-PAAD","TCGA-IB-A5SP","TCGA-IB-A5SP-01A-11R-A32O-07",-291.206529766581,767.058422312611,475.85189254603,0.780808961623572,NA,"ESTIMATE",0.780808961623572
"TCGA-PAAD","TCGA-IB-A5SQ","TCGA-IB-A5SQ-01A-11R-A32O-07",1512.24359500486,1498.89876368087,3011.14235868574,0.500181490962066,NA,"ESTIMATE",0.500181490962066
"TCGA-PAAD","TCGA-IB-A5SS","TCGA-IB-A5SS-01A-11R-A32O-07",1445.03278534417,1264.68211004103,2709.7148953852,0.537993035190296,NA,"ESTIMATE",0.537993035190296
"TCGA-PAAD","TCGA-IB-A5ST","TCGA-IB-A5ST-01A-11R-A32O-07",1622.21543633484,2484.02538782042,4106.24082415526,0.355136988814126,NA,"ESTIMATE",0.355136988814126
"TCGA-PAAD","TCGA-IB-A6UF","TCGA-IB-A6UF-01A-23R-A33R-07",94.1015230670862,474.343148339613,568.4446714067,0.772245516638917,NA,"ESTIMATE",0.772245516638917
"TCGA-PAAD","TCGA-IB-A6UG","TCGA-IB-A6UG-01A-32R-A33R-07",-24.3324782990513,848.918015055375,824.585536756324,0.747818124414398,NA,"ESTIMATE",0.747818124414398
"TCGA-PAAD","TCGA-IB-A7LX","TCGA-IB-A7LX-01A-12R-A36G-07",-19.8131735984295,288.100680179005,268.287506580575,0.799479146879954,NA,"ESTIMATE",0.799479146879954
"TCGA-PAAD","TCGA-IB-A7M4","TCGA-IB-A7M4-01A-11R-A36G-07",209.659619450241,1199.67194216866,1409.3315616189,0.688149539547201,NA,"ESTIMATE",0.688149539547201
"TCGA-PAAD","TCGA-IB-AAUM","TCGA-IB-AAUM-01A-11R-A37L-07",560.981732409599,1248.06089768902,1809.04263009862,0.64441855218466,NA,"ESTIMATE",0.64441855218466
"TCGA-PAAD","TCGA-IB-AAUN","TCGA-IB-AAUN-01A-12R-A38C-07",523.719009819177,810.604715769692,1334.32372558887,0.696096384450216,NA,"ESTIMATE",0.696096384450216
"TCGA-PAAD","TCGA-IB-AAUO","TCGA-IB-AAUO-01A-12R-A38C-07",187.531050537828,1190.42045906136,1377.95150959919,0.691484362850438,NA,"ESTIMATE",0.691484362850438
"TCGA-PAAD","TCGA-IB-AAUP","TCGA-IB-AAUP-01A-11R-A37L-07",1595.95540284816,2851.92246181645,4447.8778646646,0.307830772184128,NA,"ESTIMATE",0.307830772184128
"TCGA-PAAD","TCGA-IB-AAUQ","TCGA-IB-AAUQ-01A-22R-A41I-07",1011.2642900589,816.124909133448,1827.38919919235,0.64235690497858,NA,"ESTIMATE",0.64235690497858
"TCGA-PAAD","TCGA-IB-AAUR","TCGA-IB-AAUR-01A-21R-A38C-07",1640.21014549831,3017.83573350207,4658.04587900038,0.278336778332761,NA,"ESTIMATE",0.278336778332761
"TCGA-PAAD","TCGA-IB-AAUS","TCGA-IB-AAUS-01A-12R-A38C-07",2247.52350489128,2643.6106491262,4891.13415401748,0.245317676098996,NA,"ESTIMATE",0.245317676098996
"TCGA-PAAD","TCGA-IB-AAUT","TCGA-IB-AAUT-01A-11R-A37L-07",1351.24367157094,2046.31219785133,3397.55586942227,0.450287528257598,NA,"ESTIMATE",0.450287528257598
"TCGA-PAAD","TCGA-IB-AAUU","TCGA-IB-AAUU-01A-11R-A37L-07",570.087874334707,1291.76951422321,1861.85738855792,0.638471047126789,NA,"ESTIMATE",0.638471047126789
"TCGA-PAAD","TCGA-IB-AAUV","TCGA-IB-AAUV-01A-11R-A38C-07",2177.97734459128,2222.34533916055,4400.32268375183,0.31446479959802,NA,"ESTIMATE",0.31446479959802
"TCGA-PAAD","TCGA-IB-AAUW","TCGA-IB-AAUW-01A-12R-A38C-07",965.374655718532,1419.68928462532,2385.06394034385,0.577537800465255,NA,"ESTIMATE",0.577537800465255
"TCGA-PAAD","TCGA-L1-A7W4","TCGA-L1-A7W4-01A-12R-A36G-07",245.533456099609,-38.3280308241655,207.205425275444,0.804832844883683,NA,"ESTIMATE",0.804832844883683
"TCGA-PAAD","TCGA-LB-A7SX","TCGA-LB-A7SX-01A-11R-A33R-07",-369.635269025535,526.729907984205,157.094638958671,0.809176641214394,NA,"ESTIMATE",0.809176641214394
"TCGA-PAAD","TCGA-LB-A8F3","TCGA-LB-A8F3-01A-11R-A36G-07",116.290931780275,460.257619674095,576.548551454371,0.771489216964621,NA,"ESTIMATE",0.771489216964621
"TCGA-PAAD","TCGA-LB-A9Q5","TCGA-LB-A9Q5-01A-11R-A39D-07",1075.54796432863,1617.65360744171,2693.20157177034,0.540034731686528,NA,"ESTIMATE",0.540034731686528
"TCGA-PAAD","TCGA-M8-A5N4","TCGA-M8-A5N4-01A-11R-A26U-07",1024.11153459558,1479.56983555182,2503.6813701474,0.563236722307004,NA,"ESTIMATE",0.563236722307004
"TCGA-PAAD","TCGA-OE-A75W","TCGA-OE-A75W-01A-12R-A32O-07",700.016303239039,1456.43843450127,2156.45473774031,0.604602382722981,NA,"ESTIMATE",0.604602382722981
"TCGA-PAAD","TCGA-PZ-A5RE","TCGA-PZ-A5RE-01A-11R-A32O-07",1038.32084465358,1573.95278450363,2612.27362915722,0.549994505222668,NA,"ESTIMATE",0.549994505222668
"TCGA-PAAD","TCGA-Q3-A5QY","TCGA-Q3-A5QY-01A-12R-A32O-07",1479.8395919228,3232.99678116982,4712.83637309262,0.270603066194329,NA,"ESTIMATE",0.270603066194329
"TCGA-PAAD","TCGA-Q3-AA2A","TCGA-Q3-AA2A-01A-11R-A37L-07",339.147800385468,1106.72780231596,1445.87560270142,0.684247530846739,NA,"ESTIMATE",0.684247530846739
"TCGA-PAAD","TCGA-RB-A7B8","TCGA-RB-A7B8-01A-12R-A33R-07",1293.15811860864,1514.73429628098,2807.89241488962,0.525789577080579,NA,"ESTIMATE",0.525789577080579
"TCGA-PAAD","TCGA-RB-AA9M","TCGA-RB-AA9M-01A-11R-A39D-07",551.162897241416,719.764858597242,1270.92775583866,0.70274722668114,NA,"ESTIMATE",0.70274722668114
"TCGA-PAAD","TCGA-RL-AAAS","TCGA-RL-AAAS-01A-32R-A39D-07",1464.51219598975,2133.78398862666,3598.29618461641,0.423785844269357,NA,"ESTIMATE",0.423785844269357
"TCGA-PAAD","TCGA-S4-A8RM","TCGA-S4-A8RM-01A-11R-A37L-07",-45.3653791220005,851.227371392976,805.861992270976,0.749639969934242,NA,"ESTIMATE",0.749639969934242
"TCGA-PAAD","TCGA-S4-A8RO","TCGA-S4-A8RO-01A-12R-A37L-07",324.942710043321,936.197103941025,1261.13981398435,0.703768666375782,NA,"ESTIMATE",0.703768666375782
"TCGA-PAAD","TCGA-S4-A8RP","TCGA-S4-A8RP-01A-11R-A36G-07",937.774280649115,1182.81966657514,2120.59394722426,0.608786865931821,NA,"ESTIMATE",0.608786865931821
"TCGA-PAAD","TCGA-US-A774","TCGA-US-A774-01A-21R-A32O-07",1384.64371609135,1576.64465943066,2961.28837552201,0.506504836525783,NA,"ESTIMATE",0.506504836525783
"TCGA-PAAD","TCGA-US-A776","TCGA-US-A776-01A-13R-A33R-07",-976.581906267262,-254.76692703629,-1231.34883330355,0.911352049007764,NA,"ESTIMATE",0.911352049007764
"TCGA-PAAD","TCGA-US-A779","TCGA-US-A779-01A-11R-A32O-07",-628.055820270721,181.316131443387,-446.739688827334,0.858011359868446,NA,"ESTIMATE",0.858011359868446
"TCGA-PAAD","TCGA-US-A77E","TCGA-US-A77E-01A-11R-A32O-07",720.603629770209,613.94064956956,1334.54427933977,0.696073140700071,NA,"ESTIMATE",0.696073140700071
"TCGA-PAAD","TCGA-US-A77G","TCGA-US-A77G-01A-11R-A32O-07",-712.814950245214,363.591974285363,-349.22297595985,0.850571433755324,NA,"ESTIMATE",0.850571433755324
"TCGA-PAAD","TCGA-US-A77J","TCGA-US-A77J-01A-11R-A32O-07",1457.35621120108,2692.44600451469,4149.80221571577,0.34915227990024,NA,"ESTIMATE",0.34915227990024
"TCGA-PAAD","TCGA-XD-AAUG","TCGA-XD-AAUG-01A-61R-A41B-07",1808.65250226983,1144.94684306413,2953.59934533396,0.507477686633341,NA,"ESTIMATE",0.507477686633341
"TCGA-PAAD","TCGA-XD-AAUH","TCGA-XD-AAUH-01A-42R-A41B-07",1324.05262931149,2035.45460067586,3359.50722998736,0.455267322641301,NA,"ESTIMATE",0.455267322641301
"TCGA-PAAD","TCGA-XD-AAUI","TCGA-XD-AAUI-01A-42R-A41B-07",767.273986536339,1392.22465878632,2159.49864532266,0.60424642570131,NA,"ESTIMATE",0.60424642570131
"TCGA-PAAD","TCGA-XD-AAUL","TCGA-XD-AAUL-01A-21R-A39D-07",1011.9467854274,1274.52575999897,2286.47254542637,0.58929138778559,NA,"ESTIMATE",0.58929138778559
"TCGA-PAAD","TCGA-XN-A8T3","TCGA-XN-A8T3-01A-11R-A36G-07",965.895502866862,1054.58368768418,2020.47919055104,0.620379293610903,NA,"ESTIMATE",0.620379293610903
"TCGA-PAAD","TCGA-XN-A8T5","TCGA-XN-A8T5-01A-12R-A36G-07",1413.80965997246,2174.15241092167,3587.96207089413,0.425159332552379,NA,"ESTIMATE",0.425159332552379
"TCGA-PAAD","TCGA-YB-A89D","TCGA-YB-A89D-01A-12R-A36G-07",1575.00953148469,1507.62281731406,3082.63234879875,0.491067232284996,NA,"ESTIMATE",0.491067232284996
"TCGA-PAAD","TCGA-YH-A8SY","TCGA-YH-A8SY-01A-11R-A37L-07",1387.11599341844,968.98319234017,2356.09918575861,0.581003496380937,NA,"ESTIMATE",0.581003496380937
"TCGA-PAAD","TCGA-YY-A8LH","TCGA-YY-A8LH-01A-11R-A36G-07",-784.904344124126,387.068286701797,-397.836057422329,0.854302193921554,NA,"ESTIMATE",0.854302193921554
"TCGA-PAAD","TCGA-Z5-AAPL","TCGA-Z5-AAPL-01A-12R-A41B-07",905.536724263561,3284.56112258652,4190.09784685008,0.34360352351458,NA,"ESTIMATE",0.34360352351458
"TCGA-LIHC","TCGA-2Y-A9GS","TCGA-2Y-A9GS-01A-12R-A38B-07",-362.425559440357,679.298565668515,316.873006228158,0.795174830570279,0.5915,"CPE",0.5915
"TCGA-LIHC","TCGA-2Y-A9GT","TCGA-2Y-A9GT-01A-11R-A38B-07",-17.8035084571939,1527.97958274215,1510.17607428496,0.677334083943242,0.6718,"CPE",0.6718
"TCGA-LIHC","TCGA-2Y-A9GU","TCGA-2Y-A9GU-01A-11R-A38B-07",-847.532116089202,-143.13862973502,-990.670745824222,0.896244098315853,0.9342,"CPE",0.9342
"TCGA-LIHC","TCGA-2Y-A9GV","TCGA-2Y-A9GV-01A-11R-A38B-07",27.3946850032657,938.82259770931,966.217282712575,0.733855024891502,0.7535,"CPE",0.7535
"TCGA-LIHC","TCGA-2Y-A9GW","TCGA-2Y-A9GW-01A-11R-A38B-07",186.599780202694,1501.73917448391,1688.3389546866,0.657865095267803,0.6685,"CPE",0.6685
"TCGA-LIHC","TCGA-2Y-A9GX","TCGA-2Y-A9GX-01A-11R-A38B-07",866.599798958555,1706.84165532703,2573.44145428559,0.554746097831114,0.5373,"CPE",0.5373
"TCGA-LIHC","TCGA-2Y-A9GY","TCGA-2Y-A9GY-01A-11R-A38B-07",-795.133697901076,1765.95063533518,970.816937434104,0.73339620649919,0.7609,"CPE",0.7609
"TCGA-LIHC","TCGA-2Y-A9GZ","TCGA-2Y-A9GZ-01A-11R-A39D-07",-835.35686040898,-335.477962007199,-1170.83482241618,0.907659754171211,0.836,"CPE",0.836
"TCGA-LIHC","TCGA-2Y-A9H0","TCGA-2Y-A9H0-01A-11R-A38B-07",-915.634485397222,843.896554864199,-71.7379305330229,0.828452785770168,0.8676,"CPE",0.8676
"TCGA-LIHC","TCGA-2Y-A9H1","TCGA-2Y-A9H1-01A-11R-A38B-07",-677.288721775504,1145.47686653809,468.188144762587,0.781511301804134,0.8159,"CPE",0.8159
"TCGA-LIHC","TCGA-2Y-A9H2","TCGA-2Y-A9H2-01A-12R-A38B-07",-825.552958164325,633.49272439944,-192.060233764884,0.838214774427754,0.8726,"CPE",0.8726
"TCGA-LIHC","TCGA-2Y-A9H3","TCGA-2Y-A9H3-01A-11R-A38B-07",-7.59218435467278,1795.00733824047,1787.41515388579,0.646842879386008,0.65,"CPE",0.65
"TCGA-LIHC","TCGA-2Y-A9H4","TCGA-2Y-A9H4-01A-11R-A38B-07",-608.803820505587,619.949379370533,11.1455588649463,0.821577776761472,0.8585,"CPE",0.8585
"TCGA-LIHC","TCGA-2Y-A9H5","TCGA-2Y-A9H5-01A-11R-A38B-07",-151.007550857164,314.622889576382,163.615338719219,0.808613874669283,0.8124,"CPE",0.8124
"TCGA-LIHC","TCGA-2Y-A9H6","TCGA-2Y-A9H6-01A-11R-A39D-07",121.797861312408,1105.30798719304,1227.10584850545,0.707309025426005,0.7599,"CPE",0.7599
"TCGA-LIHC","TCGA-2Y-A9H7","TCGA-2Y-A9H7-01A-11R-A39D-07",-1010.87232910128,370.8469827498,-640.025346351477,0.872236866845397,0.8618,"CPE",0.8618
"TCGA-LIHC","TCGA-2Y-A9H8","TCGA-2Y-A9H8-01A-11R-A39D-07",-768.47591973408,941.309234729093,172.833314995014,0.80781705695005,0.7913,"CPE",0.7913
"TCGA-LIHC","TCGA-2Y-A9H9","TCGA-2Y-A9H9-01A-21R-A39D-07",-517.303406182507,372.466129943527,-144.83727623898,0.834414486877286,0.7913,"CPE",0.7913
"TCGA-LIHC","TCGA-2Y-A9HA","TCGA-2Y-A9HA-01A-11R-A39D-07",-838.106376357831,9.49639832117957,-828.609978036652,0.885439795960583,0.9215,"CPE",0.9215
"TCGA-LIHC","TCGA-2Y-A9HB","TCGA-2Y-A9HB-01A-11R-A39D-07",-85.0790677814962,981.837075676107,896.758007894611,0.740742841463259,0.7019,"CPE",0.7019
"TCGA-LIHC","TCGA-3K-AAZ8","TCGA-3K-AAZ8-01A-12R-A39D-07",-872.802626567245,476.127320784769,-396.675305782476,0.854213619442018,0.8842,"CPE",0.8842
"TCGA-LIHC","TCGA-4R-AA8I","TCGA-4R-AA8I-01A-11R-A38B-07",-557.753916049854,234.057629787547,-323.696286262306,0.848595060125511,0.8829,"CPE",0.8829
"TCGA-LIHC","TCGA-5C-A9VG","TCGA-5C-A9VG-01A-11R-A37K-07",-266.214022034826,-232.593228366336,-498.807250401162,0.861911897149277,0.8806,"CPE",0.8806
"TCGA-LIHC","TCGA-5C-A9VH","TCGA-5C-A9VH-01A-11R-A37K-07",-148.275075871272,118.5829567675,-29.6921191037718,0.824980436714044,0.8654,"CPE",0.8654
"TCGA-LIHC","TCGA-5C-AAPD","TCGA-5C-AAPD-01A-21R-A39D-07",-103.165926908031,1749.51719899728,1646.35127208925,0.662494376364458,0.6829,"CPE",0.6829
"TCGA-LIHC","TCGA-5R-AA1C","TCGA-5R-AA1C-01A-11R-A41C-07",-703.033880513348,402.331259846444,-300.702620666905,0.84680460242997,0.8363,"CPE",0.8363
"TCGA-LIHC","TCGA-5R-AA1D","TCGA-5R-AA1D-01A-11R-A38B-07",1273.96077825217,1075.7602571845,2349.72103543667,0.581765247125368,0.6839,"CPE",0.6839
"TCGA-LIHC","TCGA-5R-AAAM","TCGA-5R-AAAM-01A-12R-A41C-07",663.881389791918,1144.18425153941,1808.06564133133,0.644528207778694,0.7653,"CPE",0.7653
"TCGA-LIHC","TCGA-BC-4072","TCGA-BC-4072-01B-11R-A155-07",-182.304271562216,1415.08242494488,1232.77815338267,0.706720191459326,0.5531,"CPE",0.5531
"TCGA-LIHC","TCGA-BC-4073","TCGA-BC-4073-01B-02R-A131-07",130.117838619566,1932.93373666331,2063.05157528288,0.615466005597375,0.6148,"CPE",0.6148
"TCGA-LIHC","TCGA-BC-A10Q","TCGA-BC-A10Q-01A-11R-A131-07",-523.812596846781,274.587651224074,-249.224945622707,0.842761224845918,0.8747,"CPE",0.8747
"TCGA-LIHC","TCGA-BC-A10R","TCGA-BC-A10R-01A-11R-A131-07",47.7669934671949,60.973205458153,108.740198925348,0.813326686947939,0.8344,"CPE",0.8344
"TCGA-LIHC","TCGA-BC-A10S","TCGA-BC-A10S-01A-22R-A131-07",170.459832947731,1201.28916777254,1371.74900072027,0.692141782029621,0.7502,"CPE",0.7502
"TCGA-LIHC","TCGA-BC-A10T","TCGA-BC-A10T-01A-11R-A131-07",288.486546107038,263.321765214996,551.808311322034,0.773794689880335,0.7229,"CPE",0.7229
"TCGA-LIHC","TCGA-BC-A10U","TCGA-BC-A10U-01A-11R-A131-07",-1108.90987411169,107.700427348178,-1001.20944676351,0.896929196623343,0.9253,"CPE",0.9253
"TCGA-LIHC","TCGA-BC-A10W","TCGA-BC-A10W-01A-11R-A131-07",-459.923699476881,521.937692112598,62.013992635717,0.81729806221264,0.8259,"CPE",0.8259
"TCGA-LIHC","TCGA-BC-A10X","TCGA-BC-A10X-01A-11R-A131-07",501.26561201762,918.727539286754,1419.99315130437,0.687013183662203,0.7152,"CPE",0.7152
"TCGA-LIHC","TCGA-BC-A10Y","TCGA-BC-A10Y-01A-11R-A131-07",-650.915902035525,498.207841267963,-152.708060767562,0.835050680885875,0.7256,"CPE",0.7256
"TCGA-LIHC","TCGA-BC-A10Z","TCGA-BC-A10Z-01A-11R-A131-07",-1334.09490002108,-682.746090114593,-2016.84099013567,0.952656901738577,0.9253,"CPE",0.9253
"TCGA-LIHC","TCGA-BC-A110","TCGA-BC-A110-01A-11R-A131-07",794.898407631832,1605.56724052225,2400.46564815409,0.57569069697629,0.563,"CPE",0.563
"TCGA-LIHC","TCGA-BC-A112","TCGA-BC-A112-01A-11R-A131-07",-117.035418640729,538.262966756689,421.227548115959,0.785793350433058,0.8806,"CPE",0.8806
"TCGA-LIHC","TCGA-BC-A216","TCGA-BC-A216-01A-11R-A155-07",-825.987060526832,905.215588709506,79.2285281826746,0.815839419827584,0.8508,"CPE",0.8508
"TCGA-LIHC","TCGA-BC-A217","TCGA-BC-A217-01A-11R-A155-07",-963.948081707829,724.067687522529,-239.8803941853,0.842022078388946,0.7188,"CPE",0.7188
"TCGA-LIHC","TCGA-BC-A3KF","TCGA-BC-A3KF-01A-11R-A213-07",-667.475384377424,-25.6428938935959,-693.11827827102,0.87602197739517,0.7893,"CPE",0.7893
"TCGA-LIHC","TCGA-BC-A3KG","TCGA-BC-A3KG-01A-11R-A213-07",-1115.36684047547,-38.8734385031688,-1154.24027897864,0.906634704324105,0.9225,"CPE",0.9225
"TCGA-LIHC","TCGA-BC-A5W4","TCGA-BC-A5W4-01A-11R-A28V-07",-1303.13452792494,-592.779986741964,-1895.9145146669,0.947110080522203,0.9763,"CPE",0.9763
"TCGA-LIHC","TCGA-BC-A69H","TCGA-BC-A69H-01A-11R-A311-07",-642.238527917915,964.351356873434,322.112828955519,0.794708200966404,0.7565,"CPE",0.7565
"TCGA-LIHC","TCGA-BC-A69I","TCGA-BC-A69I-01A-11R-A311-07",-107.701148050835,543.341229930446,435.64008187961,0.784483121765715,0.8148,"CPE",0.8148
"TCGA-LIHC","TCGA-BC-A8YO","TCGA-BC-A8YO-01A-11R-A37K-07",-745.827399142757,1246.32730345791,500.499904315158,0.77854341238728,0.6693,"CPE",0.6693
"TCGA-LIHC","TCGA-BD-A2L6","TCGA-BD-A2L6-01A-11R-A213-07",-511.360699617138,463.147058542474,-48.2136410746647,0.826513915052174,0.7547,"CPE",0.7547
"TCGA-LIHC","TCGA-BD-A3EP","TCGA-BD-A3EP-01A-11R-A22L-07",315.455087667418,1502.39980188251,1817.85488954993,0.643428880210183,0.6541,"CPE",0.6541
"TCGA-LIHC","TCGA-BD-A3ER","TCGA-BD-A3ER-01A-11R-A213-07",241.327723255945,666.775753144165,908.10347640011,0.739623029179022,0.7188,"CPE",0.7188
"TCGA-LIHC","TCGA-BW-A5NO","TCGA-BW-A5NO-01A-11R-A27V-07",-523.930659138846,552.986823753537,29.0561646146913,0.820076116132379,0.7913,"CPE",0.7913
"TCGA-LIHC","TCGA-BW-A5NP","TCGA-BW-A5NP-01A-11R-A27V-07",-1184.39629793127,-471.20951909797,-1655.60581702924,0.935203339170134,0.9692,"CPE",0.9692
"TCGA-LIHC","TCGA-BW-A5NQ","TCGA-BW-A5NQ-01A-11R-A27V-07",-634.531288156592,1442.03245200973,807.501163853141,0.749480700599241,0.4815,"CPE",0.4815
"TCGA-LIHC","TCGA-CC-5258","TCGA-CC-5258-01A-01R-A131-07",-405.000737423719,680.365884785629,275.36514736191,0.7988546453506,0.7384,"CPE",0.7384
"TCGA-LIHC","TCGA-CC-5259","TCGA-CC-5259-01A-31R-A213-07",-1107.48057608709,614.215899450163,-493.264676636926,0.861499076828658,0.7234,"CPE",0.7234
"TCGA-LIHC","TCGA-CC-5260","TCGA-CC-5260-01A-01R-A131-07",215.90258301122,755.874558210327,971.777141221546,0.733300383391617,0.7628,"CPE",0.7628
"TCGA-LIHC","TCGA-CC-5261","TCGA-CC-5261-01A-01R-A131-07",239.968817205572,1141.62760408895,1381.59642129452,0.691097762265415,0.7076,"CPE",0.7076
"TCGA-LIHC","TCGA-CC-5262","TCGA-CC-5262-01A-01R-A131-07",376.135356286866,1223.11051640508,1599.24587269195,0.667657940627423,0.6898,"CPE",0.6898
"TCGA-LIHC","TCGA-CC-5263","TCGA-CC-5263-01A-01R-A131-07",-647.965300114717,688.244129302077,40.2788291873599,0.819132296431611,0.7011,"CPE",0.7011
"TCGA-LIHC","TCGA-CC-5264","TCGA-CC-5264-01A-01R-A131-07",-833.662822598192,120.202201092206,-713.460621505986,0.877458141222925,0.8583,"CPE",0.8583
"TCGA-LIHC","TCGA-CC-A123","TCGA-CC-A123-01A-11R-A131-07",-684.865293009373,401.65041440919,-283.214878600184,0.845436417357072,0.8879,"CPE",0.8879
"TCGA-LIHC","TCGA-CC-A1HT","TCGA-CC-A1HT-01A-11R-A131-07",312.008354411295,2128.96441698569,2440.97277139698,0.5708187175198,0.5598,"CPE",0.5598
"TCGA-LIHC","TCGA-CC-A3M9","TCGA-CC-A3M9-01A-11R-A213-07",1000.10582233366,2827.75080147303,3827.85662380669,0.393029739902564,0.2738,"CPE",0.2738
"TCGA-LIHC","TCGA-CC-A3MA","TCGA-CC-A3MA-01A-11R-A213-07",-324.756939671903,-12.1039814224148,-336.860921094317,0.849615805924149,0.8811,"CPE",0.8811
"TCGA-LIHC","TCGA-CC-A3MB","TCGA-CC-A3MB-01A-11R-A213-07",-805.060509076474,80.0345930524025,-725.025916024071,0.878271160210556,0.836,"CPE",0.836
"TCGA-LIHC","TCGA-CC-A3MC","TCGA-CC-A3MC-01A-11R-A22L-07",-390.998439553834,384.353757871621,-6.64468168221293,0.823063724126947,0.8509,"CPE",0.8509
"TCGA-LIHC","TCGA-CC-A5UC","TCGA-CC-A5UC-01A-11R-A28V-07",-109.86246447612,462.653576142036,352.791111665916,0.791966737716968,0.8364,"CPE",0.8364
"TCGA-LIHC","TCGA-CC-A5UD","TCGA-CC-A5UD-01A-11R-A28V-07",-989.775953431066,-127.960106819214,-1117.73606025028,0.90436090384243,0.9241,"CPE",0.9241
"TCGA-LIHC","TCGA-CC-A5UE","TCGA-CC-A5UE-01A-11R-A28V-07",-1343.81854922628,53.234609299465,-1290.58393992681,0.914896668038148,0.7913,"CPE",0.7913
"TCGA-LIHC","TCGA-CC-A7IE","TCGA-CC-A7IE-01A-21R-A38B-07",-500.945990541631,1273.99686375519,773.050873213564,0.752818905656982,0.7868,"CPE",0.7868
"TCGA-LIHC","TCGA-CC-A7IF","TCGA-CC-A7IF-01A-11R-A33J-07",-940.575330211846,-301.12476914011,-1241.70009935196,0.911976442859684,0.9411,"CPE",0.9411
"TCGA-LIHC","TCGA-CC-A7IG","TCGA-CC-A7IG-01A-11R-A33J-07",-786.749131643359,519.723675014001,-267.025456629358,0.844164842566216,0.8644,"CPE",0.8644
"TCGA-LIHC","TCGA-CC-A7IH","TCGA-CC-A7IH-01A-11R-A33J-07",-826.118183356137,-394.073092973372,-1220.19127632951,0.910676663030591,0.8448,"CPE",0.8448
"TCGA-LIHC","TCGA-CC-A7II","TCGA-CC-A7II-01A-11R-A33J-07",-621.909242651915,-267.694868383546,-889.604111035461,0.889565302874149,0.6677,"CPE",0.6677
"TCGA-LIHC","TCGA-CC-A7IJ","TCGA-CC-A7IJ-01A-11R-A33R-07",922.92016050974,1939.52341563369,2862.44357614343,0.518961515224223,0.536,"CPE",0.536
"TCGA-LIHC","TCGA-CC-A7IK","TCGA-CC-A7IK-01A-12R-A33R-07",-1144.04426390501,-503.254915616211,-1647.29917952122,0.934770869953714,0.7913,"CPE",0.7913
"TCGA-LIHC","TCGA-CC-A7IL","TCGA-CC-A7IL-01A-11R-A33R-07",-1411.30060659504,-423.920415235318,-1835.22102183036,0.944213522209356,0.7913,"CPE",0.7913
"TCGA-LIHC","TCGA-CC-A8HS","TCGA-CC-A8HS-01A-11R-A36F-07",-994.128345334325,-353.16196312495,-1347.29030845928,0.91822516856724,0.9492,"CPE",0.9492
"TCGA-LIHC","TCGA-CC-A8HT","TCGA-CC-A8HT-01A-11R-A36F-07",-891.899603475184,863.05978885148,-28.839814623704,0.824909723827484,0.3755,"CPE",0.3755
"TCGA-LIHC","TCGA-CC-A8HU","TCGA-CC-A8HU-01A-11R-A36F-07",-1037.20705696478,-188.559649902504,-1225.76670686729,0.911014458823865,0.7913,"CPE",0.7913
"TCGA-LIHC","TCGA-CC-A8HV","TCGA-CC-A8HV-01A-11R-A36F-07",-1109.45476780548,-376.216357864674,-1485.67112567016,0.926080211610452,0.8731,"CPE",0.8731
"TCGA-LIHC","TCGA-CC-A9FS","TCGA-CC-A9FS-01A-11R-A37K-07",-800.018016102388,66.6440667625158,-733.373949339872,0.878856438840357,0.8806,"CPE",0.8806
"TCGA-LIHC","TCGA-CC-A9FU","TCGA-CC-A9FU-01A-11R-A37K-07",-1416.8727300139,-32.7615887438506,-1449.63431875775,0.92407128701503,0.6756,"CPE",0.6756
"TCGA-LIHC","TCGA-CC-A9FV","TCGA-CC-A9FV-01A-11R-A37K-07",1180.56030244864,2262.16591867372,3442.72622112236,0.444357423422976,0.364,"CPE",0.364
"TCGA-LIHC","TCGA-CC-A9FW","TCGA-CC-A9FW-01A-11R-A37K-07",-1171.72529654534,213.412596284968,-958.312700260367,0.894127175871823,0.6542,"CPE",0.6542
"TCGA-LIHC","TCGA-DD-A113","TCGA-DD-A113-01A-11R-A131-07",-553.697985623685,542.872754112024,-10.8252315116609,0.82341209459102,0.8555,"CPE",0.8555
"TCGA-LIHC","TCGA-DD-A114","TCGA-DD-A114-01A-11R-A131-07",458.388941930117,1854.55599845615,2312.94494038627,0.586147496110939,0.5825,"CPE",0.5825
"TCGA-LIHC","TCGA-DD-A115","TCGA-DD-A115-01A-11R-A131-07",-177.620821998741,503.953680891586,326.332858892846,0.794332046658357,0.6079,"CPE",0.6079
"TCGA-LIHC","TCGA-DD-A116","TCGA-DD-A116-01A-11R-A131-07",-492.057350332131,513.174594040649,21.1172437085186,0.820742431007383,0.8461,"CPE",0.8461
"TCGA-LIHC","TCGA-DD-A118","TCGA-DD-A118-01A-11R-A131-07",-222.40729007578,101.912266253977,-120.495023821803,0.832439862022965,0.8427,"CPE",0.8427
"TCGA-LIHC","TCGA-DD-A119","TCGA-DD-A119-01A-11R-A131-07",-196.86138418784,400.405385969235,203.544001781395,0.80515170870495,0.8434,"CPE",0.8434
"TCGA-LIHC","TCGA-DD-A11A","TCGA-DD-A11A-01A-11R-A131-07",-881.165390242647,-153.39549457848,-1034.56088482113,0.899083149519231,0.836,"CPE",0.836
"TCGA-LIHC","TCGA-DD-A11B","TCGA-DD-A11B-01A-11R-A131-07",-711.793665395305,-249.829541424397,-961.623206819702,0.894344682375901,0.9081,"CPE",0.9081
"TCGA-LIHC","TCGA-DD-A11C","TCGA-DD-A11C-01A-11R-A131-07",41.9585204426875,525.870498356564,567.829018799252,0.772302928155092,0.7861,"CPE",0.7861
"TCGA-LIHC","TCGA-DD-A11D","TCGA-DD-A11D-01A-11R-A131-07",-492.910101947168,92.1216190631559,-400.788482884012,0.854527375430414,0.8805,"CPE",0.8805
"TCGA-LIHC","TCGA-DD-A1EA","TCGA-DD-A1EA-01A-11R-A131-07",-747.148491461019,766.652331380193,19.5038399191735,0.82087770799563,0.6893,"CPE",0.6893
"TCGA-LIHC","TCGA-DD-A1EB","TCGA-DD-A1EB-01A-11R-A131-07",-418.092284284856,173.194702271722,-244.897582013134,0.842419130926908,0.8994,"CPE",0.8994
"TCGA-LIHC","TCGA-DD-A1EC","TCGA-DD-A1EC-01A-21R-A131-07",-19.0960123341809,2425.1647359905,2406.06872365632,0.575017998181026,0.5,"CPE",0.5
"TCGA-LIHC","TCGA-DD-A1ED","TCGA-DD-A1ED-01A-11R-A155-07",62.8561500511276,1183.03409438593,1245.89024443706,0.705357169172195,0.6764,"CPE",0.6764
"TCGA-LIHC","TCGA-DD-A1EE","TCGA-DD-A1EE-01A-11R-A131-07",-876.608940395657,-169.141098744873,-1045.75003914053,0.89980095959735,0.8705,"CPE",0.8705
"TCGA-LIHC","TCGA-DD-A1EF","TCGA-DD-A1EF-01A-11R-A131-07",-477.637255110039,650.802445775285,173.165190665245,0.807788341454908,0.7749,"CPE",0.7749
"TCGA-LIHC","TCGA-DD-A1EG","TCGA-DD-A1EG-01A-11R-A213-07",141.550368653555,1419.59261237099,1561.14298102454,0.671811333066145,0.6859,"CPE",0.6859
"TCGA-LIHC","TCGA-DD-A1EH","TCGA-DD-A1EH-01A-11R-A131-07",-320.291417925617,-31.1130970577126,-351.40451498333,0.850739783308861,0.8831,"CPE",0.8831
"TCGA-LIHC","TCGA-DD-A1EI","TCGA-DD-A1EI-01A-11R-A131-07",158.653720459138,575.115757935339,733.769478394476,0.756601745861154,0.699,"CPE",0.699
"TCGA-LIHC","TCGA-DD-A1EJ","TCGA-DD-A1EJ-01A-11R-A155-07",-890.668337971358,344.84599960473,-545.822338366629,0.86539068846968,0.8806,"CPE",0.8806
"TCGA-LIHC","TCGA-DD-A1EK","TCGA-DD-A1EK-01A-11R-A213-07",-203.147926102376,856.946952115168,653.799026012792,0.764225117814129,0.6291,"CPE",0.6291
"TCGA-LIHC","TCGA-DD-A1EL","TCGA-DD-A1EL-01A-11R-A155-07",-1132.66213990408,277.509409831934,-855.152730072143,0.887243830920099,0.6151,"CPE",0.6151
"TCGA-LIHC","TCGA-DD-A39V","TCGA-DD-A39V-01A-11R-A213-07",-209.912337003289,1409.33209309711,1199.41975609382,0.71017603437101,0.7355,"CPE",0.7355
"TCGA-LIHC","TCGA-DD-A39W","TCGA-DD-A39W-01A-11R-A213-07",-830.670205296572,14.3327341994801,-816.337471097092,0.884601122990556,0.9176,"CPE",0.9176
"TCGA-LIHC","TCGA-DD-A39X","TCGA-DD-A39X-01A-11R-A213-07",-279.418531686803,597.673948937913,318.25541725111,0.7950517663689,0.7659,"CPE",0.7659
"TCGA-LIHC","TCGA-DD-A39Y","TCGA-DD-A39Y-01A-11R-A213-07",-1035.32466698325,96.2725795236984,-939.052087459555,0.892857531339774,0.8985,"CPE",0.8985
"TCGA-LIHC","TCGA-DD-A39Z","TCGA-DD-A39Z-01A-11R-A213-07",-1203.24724029165,-147.181089036348,-1350.428329328,0.918407505738537,0.8268,"CPE",0.8268
"TCGA-LIHC","TCGA-DD-A3A1","TCGA-DD-A3A1-01A-11R-A213-07",-861.39386447384,946.234580628031,84.8407161541915,0.815362754837913,0.5186,"CPE",0.5186
"TCGA-LIHC","TCGA-DD-A3A2","TCGA-DD-A3A2-01A-11R-A213-07",-401.169301420323,229.994847509754,-171.174453910569,0.836538939021854,0.8732,"CPE",0.8732
"TCGA-LIHC","TCGA-DD-A3A3","TCGA-DD-A3A3-01A-11R-A22L-07",-1192.90515237623,350.325812891581,-842.579339484652,0.886390930742245,0.9291,"CPE",0.9291
"TCGA-LIHC","TCGA-DD-A3A4","TCGA-DD-A3A4-01A-11R-A22L-07",-704.834640283294,-391.26317309688,-1096.09781338017,0.903000823548547,0.887,"CPE",0.887
"TCGA-LIHC","TCGA-DD-A3A5","TCGA-DD-A3A5-01A-11R-A22L-07",-479.798596976767,168.457562491496,-311.341034485272,0.847634188760644,0.8135,"CPE",0.8135
"TCGA-LIHC","TCGA-DD-A3A6","TCGA-DD-A3A6-01A-11R-A22L-07",795.606276275734,1348.66674199833,2144.27301827406,0.606025714055143,0.4083,"CPE",0.4083
"TCGA-LIHC","TCGA-DD-A3A7","TCGA-DD-A3A7-01A-11R-A22L-07",-957.829257931168,356.011118467835,-601.818139463333,0.869480199067336,0.9121,"CPE",0.9121
"TCGA-LIHC","TCGA-DD-A3A8","TCGA-DD-A3A8-01A-11R-A22L-07",-980.471048131874,-101.743892705382,-1082.21494083726,0.902123411996563,0.9331,"CPE",0.9331
"TCGA-LIHC","TCGA-DD-A3A9","TCGA-DD-A3A9-01A-11R-A266-07",78.8976637736458,903.546758095999,982.444421869645,0.732234867436876,0.8672,"CPE",0.8672
"TCGA-LIHC","TCGA-DD-A4NA","TCGA-DD-A4NA-01A-11R-A266-07",-256.509011104874,646.786896299972,390.277885195097,0.788595059656556,0.824,"CPE",0.824
"TCGA-LIHC","TCGA-DD-A4NB","TCGA-DD-A4NB-01A-12R-A266-07",1125.79296845929,936.004567329913,2061.7975357892,0.61561107907266,0.613,"CPE",0.613
"TCGA-LIHC","TCGA-DD-A4ND","TCGA-DD-A4ND-01A-11R-A266-07",761.114604338652,1187.06701847497,1948.18162281362,0.628667563553443,0.6311,"CPE",0.6311
"TCGA-LIHC","TCGA-DD-A4NE","TCGA-DD-A4NE-01A-11R-A27V-07",-565.535196657064,-183.777464554825,-749.312661211889,0.879970232231664,0.903,"CPE",0.903
"TCGA-LIHC","TCGA-DD-A4NF","TCGA-DD-A4NF-01A-11R-A27V-07",-681.195235755212,-355.824173860149,-1037.01940961536,0.899241077536564,0.882,"CPE",0.882
"TCGA-LIHC","TCGA-DD-A4NG","TCGA-DD-A4NG-01A-11R-A27V-07",-675.496793289549,523.36663932074,-152.130153968809,0.83500400669554,0.8704,"CPE",0.8704
"TCGA-LIHC","TCGA-DD-A4NH","TCGA-DD-A4NH-01A-11R-A27V-07",-460.802597301992,968.290603952773,507.488006650782,0.777899237655218,0.473,"CPE",0.473
"TCGA-LIHC","TCGA-DD-A4NI","TCGA-DD-A4NI-01A-11R-A27V-07",23.0236793108467,1067.39141954913,1090.41509885998,0.721349468389108,0.7396,"CPE",0.7396
"TCGA-LIHC","TCGA-DD-A4NJ","TCGA-DD-A4NJ-01A-11R-A27V-07",-30.2294979711525,895.658921529639,865.429423558486,0.743824334401941,0.7,"CPE",0.7
"TCGA-LIHC","TCGA-DD-A4NK","TCGA-DD-A4NK-01A-11R-A28V-07",-549.304436389543,-25.4657483642437,-574.770184753787,0.867512138027393,0.7156,"CPE",0.7156
"TCGA-LIHC","TCGA-DD-A4NL","TCGA-DD-A4NL-01A-11R-A28V-07",-58.8033230697161,463.595922827591,404.792599757875,0.787283142502241,0.8108,"CPE",0.8108
"TCGA-LIHC","TCGA-DD-A4NN","TCGA-DD-A4NN-01A-11R-A28V-07",-686.521822481577,-348.486631566737,-1035.00845404831,0.899111908698596,0.9311,"CPE",0.9311
"TCGA-LIHC","TCGA-DD-A4NO","TCGA-DD-A4NO-01A-11R-A28V-07",-190.917764208229,218.461726985853,27.5439627776241,0.820203121360222,0.8489,"CPE",0.8489
"TCGA-LIHC","TCGA-DD-A4NP","TCGA-DD-A4NP-01A-11R-A28V-07",-551.130458120701,258.432756008467,-292.697702112234,0.846179015149906,0.8793,"CPE",0.8793
"TCGA-LIHC","TCGA-DD-A4NQ","TCGA-DD-A4NQ-01A-21R-A28V-07",-791.659075293789,666.397982134156,-125.261093159633,0.832827319454046,0.8693,"CPE",0.8693
"TCGA-LIHC","TCGA-DD-A4NR","TCGA-DD-A4NR-01A-11R-A311-07",313.304346573734,2305.27390861396,2618.5782551877,0.549221366701023,0.3971,"CPE",0.3971
"TCGA-LIHC","TCGA-DD-A4NS","TCGA-DD-A4NS-01A-11R-A311-07",737.809712165392,1267.23315223225,2005.04286439765,0.622154828593265,0.6296,"CPE",0.6296
"TCGA-LIHC","TCGA-DD-A4NV","TCGA-DD-A4NV-01A-11R-A311-07",-56.3469211442009,306.347523885864,250.000602741663,0.801088710324972,0.6203,"CPE",0.6203
"TCGA-LIHC","TCGA-DD-A73A","TCGA-DD-A73A-01A-12R-A32O-07",-728.354681272846,904.888919630871,176.534238358025,0.807496726584832,0.8477,"CPE",0.8477
"TCGA-LIHC","TCGA-DD-A73B","TCGA-DD-A73B-01A-12R-A32O-07",-995.714159172382,-297.7424969064,-1293.45665607878,0.915066814460544,0.9426,"CPE",0.9426
"TCGA-LIHC","TCGA-DD-A73C","TCGA-DD-A73C-01A-12R-A33J-07",21.7027842596924,310.482552306794,332.185336566487,0.793809878934682,0.8258,"CPE",0.8258
"TCGA-LIHC","TCGA-DD-A73D","TCGA-DD-A73D-01A-12R-A32O-07",-1373.64706967447,-612.854165253668,-1986.50123492814,0.951293376314971,0.9415,"CPE",0.9415
"TCGA-LIHC","TCGA-DD-A73E","TCGA-DD-A73E-01A-12R-A32O-07",-1010.00099007705,-706.78295861734,-1716.78394869439,0.938345590315432,0.87,"CPE",0.87
"TCGA-LIHC","TCGA-DD-A73F","TCGA-DD-A73F-01A-11R-A32O-07",-2.11009400248711,1812.52141920662,1810.41132520414,0.644264909833964,0.526,"CPE",0.526
"TCGA-LIHC","TCGA-DD-A73G","TCGA-DD-A73G-01A-22R-A32O-07",-565.948800195193,642.600612218528,76.6518120233344,0.816058084929373,0.8457,"CPE",0.8457
"TCGA-LIHC","TCGA-DD-AA3A","TCGA-DD-AA3A-01A-11R-A37K-07",-1296.71225073938,20.1266341374805,-1276.5856166019,0.914065242316873,0.8837,"CPE",0.8837
"TCGA-LIHC","TCGA-DD-AAC8","TCGA-DD-AAC8-01A-11R-A41C-07",-758.047792512658,465.291356499573,-292.756436013086,0.846183609481199,0.9026,"CPE",0.9026
"TCGA-LIHC","TCGA-DD-AAC9","TCGA-DD-AAC9-01A-11R-A41C-07",298.724514756899,1159.57571924234,1458.30023399924,0.68291639378147,0.8147,"CPE",0.8147
"TCGA-LIHC","TCGA-DD-AACA","TCGA-DD-AACA-01A-11R-A41C-07",-872.19684343544,-162.333992430887,-1034.53083586633,0.899081218543087,0.923,"CPE",0.923
"TCGA-LIHC","TCGA-DD-AACB","TCGA-DD-AACB-01A-11R-A41C-07",-529.124664102396,1452.92722455379,923.802560451398,0.738070126992086,0.7781,"CPE",0.7781
"TCGA-LIHC","TCGA-DD-AACC","TCGA-DD-AACC-01A-11R-A41C-07",265.744831326484,2611.1128254997,2876.85765682618,0.517151757225376,0.5534,"CPE",0.5534
"TCGA-LIHC","TCGA-DD-AACD","TCGA-DD-AACD-01A-11R-A41C-07",-237.155330539418,1110.85512060344,873.699790064025,0.743012383134668,0.851,"CPE",0.851
"TCGA-LIHC","TCGA-DD-AACE","TCGA-DD-AACE-01A-11R-A41C-07",-559.067322646987,-23.2118320626575,-582.279154709644,0.868059877637707,0.8405,"CPE",0.8405
"TCGA-LIHC","TCGA-DD-AACF","TCGA-DD-AACF-01A-11R-A41C-07",-821.196992387747,744.923969975573,-76.2730224121738,0.828825432765159,0.8285,"CPE",0.8285
"TCGA-LIHC","TCGA-DD-AACG","TCGA-DD-AACG-01A-11R-A41C-07",-1034.48806660572,814.318294397691,-220.169772208033,0.840457790649589,0.8387,"CPE",0.8387
"TCGA-LIHC","TCGA-DD-AACH","TCGA-DD-AACH-01A-11R-A41C-07",-578.889747010159,416.858098512686,-162.031648497473,0.835802862398211,0.7855,"CPE",0.7855
"TCGA-LIHC","TCGA-DD-AACI","TCGA-DD-AACI-01A-11R-A41C-07",-8.66545112257273,1856.18818545218,1847.52273432961,0.640089091251742,0.6699,"CPE",0.6699
"TCGA-LIHC","TCGA-DD-AACJ","TCGA-DD-AACJ-01A-11R-A41C-07",-1102.21407033506,32.1363167546272,-1070.07775358043,0.901353260046061,0.796,"CPE",0.796
"TCGA-LIHC","TCGA-DD-AACK","TCGA-DD-AACK-01A-11R-A41C-07",-897.454041751597,201.456490750307,-695.99755100129,0.876225728092044,0.807,"CPE",0.807
"TCGA-LIHC","TCGA-DD-AACL","TCGA-DD-AACL-01A-11R-A41C-07",-335.417003549637,1790.96977558741,1455.55277203777,0.68321094423788,0.7435,"CPE",0.7435
"TCGA-LIHC","TCGA-DD-AACN","TCGA-DD-AACN-01A-11R-A41C-07",-145.866987260972,403.987749265809,258.120762004837,0.800374707838019,0.8535,"CPE",0.8535
"TCGA-LIHC","TCGA-DD-AACO","TCGA-DD-AACO-01A-11R-A41C-07",-325.319887329852,956.37200963751,631.052122307658,0.766374328523463,0.8652,"CPE",0.8652
"TCGA-LIHC","TCGA-DD-AACP","TCGA-DD-AACP-01A-11R-A41C-07",-1461.85437810235,-246.508019915141,-1708.3623980175,0.93791752564765,0.9494,"CPE",0.9494
"TCGA-LIHC","TCGA-DD-AACQ","TCGA-DD-AACQ-01A-11R-A41C-07",-1318.94852473571,-495.899592444922,-1814.84811718063,0.943224426509854,0.903,"CPE",0.903
"TCGA-LIHC","TCGA-DD-AACS","TCGA-DD-AACS-01A-11R-A41C-07",-1065.77413427617,-306.877997266336,-1372.65213154251,0.919693258176569,0.8913,"CPE",0.8913
"TCGA-LIHC","TCGA-DD-AACT","TCGA-DD-AACT-01A-11R-A41C-07",-214.703280792142,1000.59500031482,785.891719522673,0.75157688407653,0.8079,"CPE",0.8079
"TCGA-LIHC","TCGA-DD-AACU","TCGA-DD-AACU-01A-11R-A41C-07",-537.566281719199,470.070389313579,-67.49589240562,0.828103886587744,0.8052,"CPE",0.8052
"TCGA-LIHC","TCGA-DD-AACV","TCGA-DD-AACV-01A-11R-A41C-07",-1244.47031133662,-684.629508603172,-1929.09981993979,0.948662054450403,0.8822,"CPE",0.8822
"TCGA-LIHC","TCGA-DD-AACW","TCGA-DD-AACW-01A-11R-A41C-07",-953.137232041788,214.845805652473,-738.291426389315,0.879200584399499,0.8547,"CPE",0.8547
"TCGA-LIHC","TCGA-DD-AACX","TCGA-DD-AACX-01A-11R-A41C-07",-1120.3053679,244.561891843483,-875.743476056515,0.888634049661298,0.7905,"CPE",0.7905
"TCGA-LIHC","TCGA-DD-AACY","TCGA-DD-AACY-01A-11R-A41C-07",-589.014965352987,372.133555606738,-216.88140974625,0.840196132254498,0.9077,"CPE",0.9077
"TCGA-LIHC","TCGA-DD-AACZ","TCGA-DD-AACZ-01A-11R-A41C-07",-310.160330802054,2063.4251064547,1753.26477565264,0.650657674735781,0.6964,"CPE",0.6964
"TCGA-LIHC","TCGA-DD-AAD0","TCGA-DD-AAD0-01A-11R-A41C-07",-1287.74069688423,-207.149080547695,-1494.88977743193,0.926589958723648,0.9394,"CPE",0.9394
"TCGA-LIHC","TCGA-DD-AAD1","TCGA-DD-AAD1-01A-11R-A41C-07",419.533910370444,1370.61617775647,1790.15008812691,0.646536667098034,0.7702,"CPE",0.7702
"TCGA-LIHC","TCGA-DD-AAD2","TCGA-DD-AAD2-01A-11R-A41C-07",433.485143896347,1047.18336316483,1480.66850706117,0.68051420237381,0.7669,"CPE",0.7669
"TCGA-LIHC","TCGA-DD-AAD3","TCGA-DD-AAD3-01A-11R-A41C-07",172.170653399063,739.943269375552,912.113922774615,0.739226702102688,0.7732,"CPE",0.7732
"TCGA-LIHC","TCGA-DD-AAD5","TCGA-DD-AAD5-01A-11R-A41C-07",-819.706748133437,890.849720690626,71.1429725571894,0.816525184027349,0.818,"CPE",0.818
"TCGA-LIHC","TCGA-DD-AAD6","TCGA-DD-AAD6-01A-11R-A41C-07",-1293.90630823991,106.711882015508,-1187.19442622441,0.908665019952693,0.8901,"CPE",0.8901
"TCGA-LIHC","TCGA-DD-AAD8","TCGA-DD-AAD8-01A-11R-A41C-07",-811.710287609941,162.370826360792,-649.339461249148,0.872904728602097,0.7829,"CPE",0.7829
"TCGA-LIHC","TCGA-DD-AADA","TCGA-DD-AADA-01A-11R-A41C-07",-156.371110112099,1054.50626775863,898.13515764653,0.740607024508558,0.8421,"CPE",0.8421
"TCGA-LIHC","TCGA-DD-AADB","TCGA-DD-AADB-01A-11R-A41C-07",-719.988206139554,1246.60328286074,526.615076721191,0.776131888800467,0.8668,"CPE",0.8668
"TCGA-LIHC","TCGA-DD-AADC","TCGA-DD-AADC-01A-11R-A41C-07",-927.487650755953,-56.7868658030014,-984.274516558955,0.895827247194839,0.9079,"CPE",0.9079
"TCGA-LIHC","TCGA-DD-AADD","TCGA-DD-AADD-01A-11R-A41C-07",-1326.35701977427,-36.0786649833377,-1362.43568475761,0.919103402883245,0.939,"CPE",0.939
"TCGA-LIHC","TCGA-DD-AADF","TCGA-DD-AADF-01A-11R-A41C-07",-993.083896007818,343.081879362547,-650.002016645272,0.872952174501624,0.9068,"CPE",0.9068
"TCGA-LIHC","TCGA-DD-AADG","TCGA-DD-AADG-01A-11R-A41C-07",-888.542455600726,-352.234613471198,-1240.77706907192,0.911920850666374,0.9344,"CPE",0.9344
"TCGA-LIHC","TCGA-DD-AADI","TCGA-DD-AADI-01A-11R-A41C-07",-46.1170085721509,1596.36223966659,1550.24523109444,0.672995379272895,0.7622,"CPE",0.7622
"TCGA-LIHC","TCGA-DD-AADJ","TCGA-DD-AADJ-01A-11R-A41C-07",-840.066784498772,498.832075745849,-341.234708752923,0.849954234180989,0.798,"CPE",0.798
"TCGA-LIHC","TCGA-DD-AADK","TCGA-DD-AADK-01A-11R-A41C-07",-51.2907470204896,845.664579084992,794.373832064502,0.750754993133352,0.7658,"CPE",0.7658
"TCGA-LIHC","TCGA-DD-AADL","TCGA-DD-AADL-01A-11R-A41C-07",-1052.48900656596,-278.690172796231,-1331.17917936219,0.917285951684443,0.8937,"CPE",0.8937
"TCGA-LIHC","TCGA-DD-AADM","TCGA-DD-AADM-01A-11R-A41C-07",-421.928443300043,565.618602466563,143.69015916652,0.810331180888158,0.7986,"CPE",0.7986
"TCGA-LIHC","TCGA-DD-AADN","TCGA-DD-AADN-01A-11R-A41C-07",-955.636305063889,1996.28368862141,1040.64738355752,0.726389632007374,0.7628,"CPE",0.7628
"TCGA-LIHC","TCGA-DD-AADO","TCGA-DD-AADO-01A-11R-A41C-07",-612.069128401082,1462.55139090834,850.482262507257,0.745289004661121,0.8368,"CPE",0.8368
"TCGA-LIHC","TCGA-DD-AADP","TCGA-DD-AADP-01A-11R-A39D-07",-367.817705760833,424.048576305654,56.230870544821,0.817786913953384,0.8566,"CPE",0.8566
"TCGA-LIHC","TCGA-DD-AADQ","TCGA-DD-AADQ-01A-11R-A41C-07",-1009.12756613076,573.119880934439,-436.007685196318,0.857201155813156,0.8434,"CPE",0.8434
"TCGA-LIHC","TCGA-DD-AADR","TCGA-DD-AADR-01A-11R-A41C-07",-653.359911006234,579.791224109493,-73.5686868967405,0.828603262611258,0.7408,"CPE",0.7408
"TCGA-LIHC","TCGA-DD-AADS","TCGA-DD-AADS-01A-11R-A41C-07",-530.066180398504,1419.66774810258,889.601567704073,0.741448134821692,0.8022,"CPE",0.8022
"TCGA-LIHC","TCGA-DD-AADU","TCGA-DD-AADU-01A-11R-A41C-07",-1103.67637440421,58.8616478015798,-1044.81472660263,0.899741050082346,0.8871,"CPE",0.8871
"TCGA-LIHC","TCGA-DD-AADV","TCGA-DD-AADV-01A-11R-A39D-07",-261.110730319955,229.280075467851,-31.8306548521046,0.825157807109658,0.6582,"CPE",0.6582
"TCGA-LIHC","TCGA-DD-AADW","TCGA-DD-AADW-01A-11R-A39D-07",-377.362398018388,-313.154229701178,-690.516627719566,0.875837737953603,0.9013,"CPE",0.9013
"TCGA-LIHC","TCGA-DD-AADY","TCGA-DD-AADY-01A-11R-A41C-07",-510.507124047904,-342.774089769687,-853.281213817591,0.887117070339869,0.8529,"CPE",0.8529
"TCGA-LIHC","TCGA-DD-AAE0","TCGA-DD-AAE0-01A-11R-A41C-07",-520.718230333761,113.361721959961,-407.356508373801,0.855027743047065,0.91,"CPE",0.91
"TCGA-LIHC","TCGA-DD-AAE1","TCGA-DD-AAE1-01A-11R-A41C-07",-981.741929117841,374.546163183043,-607.195765934797,0.869869853068581,0.757,"CPE",0.757
"TCGA-LIHC","TCGA-DD-AAE2","TCGA-DD-AAE2-01A-11R-A41C-07",-79.0380585161913,960.308166844069,881.270108327877,0.74226819982849,0.706,"CPE",0.706
"TCGA-LIHC","TCGA-DD-AAE3","TCGA-DD-AAE3-01A-11R-A41C-07",-45.5107848208028,453.763429065774,408.252644244971,0.786969877534518,0.8787,"CPE",0.8787
"TCGA-LIHC","TCGA-DD-AAE4","TCGA-DD-AAE4-01A-11R-A41C-07",182.331820523318,1757.98267154673,1940.31449207005,0.629565205032603,0.6127,"CPE",0.6127
"TCGA-LIHC","TCGA-DD-AAE6","TCGA-DD-AAE6-01A-11R-A41C-07",-1466.34934219288,-812.053378317906,-2278.40272051078,0.963625621958169,0.8448,"CPE",0.8448
"TCGA-LIHC","TCGA-DD-AAE7","TCGA-DD-AAE7-01A-11R-A41C-07",-67.0703956944923,915.644151893516,848.573756199024,0.745475760783703,0.7627,"CPE",0.7627
"TCGA-LIHC","TCGA-DD-AAE9","TCGA-DD-AAE9-01A-11R-A41C-07",-1225.00503276336,74.2371949475283,-1150.76783781583,0.906419529788219,0.8883,"CPE",0.8883
"TCGA-LIHC","TCGA-DD-AAEA","TCGA-DD-AAEA-01A-11R-A41C-07",-856.535009140961,732.519193775071,-124.01581536589,0.832726123972275,0.8533,"CPE",0.8533
"TCGA-LIHC","TCGA-DD-AAEB","TCGA-DD-AAEB-01A-11R-A41C-07",-607.251413256151,436.10590578387,-171.145507472282,0.836536610954686,0.8354,"CPE",0.8354
"TCGA-LIHC","TCGA-DD-AAED","TCGA-DD-AAED-01A-12R-A41C-07",-1382.88595896623,216.411520725384,-1166.47443824085,0.907390933351258,0.8454,"CPE",0.8454
"TCGA-LIHC","TCGA-DD-AAEE","TCGA-DD-AAEE-01A-11R-A41C-07",-815.639911431333,-172.719909721752,-988.359821153085,0.896093583291804,0.8377,"CPE",0.8377
"TCGA-LIHC","TCGA-DD-AAEG","TCGA-DD-AAEG-01A-11R-A39D-07",-834.074797486471,-185.64216920241,-1019.71696668888,0.898127135168633,0.9164,"CPE",0.9164
"TCGA-LIHC","TCGA-DD-AAEH","TCGA-DD-AAEH-01A-11R-A41C-07",-46.6140674456649,1490.69118779596,1444.0771203503,0.68444002629185,0.7397,"CPE",0.7397
"TCGA-LIHC","TCGA-DD-AAEI","TCGA-DD-AAEI-01A-11R-A41C-07",-493.48802004224,788.431227485603,294.943207443363,0.797122669591063,0.8302,"CPE",0.8302
"TCGA-LIHC","TCGA-DD-AAEK","TCGA-DD-AAEK-01A-11R-A41C-07",-12.1377703138878,1542.00035647124,1529.86258615735,0.675205339179926,0.7375,"CPE",0.7375
"TCGA-LIHC","TCGA-DD-AAVP","TCGA-DD-AAVP-01A-11R-A41C-07",-466.007842982187,157.451115964323,-308.556727017865,0.847417267342846,0.8591,"CPE",0.8591
"TCGA-LIHC","TCGA-DD-AAVQ","TCGA-DD-AAVQ-01A-11R-A41C-07",-157.421104840022,2031.64217704721,1874.22107220719,0.637073208268998,0.6446,"CPE",0.6446
"TCGA-LIHC","TCGA-DD-AAVR","TCGA-DD-AAVR-01A-11R-A41C-07",521.943144432382,1729.62975152784,2251.57289596022,0.593422504102405,0.7606,"CPE",0.7606
"TCGA-LIHC","TCGA-DD-AAVS","TCGA-DD-AAVS-01A-11R-A41C-07",-528.052644710275,262.663005402658,-265.389639307617,0.844036094348809,0.9043,"CPE",0.9043
"TCGA-LIHC","TCGA-DD-AAVU","TCGA-DD-AAVU-01A-11R-A41C-07",-1040.22170696656,59.1573291949987,-981.064377771561,0.895617740361426,0.9055,"CPE",0.9055
"TCGA-LIHC","TCGA-DD-AAVV","TCGA-DD-AAVV-01A-11R-A41C-07",218.606015168432,1485.64371995039,1704.24973511882,0.656104340464565,0.7956,"CPE",0.7956
"TCGA-LIHC","TCGA-DD-AAVW","TCGA-DD-AAVW-01A-11R-A41C-07",382.376367956118,857.595797433406,1239.97216538952,0.705972686539092,0.7001,"CPE",0.7001
"TCGA-LIHC","TCGA-DD-AAVX","TCGA-DD-AAVX-01A-11R-A41C-07",-325.753956966433,1001.84577980446,676.091822838026,0.762110545886595,0.746,"CPE",0.746
"TCGA-LIHC","TCGA-DD-AAVY","TCGA-DD-AAVY-01A-11R-A41C-07",-1023.12218240507,-241.482029447114,-1264.60421185218,0.913350545364773,0.8463,"CPE",0.8463
"TCGA-LIHC","TCGA-DD-AAVZ","TCGA-DD-AAVZ-01A-11R-A41C-07",-627.324617410781,140.542158438474,-486.782458972307,0.861015546800311,0.8186,"CPE",0.8186
"TCGA-LIHC","TCGA-DD-AAW0","TCGA-DD-AAW0-01A-11R-A41C-07",148.113829148073,1129.41382645654,1277.52765560461,0.702057662321363,0.7563,"CPE",0.7563
"TCGA-LIHC","TCGA-DD-AAW1","TCGA-DD-AAW1-01A-11R-A41C-07",-767.237996702079,-81.2400882324141,-848.478084934493,0.886791440899097,0.8541,"CPE",0.8541
"TCGA-LIHC","TCGA-DD-AAW2","TCGA-DD-AAW2-01A-11R-A41C-07",-652.451636811775,-174.554511378868,-827.006148190643,0.885330357334393,0.921,"CPE",0.921
"TCGA-LIHC","TCGA-DD-AAW3","TCGA-DD-AAW3-01A-11R-A41C-07",-772.6647719277,-263.418238477355,-1036.08301040506,0.899180939959069,0.881,"CPE",0.881
"TCGA-LIHC","TCGA-ED-A459","TCGA-ED-A459-01A-11R-A266-07",-701.012016261107,590.6283262586,-110.383690002506,0.831616512654897,0.6892,"CPE",0.6892
"TCGA-LIHC","TCGA-ED-A4XI","TCGA-ED-A4XI-01A-11R-A266-07",350.859837731099,1191.75393636571,1542.61377409681,0.673823515981136,0.7416,"CPE",0.7416
"TCGA-LIHC","TCGA-ED-A5KG","TCGA-ED-A5KG-01A-11R-A27V-07",689.810900065425,3158.03430268692,3847.84520275235,0.390330079262566,0.2601,"CPE",0.2601
"TCGA-LIHC","TCGA-ED-A627","TCGA-ED-A627-01A-12R-A311-07",875.050173310639,1919.46781083266,2794.5179841433,0.527458499087599,0.5081,"CPE",0.5081
"TCGA-LIHC","TCGA-ED-A66X","TCGA-ED-A66X-01A-11R-A311-07",488.201494683712,987.114936758302,1475.31643144201,0.681089645409371,0.6058,"CPE",0.6058
"TCGA-LIHC","TCGA-ED-A66Y","TCGA-ED-A66Y-01A-11R-A311-07",-1080.95234313005,-799.091468233254,-1880.0438113633,0.94635991056701,0.9706,"CPE",0.9706
"TCGA-LIHC","TCGA-ED-A7PX","TCGA-ED-A7PX-01A-51R-A352-07",186.570564886598,442.512027875312,629.08259276191,0.76656001530284,0.8407,"CPE",0.8407
"TCGA-LIHC","TCGA-ED-A7PY","TCGA-ED-A7PY-01A-11R-A33R-07",-1166.56279117129,-191.506098083898,-1358.06888925519,0.918850651560512,0.9542,"CPE",0.9542
"TCGA-LIHC","TCGA-ED-A7PZ","TCGA-ED-A7PZ-01A-11R-A33R-07",-1335.10773492885,-458.013993081003,-1793.12172800986,0.942160325343271,0.6023,"CPE",0.6023
"TCGA-LIHC","TCGA-ED-A7XO","TCGA-ED-A7XO-01A-11R-A352-07",-0.651166235249759,842.16565496717,841.51448873192,0.74616603403773,0.7832,"CPE",0.7832
"TCGA-LIHC","TCGA-ED-A7XP","TCGA-ED-A7XP-01A-11R-A352-07",-187.829488230367,551.665839832397,363.83635160203,0.790975781453777,0.8235,"CPE",0.8235
"TCGA-LIHC","TCGA-ED-A82E","TCGA-ED-A82E-01A-11R-A352-07",-225.481821546282,314.870898281498,89.3890767352161,0.814976038884642,0.8806,"CPE",0.8806
"TCGA-LIHC","TCGA-ED-A8O5","TCGA-ED-A8O5-01A-11R-A36F-07",-556.17898553889,-137.836598889227,-694.015584428117,0.876085491728021,0.9121,"CPE",0.9121
"TCGA-LIHC","TCGA-ED-A8O6","TCGA-ED-A8O6-01A-11R-A36F-07",-793.024696686273,70.4151161352578,-722.609580551016,0.878101505357287,0.7731,"CPE",0.7731
"TCGA-LIHC","TCGA-ED-A97K","TCGA-ED-A97K-01A-21R-A38B-07",-197.285790443557,586.81707681395,389.531286370393,0.788662444480327,0.8178,"CPE",0.8178
"TCGA-LIHC","TCGA-EP-A12J","TCGA-EP-A12J-01A-11R-A131-07",-706.070879051444,102.295671586798,-603.775207464646,0.869622067727252,0.9011,"CPE",0.9011
"TCGA-LIHC","TCGA-EP-A26S","TCGA-EP-A26S-01A-11R-A16W-07",-737.900957975206,-233.689874809702,-971.590832784907,0.894998298705531,0.8806,"CPE",0.8806
"TCGA-LIHC","TCGA-EP-A2KA","TCGA-EP-A2KA-01A-11R-A180-07",-616.691984712076,1486.32424718768,869.632262475601,0.743411853525167,0.6681,"CPE",0.6681
"TCGA-LIHC","TCGA-EP-A2KB","TCGA-EP-A2KB-01A-11R-A180-07",-958.621911836908,34.7645259253946,-923.857385911514,0.891850872014578,0.9283,"CPE",0.9283
"TCGA-LIHC","TCGA-EP-A2KC","TCGA-EP-A2KC-01A-11R-A213-07",-633.655060056523,200.845512503653,-432.80954755287,0.856959303447936,0.7656,"CPE",0.7656
"TCGA-LIHC","TCGA-EP-A3JL","TCGA-EP-A3JL-01A-11R-A213-07",152.850616522772,1394.78373594069,1547.63435246346,0.67327879699091,0.6974,"CPE",0.6974
"TCGA-LIHC","TCGA-EP-A3RK","TCGA-EP-A3RK-01A-11R-A22L-07",64.6196794107772,1793.29196683887,1857.91164624965,0.63891671057073,0.6344,"CPE",0.6344
"TCGA-LIHC","TCGA-ES-A2HS","TCGA-ES-A2HS-01A-11R-A180-07",-333.828717644645,67.9505464894974,-265.878171155147,0.844074549707671,0.8819,"CPE",0.8819
"TCGA-LIHC","TCGA-ES-A2HT","TCGA-ES-A2HT-01A-12R-A180-07",-58.7994925995687,779.292904097127,720.493411497558,0.757874563983124,0.7834,"CPE",0.7834
"TCGA-LIHC","TCGA-FV-A23B","TCGA-FV-A23B-01A-11R-A16W-07",-507.242068215285,547.618450839307,40.3763826240217,0.819124082493902,0.8475,"CPE",0.8475
"TCGA-LIHC","TCGA-FV-A2QQ","TCGA-FV-A2QQ-01A-11R-A22L-07",-291.209187763663,907.429547927564,616.220360163901,0.767771087379644,0.8036,"CPE",0.8036
"TCGA-LIHC","TCGA-FV-A2QR","TCGA-FV-A2QR-01A-11R-A213-07",-73.202100615816,269.287304835349,196.085204219533,0.805800556358673,0.6383,"CPE",0.6383
"TCGA-LIHC","TCGA-FV-A3I0","TCGA-FV-A3I0-01A-11R-A22L-07",-310.50884444803,418.476063232731,107.967218784701,0.813392696193923,0.8806,"CPE",0.8806
"TCGA-LIHC","TCGA-FV-A3I1","TCGA-FV-A3I1-01A-11R-A22L-07",-174.982128898451,938.52170898496,763.539580086509,0.753737154598232,0.6403,"CPE",0.6403
"TCGA-LIHC","TCGA-FV-A3R2","TCGA-FV-A3R2-01A-11R-A22L-07",-922.919250590184,192.180914567798,-730.738336022386,0.878671799128034,0.8806,"CPE",0.8806
"TCGA-LIHC","TCGA-FV-A3R3","TCGA-FV-A3R3-01A-11R-A22L-07",569.288127966264,867.508604381885,1436.79673234815,0.685218774394832,0.6837,"CPE",0.6837
"TCGA-LIHC","TCGA-FV-A495","TCGA-FV-A495-01A-11R-A266-07",211.470152240141,1345.77170914856,1557.2418613887,0.672235389455297,0.683,"CPE",0.683
"TCGA-LIHC","TCGA-FV-A496","TCGA-FV-A496-01A-11R-A266-07",-1148.4315363646,-536.182629839546,-1684.61416620415,0.936702693286552,0.8989,"CPE",0.8989
"TCGA-LIHC","TCGA-FV-A4ZP","TCGA-FV-A4ZP-01A-12R-A266-07",-572.788757904637,1266.42882431699,693.640066412351,0.760440274705958,0.7844,"CPE",0.7844
"TCGA-LIHC","TCGA-FV-A4ZQ","TCGA-FV-A4ZQ-01A-11R-A266-07",-810.352454986169,1774.53902614988,964.18657116371,0.734057483181066,0.7502,"CPE",0.7502
"TCGA-LIHC","TCGA-G3-A25S","TCGA-G3-A25S-01A-11R-A16W-07",-854.967688406902,705.783917681154,-149.183770725748,0.834765950953818,0.7913,"CPE",0.7913
"TCGA-LIHC","TCGA-G3-A25T","TCGA-G3-A25T-01A-11R-A16W-07",-328.732014787281,409.506461092629,80.7744463053486,0.815708174215851,0.8546,"CPE",0.8546
"TCGA-LIHC","TCGA-G3-A25U","TCGA-G3-A25U-01A-11R-A16W-07",-916.743900358748,-160.835966954797,-1077.57986731354,0.901829636295462,0.8599,"CPE",0.8599
"TCGA-LIHC","TCGA-G3-A25V","TCGA-G3-A25V-01A-11R-A16W-07",209.859723562927,1214.97433924516,1424.83406280808,0.686496663871492,0.4453,"CPE",0.4453
"TCGA-LIHC","TCGA-G3-A25X","TCGA-G3-A25X-01A-11R-A16W-07",64.6746229977172,1542.54135597345,1607.21597897116,0.666786516328984,0.6908,"CPE",0.6908
"TCGA-LIHC","TCGA-G3-A25Y","TCGA-G3-A25Y-01A-11R-A16W-07",-19.752047429659,657.485047986921,637.733000557262,0.765743979835127,0.7949,"CPE",0.7949
"TCGA-LIHC","TCGA-G3-A25Z","TCGA-G3-A25Z-01A-11R-A16W-07",-295.615179499592,487.133872490126,191.518692990535,0.80619732469794,0.8353,"CPE",0.8353
"TCGA-LIHC","TCGA-G3-A3CG","TCGA-G3-A3CG-01A-11R-A213-07",-263.957045609953,500.969327400294,237.012281790341,0.802228401820105,0.8327,"CPE",0.8327
"TCGA-LIHC","TCGA-G3-A3CH","TCGA-G3-A3CH-01A-11R-A22L-07",-269.338689181745,632.291563339279,362.952874157534,0.791055121775276,0.8462,"CPE",0.8462
"TCGA-LIHC","TCGA-G3-A3CI","TCGA-G3-A3CI-01A-11R-A213-07",-177.651663544387,1009.68526631424,832.033602769856,0.747091838617334,0.5222,"CPE",0.5222
"TCGA-LIHC","TCGA-G3-A3CJ","TCGA-G3-A3CJ-01A-11R-A213-07",-634.279879021121,302.44903419934,-331.83084482178,0.849226163409451,0.8806,"CPE",0.8806
"TCGA-LIHC","TCGA-G3-A3CK","TCGA-G3-A3CK-01A-11R-A213-07",-540.498864847986,769.701706502692,229.202841654706,0.802912256469136,0.8374,"CPE",0.8374
"TCGA-LIHC","TCGA-G3-A5SI","TCGA-G3-A5SI-01A-31R-A27V-07",-883.738943343791,-452.063592585203,-1335.80253592899,0.917556000697013,0.9468,"CPE",0.9468
"TCGA-LIHC","TCGA-G3-A5SJ","TCGA-G3-A5SJ-01A-11R-A27V-07",-422.7342502512,1270.27541546116,847.541165209962,0.745576780172755,0.6573,"CPE",0.6573
"TCGA-LIHC","TCGA-G3-A5SK","TCGA-G3-A5SK-01A-11R-A27V-07",-158.272741849876,1045.96638963572,887.69364778584,0.741636029196913,0.6982,"CPE",0.6982
"TCGA-LIHC","TCGA-G3-A5SL","TCGA-G3-A5SL-01A-11R-A27V-07",-510.499633437474,15.4478525304529,-495.051780907021,0.861632245697902,0.8806,"CPE",0.8806
"TCGA-LIHC","TCGA-G3-A5SM","TCGA-G3-A5SM-01A-12R-A28V-07",239.114170365276,1027.46519963159,1266.57936999687,0.703201190140691,0.6313,"CPE",0.6313
"TCGA-LIHC","TCGA-G3-A6UC","TCGA-G3-A6UC-01A-21R-A33J-07",-1020.06005282726,-214.990839165214,-1235.05089199247,0.911575600910887,0.7582,"CPE",0.7582
"TCGA-LIHC","TCGA-G3-A7M5","TCGA-G3-A7M5-01A-11R-A33R-07",-790.363486843959,405.468288040239,-384.895198803719,0.853313302153917,0.8932,"CPE",0.8932
"TCGA-LIHC","TCGA-G3-A7M6","TCGA-G3-A7M6-01A-11R-A33R-07",-492.749335902867,314.512031063546,-178.237304839321,0.837106529458899,0.8784,"CPE",0.8784
"TCGA-LIHC","TCGA-G3-A7M7","TCGA-G3-A7M7-01A-12R-A352-07",-637.513463517749,-12.5571046622054,-650.070568179954,0.872957083037509,0.836,"CPE",0.836
"TCGA-LIHC","TCGA-G3-A7M8","TCGA-G3-A7M8-01A-11R-A33R-07",-130.189517283701,349.578482921213,219.388965637512,0.803770138770905,0.7561,"CPE",0.7561
"TCGA-LIHC","TCGA-G3-A7M9","TCGA-G3-A7M9-01A-23R-A352-07",-1184.38270463458,-265.240372540627,-1449.62307717521,0.924070656299311,0.6535,"CPE",0.6535
"TCGA-LIHC","TCGA-G3-AAUZ","TCGA-G3-AAUZ-01A-11R-A38B-07",-227.110898969371,1063.71061251351,836.599713544135,0.746646140309545,0.7762,"CPE",0.7762
"TCGA-LIHC","TCGA-G3-AAV0","TCGA-G3-AAV0-01A-11R-A37K-07",-662.503416768521,274.806992845482,-387.696423923039,0.853527622485073,0.836,"CPE",0.836
"TCGA-LIHC","TCGA-G3-AAV1","TCGA-G3-AAV1-01A-11R-A38B-07",-611.712591668439,16.9345150477981,-594.778076620641,0.868969268789642,0.7913,"CPE",0.7913
"TCGA-LIHC","TCGA-G3-AAV2","TCGA-G3-AAV2-01A-11R-A37K-07",-619.540603639391,149.242629376851,-470.297974262541,0.859782403778566,0.8165,"CPE",0.8165
"TCGA-LIHC","TCGA-G3-AAV3","TCGA-G3-AAV3-01A-11R-A37K-07",-156.369965576505,1396.80785988393,1240.43789430742,0.705924267115722,0.4591,"CPE",0.4591
"TCGA-LIHC","TCGA-G3-AAV4","TCGA-G3-AAV4-01A-11R-A38B-07",-764.138762978444,-42.3711141372986,-806.509877115742,0.883927459367807,0.9109,"CPE",0.9109
"TCGA-LIHC","TCGA-G3-AAV5","TCGA-G3-AAV5-01A-11R-A37K-07",-941.551824370849,152.488479449193,-789.063344921655,0.882727000962259,0.7466,"CPE",0.7466
"TCGA-LIHC","TCGA-G3-AAV6","TCGA-G3-AAV6-01A-21R-A37K-07",-922.138865858912,-251.547048276851,-1173.68591413576,0.907835324979187,0.7231,"CPE",0.7231
"TCGA-LIHC","TCGA-G3-AAV7","TCGA-G3-AAV7-01A-11R-A38B-07",-524.630228236942,877.766303279945,353.136075043003,0.791935819791115,0.7019,"CPE",0.7019
"TCGA-LIHC","TCGA-GJ-A3OU","TCGA-GJ-A3OU-01A-31R-A38B-07",1053.94196907778,2593.62093460928,3647.56290368706,0.417224542555632,0.4223,"CPE",0.4223
"TCGA-LIHC","TCGA-GJ-A6C0","TCGA-GJ-A6C0-01A-12R-A311-07",-398.77556132248,1147.32189304511,748.546331722628,0.755181663915377,0.67,"CPE",0.67
"TCGA-LIHC","TCGA-GJ-A9DB","TCGA-GJ-A9DB-01A-11R-A37K-07",-52.6946054526247,393.842427383334,341.147821930709,0.79300909579001,0.7913,"CPE",0.7913
"TCGA-LIHC","TCGA-HP-A5MZ","TCGA-HP-A5MZ-01A-21R-A27V-07",761.44434528678,1576.06563969651,2337.50998498329,0.583222205405736,0.5753,"CPE",0.5753
"TCGA-LIHC","TCGA-HP-A5N0","TCGA-HP-A5N0-01A-11R-A28V-07",319.430365580778,623.145760324165,942.576125904943,0.736207961811142,0.7466,"CPE",0.7466
"TCGA-LIHC","TCGA-K7-A5RF","TCGA-K7-A5RF-01A-11R-A28V-07",447.490004629001,1384.97092932358,1832.46093395258,0.64178615961126,0.6652,"CPE",0.6652
"TCGA-LIHC","TCGA-K7-A5RG","TCGA-K7-A5RG-01A-11R-A28V-07",-42.8529932638489,2488.69258822244,2445.83959495859,0.570232000677501,0.3247,"CPE",0.3247
"TCGA-LIHC","TCGA-K7-A6G5","TCGA-K7-A6G5-01A-11R-A311-07",-206.371937995947,904.057038406865,697.685100410918,0.760054545617553,0.7466,"CPE",0.7466
"TCGA-LIHC","TCGA-K7-AAU7","TCGA-K7-AAU7-01A-11R-A38B-07",-116.020526831502,719.571314885388,603.550788053885,0.768961343455902,0.6386,"CPE",0.6386
"TCGA-LIHC","TCGA-KR-A7K0","TCGA-KR-A7K0-01A-12R-A33R-07",-379.951614134697,362.597672591359,-17.3539415433381,0.823955519905885,0.8522,"CPE",0.8522
"TCGA-LIHC","TCGA-KR-A7K2","TCGA-KR-A7K2-01A-12R-A33R-07",-244.227840157021,633.672715047461,389.44487489044,0.788670243000159,0.82,"CPE",0.82
"TCGA-LIHC","TCGA-KR-A7K7","TCGA-KR-A7K7-01A-11R-A33J-07",-948.47603063513,1233.348170808,284.872140172873,0.798014431072988,0.7913,"CPE",0.7913
"TCGA-LIHC","TCGA-KR-A7K8","TCGA-KR-A7K8-01A-11R-A33J-07",-47.2201263473797,1647.16675513042,1599.94662878304,0.667581358964969,0.3678,"CPE",0.3678
"TCGA-LIHC","TCGA-LG-A6GG","TCGA-LG-A6GG-01A-11R-A311-07",-928.984929053424,-47.136850873529,-976.121779926953,0.895294777347675,0.7237,"CPE",0.7237
"TCGA-LIHC","TCGA-LG-A9QC","TCGA-LG-A9QC-01A-11R-A37K-07",-799.417718001774,-338.172280743737,-1137.58999874551,0.905600804919115,0.8759,"CPE",0.8759
"TCGA-LIHC","TCGA-LG-A9QD","TCGA-LG-A9QD-01A-11R-A38B-07",-617.893315556471,544.851130826359,-73.0421847301122,0.828559993521653,0.8613,"CPE",0.8613
"TCGA-LIHC","TCGA-MI-A75C","TCGA-MI-A75C-01A-11R-A32O-07",-1280.87244106713,662.940172776721,-617.932268290407,0.870646180841038,0.7693,"CPE",0.7693
"TCGA-LIHC","TCGA-MI-A75E","TCGA-MI-A75E-01A-11R-A32O-07",9.47174204047293,982.771847341596,992.243589382069,0.731254481984982,0.7656,"CPE",0.7656
"TCGA-LIHC","TCGA-MI-A75G","TCGA-MI-A75G-01A-11R-A32O-07",-925.447967198959,-223.875305223427,-1149.32327242239,0.906329945965308,0.9342,"CPE",0.9342
"TCGA-LIHC","TCGA-MI-A75H","TCGA-MI-A75H-01A-11R-A32O-07",-364.943277349364,1089.15602415651,724.212746807146,0.757518269666733,0.6699,"CPE",0.6699
"TCGA-LIHC","TCGA-MI-A75I","TCGA-MI-A75I-01A-11R-A32O-07",-986.986618649172,264.773690624559,-722.212928024612,0.87807364518068,0.7019,"CPE",0.7019
"TCGA-LIHC","TCGA-MR-A520","TCGA-MR-A520-01A-11R-A266-07",-568.685037714946,261.111428647755,-307.573609067191,0.847340640211334,0.7027,"CPE",0.7027
"TCGA-LIHC","TCGA-MR-A8JO","TCGA-MR-A8JO-01A-12R-A36F-07",877.198526456948,1490.30969704097,2367.50822349792,0.579639630433933,0.5635,"CPE",0.5635
"TCGA-LIHC","TCGA-NI-A4U2","TCGA-NI-A4U2-01A-11R-A28V-07",-303.272848019528,250.648650380483,-52.6241976390442,0.826878184252276,0.8599,"CPE",0.8599
"TCGA-LIHC","TCGA-NI-A8LF","TCGA-NI-A8LF-01A-11R-A36F-07",-227.838556852102,131.34977298204,-96.4887838700624,0.830482085033391,0.7821,"CPE",0.7821
"TCGA-LIHC","TCGA-O8-A75V","TCGA-O8-A75V-01A-11R-A32O-07",-75.4070249958258,1212.09580087724,1136.68877588142,0.716628616077135,0.6398,"CPE",0.6398
"TCGA-LIHC","TCGA-PD-A5DF","TCGA-PD-A5DF-01A-11R-A27V-07",307.142500140874,939.742167958477,1246.88466809935,0.705253690621053,0.7192,"CPE",0.7192
"TCGA-LIHC","TCGA-QA-A7B7","TCGA-QA-A7B7-01A-11R-A32O-07",-1169.9197881651,9.59535131621363,-1160.32443684889,0.907011149478225,0.7913,"CPE",0.7913
"TCGA-LIHC","TCGA-RC-A6M3","TCGA-RC-A6M3-01A-11R-A32O-07",-1236.8483770125,312.923261143079,-923.925115869417,0.891855369018294,0.6634,"CPE",0.6634
"TCGA-LIHC","TCGA-RC-A6M4","TCGA-RC-A6M4-01A-11R-A32O-07",-1123.54739889624,-594.787762417297,-1718.33516131354,0.93842428157724,0.9642,"CPE",0.9642
"TCGA-LIHC","TCGA-RC-A6M5","TCGA-RC-A6M5-01A-11R-A32O-07",473.632504599488,275.147367957994,748.779872557482,0.755159191686559,0.6831,"CPE",0.6831
"TCGA-LIHC","TCGA-RC-A6M6","TCGA-RC-A6M6-01A-11R-A32O-07",-1243.49826130743,36.0535451547143,-1207.44471615272,0.909902102686638,0.7466,"CPE",0.7466
"TCGA-LIHC","TCGA-RC-A7S9","TCGA-RC-A7S9-01A-11R-A33R-07",-1025.42606301901,570.535395280121,-454.89066773889,0.858625288884348,0.8951,"CPE",0.8951
"TCGA-LIHC","TCGA-RC-A7SB","TCGA-RC-A7SB-01A-21R-A352-07",-890.141079369629,87.9496640097335,-802.191415359895,0.883630854869317,0.7913,"CPE",0.7913
"TCGA-LIHC","TCGA-RC-A7SF","TCGA-RC-A7SF-01A-11R-A352-07",-818.131573157574,355.895553864751,-462.236019292822,0.859177485413144,0.7913,"CPE",0.7913
"TCGA-LIHC","TCGA-RC-A7SH","TCGA-RC-A7SH-01A-11R-A38B-07",-1099.00703360766,-361.684247888496,-1460.69128149616,0.924690425908158,0.9426,"CPE",0.9426
"TCGA-LIHC","TCGA-RC-A7SK","TCGA-RC-A7SK-01A-11R-A352-07",-1009.07270405172,-321.007422961063,-1330.08012701278,0.917221694175847,0.9253,"CPE",0.9253
"TCGA-LIHC","TCGA-RG-A7D4","TCGA-RG-A7D4-01A-12R-A33R-07",-940.688064133228,1555.13074418039,614.442680047159,0.767938253629748,0.4751,"CPE",0.4751
"TCGA-LIHC","TCGA-T1-A6J8","TCGA-T1-A6J8-01A-11R-A32O-07",-355.372092736707,246.237830749116,-109.134261987591,0.83151464656613,0.7151,"CPE",0.7151
"TCGA-LIHC","TCGA-UB-A7MA","TCGA-UB-A7MA-01A-11R-A33R-07",-665.388442078583,14.2164429728554,-651.171999105728,0.873035937324557,0.9038,"CPE",0.9038
"TCGA-LIHC","TCGA-UB-A7MB","TCGA-UB-A7MB-01A-11R-A33R-07",-1098.38574364207,-414.716140816869,-1513.10188445894,0.927592012781505,0.9224,"CPE",0.9224
"TCGA-LIHC","TCGA-UB-A7MC","TCGA-UB-A7MC-01A-11R-A33R-07",-1185.82791721842,-433.25402984642,-1619.08194706484,0.933291418629675,0.8272,"CPE",0.8272
"TCGA-LIHC","TCGA-UB-A7MD","TCGA-UB-A7MD-01A-12R-A352-07",-95.941391162505,982.28092260461,886.339531442105,0.741769349001014,0.768,"CPE",0.768
"TCGA-LIHC","TCGA-UB-A7ME","TCGA-UB-A7ME-01A-11R-A33J-07",-263.608805427268,1226.62759339384,963.018787966575,0.734173879528231,0.7466,"CPE",0.7466
"TCGA-LIHC","TCGA-UB-A7MF","TCGA-UB-A7MF-01A-11R-A33J-07",-460.332617002594,1822.74122907923,1362.40861207663,0.693130710089763,0.7453,"CPE",0.7453
"TCGA-LIHC","TCGA-UB-AA0U","TCGA-UB-AA0U-01A-11R-A38B-07",189.13116778602,802.678827680368,991.809995466389,0.731297894122435,0.7467,"CPE",0.7467
"TCGA-LIHC","TCGA-UB-AA0V","TCGA-UB-AA0V-01A-11R-A38B-07",282.196657864771,676.178718188836,958.375376053608,0.734636488433241,0.7552,"CPE",0.7552
"TCGA-LIHC","TCGA-WJ-A86L","TCGA-WJ-A86L-01A-12R-A39D-07",-1204.23098819016,-99.7418949580089,-1303.97288314817,0.915688285611895,0.8806,"CPE",0.8806
"TCGA-LIHC","TCGA-WQ-A9G7","TCGA-WQ-A9G7-01A-11R-A37K-07",-1136.26534213782,-200.610903099959,-1336.87624523778,0.917618655305496,0.8101,"CPE",0.8101
"TCGA-LIHC","TCGA-WQ-AB4B","TCGA-WQ-AB4B-01A-11R-A41C-07",-125.596548666528,666.938650297529,541.342101631001,0.774766936295325,0.8663,"CPE",0.8663
"TCGA-LIHC","TCGA-WX-AA44","TCGA-WX-AA44-01A-11R-A39D-07",-750.968256693886,439.280049292149,-311.688207401737,0.847661226579518,0.7553,"CPE",0.7553
"TCGA-LIHC","TCGA-WX-AA46","TCGA-WX-AA46-01A-11R-A39D-07",-140.481449118208,494.753414430632,354.271965312424,0.791833999354529,0.8223,"CPE",0.8223
"TCGA-LIHC","TCGA-WX-AA47","TCGA-WX-AA47-01A-11R-A39D-07",-1215.27456111534,-370.834057371942,-1586.10861848728,0.931542316351583,0.9041,"CPE",0.9041
"TCGA-LIHC","TCGA-XR-A8TC","TCGA-XR-A8TC-01A-11R-A36F-07",-657.460421099742,-179.950864261978,-837.41128536172,0.886039486530407,0.8991,"CPE",0.8991
"TCGA-LIHC","TCGA-XR-A8TD","TCGA-XR-A8TD-01A-12R-A39D-07",522.913701459058,1926.8637235786,2449.77742503766,0.56975706504672,0.5427,"CPE",0.5427
"TCGA-LIHC","TCGA-XR-A8TE","TCGA-XR-A8TE-01A-11R-A36F-07",-394.768057530196,68.7291064227185,-326.038951107478,0.84877693512862,0.7317,"CPE",0.7317
"TCGA-LIHC","TCGA-XR-A8TF","TCGA-XR-A8TF-01A-11R-A36F-07",-956.375943502221,-56.2355145669421,-1012.61145806916,0.897667999459367,0.7913,"CPE",0.7913
"TCGA-LIHC","TCGA-XR-A8TG","TCGA-XR-A8TG-01A-11R-A36F-07",-322.093105294831,339.900895289336,17.8077899945054,0.821019864868295,0.6859,"CPE",0.6859
"TCGA-LIHC","TCGA-YA-A8S7","TCGA-YA-A8S7-01A-11R-A37K-07",226.719758818545,1800.57354826604,2027.29330708459,0.619594498519102,0.5688,"CPE",0.5688
"TCGA-LIHC","TCGA-ZP-A9CV","TCGA-ZP-A9CV-01A-11R-A38B-07",-13.7037542095482,984.036138134146,970.332383924598,0.733444556768783,0.7516,"CPE",0.7516
"TCGA-LIHC","TCGA-ZP-A9CY","TCGA-ZP-A9CY-01A-11R-A38B-07",62.9743689549787,675.914209211415,738.888578166394,0.756110193895118,0.7785,"CPE",0.7785
"TCGA-LIHC","TCGA-ZP-A9CZ","TCGA-ZP-A9CZ-01A-11R-A38B-07",-65.888039958613,1177.56137878216,1111.67333882354,0.719184816904607,0.7494,"CPE",0.7494
"TCGA-LIHC","TCGA-ZP-A9D0","TCGA-ZP-A9D0-01A-11R-A37K-07",-578.757699326632,-134.454642350592,-713.212341677224,0.877440659871071,0.9065,"CPE",0.9065
"TCGA-LIHC","TCGA-ZP-A9D1","TCGA-ZP-A9D1-01A-11R-A38B-07",-53.6829994215785,696.024401353031,642.341401931453,0.76530874253705,0.7909,"CPE",0.7909
"TCGA-LIHC","TCGA-ZP-A9D2","TCGA-ZP-A9D2-01A-11R-A38B-07",-363.703383081406,290.349949879705,-73.3534332017016,0.828585573193955,0.7913,"CPE",0.7913
"TCGA-LIHC","TCGA-ZP-A9D4","TCGA-ZP-A9D4-01A-11R-A37K-07",-814.995358377562,-164.412480473461,-979.407838851023,0.895509550041599,0.7913,"CPE",0.7913
"TCGA-LIHC","TCGA-ZS-A9CD","TCGA-ZS-A9CD-01A-11R-A37K-07",-117.664037811295,706.947915195171,589.283877383876,0.770298479276394,0.6152,"CPE",0.6152
"TCGA-LIHC","TCGA-ZS-A9CE","TCGA-ZS-A9CE-01A-11R-A37K-07",-1044.36695070512,-451.755526659782,-1496.12247736491,0.926657992513875,0.7466,"CPE",0.7466
"TCGA-LIHC","TCGA-ZS-A9CF","TCGA-ZS-A9CF-01A-11R-A38B-07",-692.790763930506,441.450498111663,-251.340265818843,0.842928324914561,0.8116,"CPE",0.8116
"TCGA-LIHC","TCGA-ZS-A9CG","TCGA-ZS-A9CG-01A-11R-A37K-07",-573.269140722343,151.800785661859,-421.468355060484,0.856100127865791,0.8876,"CPE",0.8876
"TCGA-CHOL","TCGA-3X-AAV9","TCGA-3X-AAV9-01A-72R-A41I-07",899.136307813262,1931.9253146567,2831.06162246996,0.522893626104788,NA,"ESTIMATE",0.522893626104788
"TCGA-CHOL","TCGA-3X-AAVA","TCGA-3X-AAVA-01A-11R-A41I-07",-107.55142601609,519.726448583526,412.175022567436,0.786614508357735,NA,"ESTIMATE",0.786614508357735
"TCGA-CHOL","TCGA-3X-AAVB","TCGA-3X-AAVB-01A-31R-A41I-07",786.676018111316,1097.30193194589,1883.97795005721,0.635968613488761,NA,"ESTIMATE",0.635968613488761
"TCGA-CHOL","TCGA-3X-AAVC","TCGA-3X-AAVC-01A-21R-A41I-07",-502.209353516094,780.636556264921,278.427202748827,0.798584195089603,NA,"ESTIMATE",0.798584195089603
"TCGA-CHOL","TCGA-3X-AAVE","TCGA-3X-AAVE-01A-11R-A41I-07",-77.6507590565936,1772.74151451413,1695.09075545753,0.6571183499348,NA,"ESTIMATE",0.6571183499348
"TCGA-CHOL","TCGA-4G-AAZO","TCGA-4G-AAZO-01A-12R-A41I-07",-679.133464315596,527.409124584345,-151.724339731251,0.834971227834998,NA,"ESTIMATE",0.834971227834998
"TCGA-CHOL","TCGA-4G-AAZT","TCGA-4G-AAZT-01A-11R-A41I-07",-179.774466587307,784.293257916093,604.518791328786,0.768870497171437,NA,"ESTIMATE",0.768870497171437
"TCGA-CHOL","TCGA-W5-AA2G","TCGA-W5-AA2G-01A-11R-A41I-07",-70.255469669142,711.101635390327,640.846165721185,0.765449997481875,NA,"ESTIMATE",0.765449997481875
"TCGA-CHOL","TCGA-W5-AA2H","TCGA-W5-AA2H-01A-31R-A41I-07",334.010229928508,3491.0374103959,3825.0476403244,0.393408851035956,NA,"ESTIMATE",0.393408851035956
"TCGA-CHOL","TCGA-W5-AA2I","TCGA-W5-AA2I-01A-32R-A41I-07",-1802.14236100283,-642.124039182193,-2444.26640018502,0.969846229731204,NA,"ESTIMATE",0.969846229731204
"TCGA-CHOL","TCGA-W5-AA2O","TCGA-W5-AA2O-01A-11R-A41I-07",-1021.85566490713,195.832980507641,-826.022684399491,0.885263225617499,NA,"ESTIMATE",0.885263225617499
"TCGA-CHOL","TCGA-W5-AA2Q","TCGA-W5-AA2Q-01A-11R-A41I-07",-600.514799154654,-448.571183171318,-1049.08598232597,0.900014498422372,NA,"ESTIMATE",0.900014498422372
"TCGA-CHOL","TCGA-W5-AA2T","TCGA-W5-AA2T-01A-12R-A41I-07",-1021.186111724,-597.615601112986,-1618.80171283699,0.933276645393433,NA,"ESTIMATE",0.933276645393433
"TCGA-CHOL","TCGA-W5-AA2U","TCGA-W5-AA2U-01A-11R-A41I-07",-246.900789271026,467.271367427303,220.370578156277,0.803684405925549,NA,"ESTIMATE",0.803684405925549
"TCGA-CHOL","TCGA-W5-AA2W","TCGA-W5-AA2W-01A-11R-A41I-07",-723.120050701588,441.677959797665,-281.442090903924,0.845297408960879,NA,"ESTIMATE",0.845297408960879
"TCGA-CHOL","TCGA-W5-AA2X","TCGA-W5-AA2X-01A-11R-A41I-07",-1529.41904976127,-773.545554103503,-2302.96460386478,0.964582920768308,NA,"ESTIMATE",0.964582920768308
"TCGA-CHOL","TCGA-W5-AA2Z","TCGA-W5-AA2Z-01A-11R-A41I-07",192.928530497573,601.430812375267,794.35934287284,0.750756398084713,NA,"ESTIMATE",0.750756398084713
"TCGA-CHOL","TCGA-W5-AA30","TCGA-W5-AA30-01A-31R-A41I-07",78.2570707180341,896.155956373235,974.413027091269,0.733037261461087,NA,"ESTIMATE",0.733037261461087
"TCGA-CHOL","TCGA-W5-AA31","TCGA-W5-AA31-01A-11R-A41I-07",-82.513711105384,363.013999201278,280.500288095894,0.798401002147811,NA,"ESTIMATE",0.798401002147811
"TCGA-CHOL","TCGA-W5-AA33","TCGA-W5-AA33-01A-11R-A41I-07",200.182732151743,1203.36940112158,1403.55213327332,0.688764830413464,NA,"ESTIMATE",0.688764830413464
"TCGA-CHOL","TCGA-W5-AA34","TCGA-W5-AA34-01A-11R-A41I-07",-846.777688341668,493.553781838702,-353.223906502966,0.850880119192062,NA,"ESTIMATE",0.850880119192062
"TCGA-CHOL","TCGA-W5-AA36","TCGA-W5-AA36-01A-11R-A41I-07",-259.883414306096,379.37399749678,119.490583190684,0.812407564342768,NA,"ESTIMATE",0.812407564342768
"TCGA-CHOL","TCGA-W5-AA38","TCGA-W5-AA38-01A-11R-A41I-07",-719.204036746218,459.202683834746,-260.001352911473,0.843611661149114,NA,"ESTIMATE",0.843611661149114
"TCGA-CHOL","TCGA-W5-AA39","TCGA-W5-AA39-01A-11R-A41I-07",-1183.34782207598,-466.440367725721,-1649.7881898017,0.934900601374025,NA,"ESTIMATE",0.934900601374025
"TCGA-CHOL","TCGA-W6-AA0S","TCGA-W6-AA0S-01A-11R-A41I-07",33.320761077063,1074.88705494984,1108.2078160269,0.719538177162308,NA,"ESTIMATE",0.719538177162308
"TCGA-CHOL","TCGA-WD-A7RX","TCGA-WD-A7RX-01A-12R-A41I-07",-54.4656729327493,1606.77775970443,1552.31208677168,0.672770946571332,NA,"ESTIMATE",0.672770946571332
"TCGA-CHOL","TCGA-YR-A95A","TCGA-YR-A95A-01A-12R-A41I-07",-483.074772326105,18.5451176376845,-464.52965468842,0.859349707880312,NA,"ESTIMATE",0.859349707880312
"TCGA-CHOL","TCGA-ZD-A8I3","TCGA-ZD-A8I3-01A-11R-A41I-07",-614.189554623977,-250.417439220919,-864.606993844896,0.88788315856301,NA,"ESTIMATE",0.88788315856301
"TCGA-CHOL","TCGA-ZH-A8Y1","TCGA-ZH-A8Y1-01A-11R-A41I-07",-69.4306725448783,434.100443832298,364.66977128742,0.790900924354928,NA,"ESTIMATE",0.790900924354928
"TCGA-CHOL","TCGA-ZH-A8Y2","TCGA-ZH-A8Y2-01A-11R-A41I-07",-576.687845865954,428.693459745341,-147.994386120613,0.834669809291024,NA,"ESTIMATE",0.834669809291024
"TCGA-CHOL","TCGA-ZH-A8Y4","TCGA-ZH-A8Y4-01A-11R-A41I-07",-649.077505466862,23.6985045654116,-625.379000901451,0.871183364193932,NA,"ESTIMATE",0.871183364193932
"TCGA-CHOL","TCGA-ZH-A8Y5","TCGA-ZH-A8Y5-01A-11R-A41I-07",-559.834538586756,-568.700963733059,-1128.53550231981,0.905036294685832,NA,"ESTIMATE",0.905036294685832
"TCGA-CHOL","TCGA-ZH-A8Y6","TCGA-ZH-A8Y6-01A-11R-A41I-07",-853.081654901382,-582.144590844405,-1435.22624574579,0.923260848999361,NA,"ESTIMATE",0.923260848999361
"TCGA-CHOL","TCGA-ZH-A8Y8","TCGA-ZH-A8Y8-01A-51R-A41I-07",26.9649715759685,1221.28416051394,1248.24913208991,0.705111681656062,NA,"ESTIMATE",0.705111681656062
"TCGA-CHOL","TCGA-ZU-A8S4","TCGA-ZU-A8S4-01A-11R-A41I-07",195.291815892398,1849.23808950274,2044.52990539514,0.617606560461103,NA,"ESTIMATE",0.617606560461103
