"draw","pooled_M1_logHR"
1,0.13703855404676
2,0.104111638063689
3,0.128391255057214
4,0.130982061420931
5,0.112303546951462
6,0.127535405935975
7,0.123701467601508
8,0.118301175299007
9,0.111032533306741
10,0.11224591177674
11,0.138215959420496
12,0.121457780210045
13,0.101845096617766
14,0.111412266529156
15,0.0874597342362332
16,0.102075449235533
17,0.112029984047445
18,0.102908603752053
19,0.143832943836502
20,0.111564476669464
21,0.12050329231869
22,0.12047375997466
23,0.0889901692560363
24,0.106340096009169
25,0.134023257002888
26,0.119101321225668
27,0.105223804283002
28,0.111656640348051
29,0.10044156872692
30,0.107644421018544
31,0.11730985805051
32,0.117332176642977
33,0.131547998856195
34,0.1102909079784
35,0.121435186754793
36,0.136079334771248
37,0.115613365651276
38,0.113103318770803
39,0.1308618026544
40,0.13012284691153
41,0.114882610559346
42,0.134895156795252
43,0.119743522591071
44,0.123788449237371
45,0.118643708567716
46,0.144183307119857
47,0.110584369052056
48,0.103981247258906
49,0.125593682990986
50,0.094760364113309
51,0.125061950083809
52,0.11496938558533
53,0.115409806446826
54,0.118250045145208
55,0.129225821266594
56,0.110860382246274
57,0.121725894324859
58,0.110724043997869
59,0.130081738918836
60,0.116974128039675
61,0.112642889315124
62,0.124980825234021
63,0.0902227834040826
64,0.125981591790097
65,0.115526993179905
66,0.124067596044847
67,0.112369834291943
68,0.114772048138137
69,0.0944923141181991
70,0.107286683956389
71,0.0926719635157721
72,0.0855211830997241
73,0.143031529817166
74,0.149471150517004
75,0.110949624076927
76,0.094801231033637
77,0.122727348149968
78,0.114254603199762
79,0.117138420257098
80,0.109128327264243
81,0.11711323839919
82,0.134529437433172
83,0.131694813880852
84,0.115615361744977
85,0.0997541530212063
86,0.132131622578679
87,0.117629742133715
88,0.117278886453761
89,0.112204063169363
90,0.0937732260258976
91,0.13933856121369
92,0.123828430050759
93,0.125630493760947
94,0.146064255516971
95,0.101416212280524
96,0.137095595129826
97,0.133029749065468
98,0.124697869755966
99,0.101281265346044
100,0.109208811691557
101,0.128476117771167
102,0.0976603157193501
103,0.109440786409187
104,0.125880409444079
105,0.110802813942869
106,0.103226964118885
107,0.119793188560251
108,0.111240874540541
109,0.109772797921809
110,0.129197504103364
111,0.109543631223483
112,0.118583281000275
113,0.138529363633496
114,0.0978600139782609
115,0.117528067263016
116,0.135489391301055
117,0.116205781176178
118,0.125206586232529
119,0.133889739077768
120,0.14075970570882
121,0.125759318383745
122,0.122800600078794
123,0.126687578499616
124,0.12286949423172
125,0.111028261264357
126,0.120826139903205
127,0.106123511391755
128,0.116242490469838
129,0.109998346369069
130,0.112938930671422
131,0.131339223435151
132,0.120186033073431
133,0.116599353877852
134,0.13002174389129
135,0.118494849138547
136,0.114527724535144
137,0.126206788447702
138,0.111657483943092
139,0.13081398351057
140,0.114004096902443
141,0.126967337660689
142,0.133655752053686
143,0.115709827334
144,0.143027570734923
145,0.0945262170630314
146,0.0992297109512285
147,0.14005191714644
148,0.0930448504325339
149,0.119138191344116
150,0.128226294686782
151,0.119869801566399
152,0.114682585709991
153,0.093855236703071
154,0.087197617108888
155,0.120350119088386
156,0.150289601115004
157,0.130027815597448
158,0.0832033192481972
159,0.119663569843523
160,0.115129651525929
161,0.122698360566932
162,0.0948629908101244
163,0.0850960495559607
164,0.128381451669208
165,0.132832707046113
166,0.0889941592595748
167,0.107689042017528
168,0.0900748439834353
169,0.112001908616109
170,0.138782186036697
171,0.0929701331386489
172,0.109080778782171
173,0.114310545125907
174,0.103854730900367
175,0.12303637733527
176,0.109469149955758
177,0.112933295975946
178,0.115043961156349
179,0.119883537286534
180,0.114381380297099
181,0.128289228874558
182,0.100889201327548
183,0.104685987701031
184,0.119203787218166
185,0.113200672069747
186,0.080050357190632
187,0.0994672823185671
188,0.111565512363685
189,0.12583533284432
190,0.097568901111386
191,0.105888770372778
192,0.133883272920122
193,0.109665450820236
194,0.105377691503928
195,0.123871623967165
196,0.139316894758504
197,0.108633468686218
198,0.139572021402745
199,0.117238489475372
200,0.116687907453256
201,0.0964433160809277
202,0.104268424162182
203,0.0935852001457304
204,0.136519711678356
205,0.12028722065959
206,0.151716523187562
207,0.101633105735115
208,0.120443526762109
209,0.115456290822835
210,0.109320791591697
211,0.101972169699308
212,0.115190346426706
213,0.11927950837115
214,0.118790650999824
215,0.142002294667179
216,0.103435940378107
217,0.115789361508243
218,0.114995747389082
219,0.109946055298488
220,0.129198809590378
221,0.116225511802942
222,0.120347060390195
223,0.09530908307817
224,0.104798929943951
225,0.111444284850607
226,0.115715520206699
227,0.113092299646414
228,0.126763948149334
229,0.110047920706849
230,0.101949228515378
231,0.106111712123451
232,0.12101383000432
233,0.127354311568186
234,0.100739600723003
235,0.114861241040535
236,0.106376937767891
237,0.122929937142284
238,0.117320046772695
239,0.108343005489283
240,0.122224969781494
241,0.112752668497723
242,0.120844650899781
243,0.11583839796008
244,0.114003575219084
245,0.122285681819752
246,0.0996804518564529
247,0.109643166496443
248,0.0950911372861395
249,0.102669341942224
250,0.0941379187346557
251,0.09430705710387
252,0.112918463898203
253,0.0993743472258687
254,0.137427736772704
255,0.114348171442332
256,0.132200091312619
257,0.108711606321667
258,0.108374927545523
259,0.0814519572540138
260,0.137700108032509
261,0.105018213715474
262,0.106543165084233
263,0.125794925549126
264,0.131059836878506
265,0.114884039580715
266,0.107506795261586
267,0.100101681486251
268,0.119510403140394
269,0.130643630145781
270,0.119254154107473
271,0.124417957441028
272,0.146307742156738
273,0.118645624037256
274,0.0952147242336518
275,0.118179133576132
276,0.099301312548995
277,0.118097517586332
278,0.136492861183809
279,0.128207870142153
280,0.100100739009931
281,0.126236696315147
282,0.121330458142706
283,0.109212997986381
284,0.127957033499688
285,0.109373402846488
286,0.128226365451192
287,0.137365772204566
288,0.128505937919331
289,0.106519949633738
290,0.129976252575108
291,0.101017360502601
292,0.096514907296104
293,0.132917220755052
294,0.126616509434678
295,0.136360777254471
296,0.116767861230958
297,0.120932932136364
298,0.1155236136083
299,0.125508645134579
300,0.107750152494476
301,0.136184672105799
302,0.141712380597355
303,0.138113288214113
304,0.14366455380127
305,0.126963011012808
306,0.0977734030615524
307,0.142976627414091
308,0.127204338689114
309,0.108423504424043
310,0.128060704507449
311,0.0993814791208145
312,0.131800800296235
313,0.117293971742279
314,0.102585040349237
315,0.133749370504942
316,0.127839126198154
317,0.127161475982668
318,0.120646510848055
319,0.128152518857883
320,0.10775812894187
321,0.11656944894927
322,0.108872880707105
323,0.098169465743687
324,0.122600615287235
325,0.119897365649331
326,0.0916405985906407
327,0.122383447148516
328,0.12369605534702
329,0.134050577133724
330,0.134401598761236
331,0.114549123683916
332,0.119492463338392
333,0.132998998041875
334,0.137074783699023
335,0.1178067615679
336,0.117484136762103
337,0.0984984739479662
338,0.121014958606189
339,0.114005937648962
340,0.139732848840562
341,0.0915928796409607
342,0.134928015310859
343,0.112257178294883
344,0.107399491253094
345,0.119292881007832
346,0.0901657517513921
347,0.152323208113224
348,0.119091018134729
349,0.0970721834700012
350,0.126356541831124
351,0.113151951391133
352,0.101464097165551
353,0.136385705043801
354,0.136246683499677
355,0.144344977647139
356,0.120957977149785
357,0.114572126941905
358,0.115337025174308
359,0.103749664688514
360,0.125304929146593
361,0.124065807120899
362,0.125090742964956
363,0.139272780738965
364,0.122128253851233
365,0.102166516552916
366,0.124513020399906
367,0.132520773626327
368,0.125456617986
369,0.111747023305807
370,0.156896446899567
371,0.117294618381072
372,0.0939486118921977
373,0.151041255963673
374,0.114250547953408
375,0.14657838126817
376,0.132103650573312
377,0.121419530646631
378,0.143346592571524
379,0.127042282225835
380,0.136303892300886
381,0.114938233158908
382,0.104609352701295
383,0.115919913366697
384,0.132829500388595
385,0.122860386669379
386,0.130372510990982
387,0.0966019041265911
388,0.109956193628497
389,0.118804340156128
390,0.126482065619978
391,0.102933929538465
392,0.1111337692406
393,0.113833336012932
394,0.128823715973045
395,0.113677472987298
396,0.111345084417908
397,0.135151123515147
398,0.126180664575599
399,0.122152500129906
400,0.127293531693697
401,0.140303802908069
402,0.110125569713022
403,0.0950517270678609
404,0.122628217358762
405,0.106121241438458
406,0.119149777935014
407,0.145363068774957
408,0.0997826109288903
409,0.133141988399306
410,0.117942767078555
411,0.12531701570232
412,0.109492287125919
413,0.117813902925282
414,0.101726900414465
415,0.138452871108928
416,0.130221897762045
417,0.119000970067882
418,0.0960594688411757
419,0.101223021832363
420,0.113963760720887
421,0.0999697797009636
422,0.106871701870974
423,0.0978157627996221
424,0.145632846252092
425,0.128546078737082
426,0.106070812657564
427,0.118586274091424
428,0.117325424567054
429,0.0972072518327153
430,0.127314797869483
431,0.112520199091207
432,0.116270146796944
433,0.119406985970889
434,0.119508371280742
435,0.0936395167947495
436,0.138983354972355
437,0.132796800357938
438,0.11192342026138
439,0.114483441042003
440,0.10787381944249
441,0.109042476078745
442,0.101147108656124
443,0.123405696028627
444,0.122549461479519
445,0.141881156056033
446,0.118972887792209
447,0.134849148602259
448,0.108107214182633
449,0.133967584875736
450,0.102624291285101
451,0.11088551762265
452,0.132863236690171
453,0.133254242674723
454,0.113254546353509
455,0.0977117057099068
456,0.107573022075845
457,0.133631384538882
458,0.126548672990795
459,0.112719305899793
460,0.0943779527816416
461,0.125056520171448
462,0.137808879284283
463,0.118126824750992
464,0.126762465989941
465,0.10212905100601
466,0.0894400079251501
467,0.106671478942233
468,0.11770173109553
469,0.136289460800981
470,0.087645581713252
471,0.117991722135865
472,0.0848688703504488
473,0.120703051599595
474,0.100226210032894
475,0.142753442190948
476,0.113655681673891
477,0.113013444349204
478,0.0950775139510143
479,0.105115892030563
480,0.108599138884128
481,0.12360222829577
482,0.118491499119384
483,0.123293683552294
484,0.136216557385733
485,0.0967531945256119
486,0.135979905619744
487,0.11850100000721
488,0.10577261772183
489,0.12686179688526
490,0.112029253729319
491,0.109476171349169
492,0.110142015706818
493,0.123811482660879
494,0.0995181901143115
495,0.110463381601264
496,0.136821137192131
497,0.105671589266989
498,0.140101627658279
499,0.120565407206202
500,0.122798755743887
501,0.129958273174252
502,0.0989187631809834
503,0.117376673583118
504,0.112230573682216
505,0.115880076896096
506,0.114231803285239
507,0.138797094768472
508,0.11512908497984
509,0.131343365593168
510,0.0972284913562399
511,0.123328506569715
512,0.133781606250481
513,0.106514791073265
514,0.130024537962102
515,0.131912488817648
516,0.122843325444887
517,0.110616880200711
518,0.119782212006586
519,0.110784194797726
520,0.136962681077632
521,0.109798597335772
522,0.103446245951889
523,0.132268299910942
524,0.117517858480219
525,0.139961603928107
526,0.11247422672848
527,0.112641229960209
528,0.0963702350044067
529,0.0927453286164885
530,0.134874728034165
531,0.111806814845596
532,0.117845382127559
533,0.127815581468857
534,0.0986635235102998
535,0.102278590243153
536,0.120244250314255
537,0.114047273092939
538,0.123279069300595
539,0.141242454474443
540,0.0927831772047825
541,0.123461178624964
542,0.148756981184231
543,0.12119216660312
544,0.1134785571421
545,0.12104596725959
546,0.130459810405733
547,0.07872896934865
548,0.136065976853755
549,0.118504139988231
550,0.134031349936179
551,0.118966735113167
552,0.141052750091303
553,0.11168325311557
554,0.111521538619684
555,0.112198536596335
556,0.128086785174669
557,0.120250745008579
558,0.113158059716275
559,0.0880179537968765
560,0.107255377944666
561,0.126513389823401
562,0.0999676676623128
563,0.130798616593094
564,0.111507423222973
565,0.123360875417845
566,0.093531063050936
567,0.120840678283587
568,0.133799299578259
569,0.120913520760033
570,0.134166526641712
571,0.0857893648053544
572,0.0980980488548407
573,0.118120762371455
574,0.124285919104539
575,0.128210913395826
576,0.105762947116971
577,0.107497382433657
578,0.0983746808678886
579,0.114223311865964
580,0.136289931904302
581,0.142642378523839
582,0.105582350400068
583,0.100036638172076
584,0.140679540015431
585,0.123506451178475
586,0.118106134064675
587,0.145573328013696
588,0.113934695556833
589,0.115476665834628
590,0.0916661804080123
591,0.0984746582327358
592,0.108479748071889
593,0.127162452778366
594,0.106225735828216
595,0.108387257516
596,0.116936472127111
597,0.0963332547013991
598,0.101447505632934
599,0.129832627929054
600,0.130801759682675
601,0.138308912758518
602,0.109027654492585
603,0.107150405900092
604,0.137464470097888
605,0.10247284558189
606,0.129914070748992
607,0.131649502739454
608,0.139470332930523
609,0.117736956014947
610,0.115084663520859
611,0.132300042388653
612,0.110424507103069
613,0.0978569899577105
614,0.120202091688169
615,0.116349775850332
616,0.132955843714654
617,0.103876457751974
618,0.113629293200251
619,0.101263806770189
620,0.135933039598966
621,0.113163683963815
622,0.125033911944445
623,0.126897958468
624,0.134750217302547
625,0.121592057099216
626,0.126959500038895
627,0.118448234945528
628,0.112820956897319
629,0.108232717494
630,0.109095281836844
631,0.114655022734367
632,0.115725251564135
633,0.144751921723378
634,0.118796053674621
635,0.115861866297499
636,0.132450852857534
637,0.110879624968653
638,0.0962227932403543
639,0.124372065680286
640,0.14623990142759
641,0.103652200965188
642,0.10925610554926
643,0.128257353041434
644,0.109384623560836
645,0.121231340376943
646,0.112374008581822
647,0.104983552709476
648,0.105269425096983
649,0.106964565572618
650,0.128871571736773
651,0.124725179484818
652,0.155024503872345
653,0.143886911015144
654,0.119548839897812
655,0.107871248220684
656,0.112045945529519
657,0.11043299433668
658,0.116627447328418
659,0.0841493848030364
660,0.111200136756454
661,0.111791405538371
662,0.0834734644076885
663,0.107727047397672
664,0.110648291962144
665,0.11754636636558
666,0.128915771158017
667,0.131789095406399
668,0.13418123974552
669,0.144307211470773
670,0.130761457212421
671,0.116494495582612
672,0.131859548213168
673,0.121375339350578
674,0.100443852115605
675,0.129551060216212
676,0.112353278304942
677,0.119366751355359
678,0.118306964547046
679,0.107664969842227
680,0.0727699544215138
681,0.112497111551249
682,0.130847015377595
683,0.130466700595554
684,0.109850050131928
685,0.110105991040218
686,0.124224139996032
687,0.134715018525327
688,0.12356853626612
689,0.121667760006296
690,0.125289080723148
691,0.118229996147477
692,0.116707984114231
693,0.119695278011778
694,0.128146810971957
695,0.104568320664256
696,0.134080003390262
697,0.124320493158878
698,0.122837354595553
699,0.106741330228115
700,0.119442811194068
701,0.0993845730485667
702,0.0992924151569448
703,0.110000086647872
704,0.126418902710535
705,0.106766093847259
706,0.106152319670793
707,0.138697013923254
708,0.117232230412747
709,0.116466973756954
710,0.13344335690338
711,0.116489564485219
712,0.0954024929624876
713,0.0816897242227926
714,0.102422118350436
715,0.103832832212007
716,0.101784595364306
717,0.0948960202833375
718,0.112176010992934
719,0.0964185853927473
720,0.138139064962392
721,0.091872890568018
722,0.152298765551407
723,0.102975111139988
724,0.137875061721115
725,0.103633019524259
726,0.1027352485268
727,0.120695562418481
728,0.109948304609717
729,0.153516326056952
730,0.118534070049332
731,0.127810151079559
732,0.137629672466028
733,0.106357329361817
734,0.125194053526009
735,0.125565767554048
736,0.125664585075511
737,0.109530854621978
738,0.0878453781580168
739,0.116018695362757
740,0.111422582586035
741,0.108151913281053
742,0.120722620921828
743,0.0895877371795848
744,0.144846159879087
745,0.109764779772861
746,0.107856272994311
747,0.125371745155072
748,0.133753342789305
749,0.0803826528500194
750,0.098134660351829
751,0.118946567069151
752,0.109104132943494
753,0.0972906885321967
754,0.0889967552590532
755,0.0940245792679134
756,0.112696166831676
757,0.150326089043511
758,0.129581033020725
759,0.104328475247862
760,0.123415005624349
761,0.130994848272255
762,0.116680813425013
763,0.13193513067901
764,0.129921009792461
765,0.127050090848802
766,0.120562342686621
767,0.0878890247888175
768,0.115367409718985
769,0.131450003328963
770,0.117646253746745
771,0.111707496603384
772,0.100077601268155
773,0.0914970633198135
774,0.106730554176744
775,0.101431201917972
776,0.109036758593096
777,0.133629434797229
778,0.127267996506871
779,0.104895815400647
780,0.107065692605279
781,0.105752495696871
782,0.129170374710011
783,0.0995704965226745
784,0.146047921548939
785,0.13382142679421
786,0.12012213937006
787,0.107505849659912
788,0.12064290290363
789,0.14393908312187
790,0.112005611330447
791,0.129251449667333
792,0.112953253256506
793,0.130579275677563
794,0.0991353168847429
795,0.112615444479973
796,0.109762989148946
797,0.133305219810509
798,0.111657158656461
799,0.127283088328472
800,0.121051439752724
801,0.109913096754371
802,0.110244101435
803,0.106579662292717
804,0.126541771336849
805,0.125654814895221
806,0.107985153398773
807,0.110296744058714
808,0.114528594303494
809,0.105684866081051
810,0.105264999236614
811,0.106931532205895
812,0.10698672521748
813,0.131651305840976
814,0.112232508155951
815,0.108147624830454
816,0.135338069826819
817,0.0916085216516499
818,0.115612901125763
819,0.124019580232835
820,0.129336421201698
821,0.134907556606757
822,0.125686480128848
823,0.148627929717255
824,0.118110659019393
825,0.155103024551976
826,0.0984123923678139
827,0.134223123846828
828,0.128613872282993
829,0.105457758513601
830,0.10971826765631
831,0.111001529815271
832,0.124757419102556
833,0.112034647633068
834,0.116470436525803
835,0.125944747400741
836,0.12672687070679
837,0.138197676944841
838,0.125631946976477
839,0.10956530907536
840,0.126868343671121
841,0.109442264015276
842,0.1266178814877
843,0.116376881564767
844,0.132634570097866
845,0.107340395307769
846,0.0966566617226581
847,0.0939743490809172
848,0.106476826343843
849,0.109095473958626
850,0.111163918844
851,0.115128651329707
852,0.111389669075347
853,0.0978921966763493
854,0.118220110911011
855,0.110421256567687
856,0.120166563236548
857,0.124631773785866
858,0.121317586941709
859,0.110874196200324
860,0.118662699722642
861,0.10709742256111
862,0.117219357670503
863,0.110990380759608
864,0.126797005921137
865,0.110966860491228
866,0.106072539281785
867,0.146602902513251
868,0.106237806636902
869,0.10223173029012
870,0.121931756042931
871,0.118655288163777
872,0.133696643508774
873,0.116259383677846
874,0.135021156349894
875,0.128670409299736
876,0.113917092507919
877,0.104053859540653
878,0.117020084766048
879,0.125086031542459
880,0.117505221269801
881,0.148178700869725
882,0.0940331569235558
883,0.137295517262248
884,0.102536479457454
885,0.130582279544487
886,0.137121601017884
887,0.114241862776105
888,0.0999004619304133
889,0.105129867757836
890,0.128075601717592
891,0.0999016911400213
892,0.129737756098285
893,0.0923139148264119
894,0.137604774487304
895,0.101935830522971
896,0.114873980739938
897,0.110927908451828
898,0.0962929530254306
899,0.11773709784263
900,0.148883390290106
901,0.109101471245115
902,0.120734467079641
903,0.120416893817116
904,0.113127998016054
905,0.0934943770060274
906,0.119807543399523
907,0.0943269388939258
908,0.110641509536436
909,0.116155886425016
910,0.125403283044769
911,0.124682119483533
912,0.094221509211309
913,0.130332574989961
914,0.105083276537673
915,0.0989811967212317
916,0.107578534475315
917,0.0889807986048414
918,0.147184096201362
919,0.12946498915032
920,0.0984894466457543
921,0.115102645058727
922,0.111997266207528
923,0.111660346706032
924,0.137351348339045
925,0.132404018399121
926,0.0965663301292889
927,0.12319446936297
928,0.123964800267471
929,0.124308919345835
930,0.11606899597356
931,0.109821903179702
932,0.0929214949427408
933,0.110229305250855
934,0.13983870512169
935,0.128506582397751
936,0.108983829518104
937,0.10336331119311
938,0.112058659253511
939,0.136896827548706
940,0.111669617585533
941,0.127741153146706
942,0.140660131276218
943,0.116485692958159
944,0.127356263878049
945,0.103381209179222
946,0.120192721862272
947,0.0803804941240359
948,0.134663469686183
949,0.123289177583754
950,0.115803096253629
951,0.128154807853894
952,0.10572517737882
953,0.109556960773601
954,0.108407406507218
955,0.122730623233973
956,0.129836967562426
957,0.0964908607004114
958,0.111894308490585
959,0.103284219261286
960,0.107573071172004
961,0.0970557493972566
962,0.132231505348678
963,0.126019812902731
964,0.127926967736268
965,0.131158506709136
966,0.127719472896966
967,0.127120527531403
968,0.119893533905971
969,0.120880917226434
970,0.113326580632431
971,0.132911644152905
972,0.118114837309363
973,0.135248964787111
974,0.117695018103503
975,0.0982548924044457
976,0.104794539290915
977,0.122341927915913
978,0.106393529755247
979,0.109753022062526
980,0.111315862641511
981,0.121230056699776
982,0.118088589897198
983,0.125927744143674
984,0.106210804535064
985,0.128570575375468
986,0.124949660613668
987,0.126964909629165
988,0.122010971108937
989,0.108610576574747
990,0.110935160864681
991,0.116348548812917
992,0.0988831137274168
993,0.099589877303273
994,0.104069934230184
995,0.111827711952266
996,0.0837582300004854
997,0.110600043395405
998,0.134554345659619
999,0.0956756152486075
1000,0.116829481420742
1001,0.0933444447903242
1002,0.109995268817487
1003,0.119676462371655
1004,0.122869789304736
1005,0.119669772346792
1006,0.126715530992713
1007,0.118042065235149
1008,0.114553839616415
1009,0.117294786809505
1010,0.137010910438561
1011,0.0902910108897074
1012,0.118018487068058
1013,0.101385181466112
1014,0.124133081863199
1015,0.0982547629030714
1016,0.11335007455601
1017,0.139664983697137
1018,0.103492649964697
1019,0.100832671130476
1020,0.131662531333672
1021,0.127049504710311
1022,0.112268481954979
1023,0.0936631078506723
1024,0.136003313632478
1025,0.11522543095026
1026,0.110085777072769
1027,0.0817416869922872
1028,0.116791887058697
1029,0.130378007367597
1030,0.143513226421666
1031,0.0861922643152465
1032,0.124766821136014
1033,0.124717052198517
1034,0.109141036107724
1035,0.104180992643115
1036,0.106923759961362
1037,0.0999489551037382
1038,0.111380054886711
1039,0.116294585667615
1040,0.134721441946376
1041,0.122486129189973
1042,0.137834272244474
1043,0.105291157618645
1044,0.112523410284566
1045,0.102827354986058
1046,0.110421775584701
1047,0.128728835368799
1048,0.117011014353702
1049,0.130999940935655
1050,0.0989831963173405
1051,0.124601997018005
1052,0.114017217799694
1053,0.106897344808497
1054,0.109895527303827
1055,0.124195774936544
1056,0.131325087425833
1057,0.133179320659729
1058,0.108214430158908
1059,0.114180260838756
1060,0.107544029138821
1061,0.11731193037481
1062,0.120890499370674
1063,0.137240610525115
1064,0.11252350925117
1065,0.106235394295546
1066,0.131502447318539
1067,0.105421989798308
1068,0.126632001601637
1069,0.100118314105302
1070,0.116880361807973
1071,0.115758571134669
1072,0.108657085790859
1073,0.151942391653109
1074,0.148114141516946
1075,0.107657952682983
1076,0.117133373178127
1077,0.120266358494061
1078,0.104152511431732
1079,0.120627376204406
1080,0.124917010566426
1081,0.123347213335046
1082,0.127724467349385
1083,0.107651580176112
1084,0.129447015076039
1085,0.104006139153172
1086,0.120024773393518
1087,0.127396302094093
1088,0.107704549688238
1089,0.134062670764404
1090,0.10401313142469
1091,0.129239838583931
1092,0.141937322163852
1093,0.115235803333626
1094,0.102652900835905
1095,0.105101594268644
1096,0.13407586442456
1097,0.115455004253961
1098,0.0985354640232873
1099,0.0899362516454645
1100,0.113634965754334
1101,0.119006370630918
1102,0.125704169718343
1103,0.121615028826829
1104,0.118547165792082
1105,0.0893133448790593
1106,0.108441941532903
1107,0.084902636482233
1108,0.104435052101137
1109,0.108095207793322
1110,0.117290264240086
1111,0.110210845538159
1112,0.106416128379587
1113,0.117880482535959
1114,0.126942235109904
1115,0.142082334280751
1116,0.114905614361677
1117,0.108830196890449
1118,0.113682401262166
1119,0.0879509634082517
1120,0.102678801327189
1121,0.123836096501137
1122,0.128079599493072
1123,0.134099774661312
1124,0.112211497725966
1125,0.104515057430653
1126,0.120137632887904
1127,0.140296419150159
1128,0.123933508887722
1129,0.122782804828592
1130,0.106313963251787
1131,0.106208320504778
1132,0.138106923945446
1133,0.15532138294624
1134,0.137642154383766
1135,0.12873558389973
1136,0.0965913511800806
1137,0.123439223539217
1138,0.101885317017079
1139,0.122070716047055
1140,0.125372158679651
1141,0.13067521669568
1142,0.127602848450121
1143,0.128465310012484
1144,0.104868623939687
1145,0.111755872377847
1146,0.146132525419903
1147,0.122252710419494
1148,0.113806565485184
1149,0.12262897482294
1150,0.113589740527413
1151,0.0975414074850138
1152,0.130091085361362
1153,0.120424593395459
1154,0.102203201570358
1155,0.109271445646363
1156,0.103024820268971
1157,0.104891633142088
1158,0.131724570796024
1159,0.132237296043296
1160,0.126690731706227
1161,0.129425991920648
1162,0.111709506777272
1163,0.130956066030945
1164,0.0958710156086712
1165,0.161616259471904
1166,0.122226988800142
1167,0.0897481439462572
1168,0.11386988438265
1169,0.0757751191960433
1170,0.106058565210799
1171,0.0988022682574976
1172,0.11653568781054
1173,0.112748694840132
1174,0.113565803148965
1175,0.11520956548115
1176,0.0975748037520889
1177,0.129067760965607
1178,0.121439133441228
1179,0.114800794649233
1180,0.122776680685473
1181,0.116368053595882
1182,0.102778786855864
1183,0.123791705262292
1184,0.128991889552533
1185,0.0962003913702895
1186,0.116657386735072
1187,0.11612692535288
1188,0.133565401569121
1189,0.110923453978147
1190,0.12869900514892
1191,0.127712897046317
1192,0.107970788637442
1193,0.107114714661933
1194,0.111198623519883
1195,0.146975595577247
1196,0.0988479325328803
1197,0.119389533693255
1198,0.0837078009323787
1199,0.123256718903479
1200,0.093094475715465
1201,0.0874140244670361
1202,0.0886644496879103
1203,0.120292800646379
1204,0.101109799635599
1205,0.102998890392073
1206,0.122935430948903
1207,0.129458919906134
1208,0.100463310437653
1209,0.127378889142772
1210,0.122017281176377
1211,0.121087051074143
1212,0.146849803366798
1213,0.123196347928449
1214,0.146400121479135
1215,0.103903592134357
1216,0.102675633102376
1217,0.0903803491108457
1218,0.111388627056096
1219,0.109229822336372
1220,0.121419451504896
1221,0.12105465471535
1222,0.126895484254456
1223,0.108497634154625
1224,0.113504395104363
1225,0.134324519831431
1226,0.141593582189539
1227,0.11281568234603
1228,0.102060460604611
1229,0.113092389752776
1230,0.105658433966675
1231,0.138147150691067
1232,0.122765223959235
1233,0.106957769252966
1234,0.118803488004514
1235,0.117147882394354
1236,0.114370399164402
1237,0.120185251284598
1238,0.146012079681991
1239,0.110099400368255
1240,0.116837701910313
1241,0.119567465400777
1242,0.14305887500345
1243,0.0980928676058997
1244,0.130175865980804
1245,0.116914445172623
1246,0.130353288528079
1247,0.0984060686378278
1248,0.127254758409388
1249,0.110526598633074
1250,0.115476818096752
1251,0.126597719884189
1252,0.126760478576941
1253,0.122230341036067
1254,0.132586438001268
1255,0.127100310942194
1256,0.126268138798557
1257,0.132771035096907
1258,0.104191761697986
1259,0.109811096162708
1260,0.105744224143319
1261,0.116844120274409
1262,0.117386519480767
1263,0.120295436747531
1264,0.0708860855019517
1265,0.118865700514031
1266,0.104424767412363
1267,0.118537577905501
1268,0.119422556616602
1269,0.118699879614492
1270,0.106832195294782
1271,0.134549030332065
1272,0.10865218171785
1273,0.114703609508896
1274,0.114355789300771
1275,0.138913991928733
1276,0.125818468669934
1277,0.118765317492713
1278,0.107741743216891
1279,0.102577185222543
1280,0.106185936703321
1281,0.112931986083107
1282,0.124676170099193
1283,0.116650904864905
1284,0.128989100337537
1285,0.106565207771852
1286,0.119938538830146
1287,0.117804143993775
1288,0.106357781352014
1289,0.137351454445445
1290,0.123145765692137
1291,0.130470257399566
1292,0.0968376228999277
1293,0.107260466110952
1294,0.108868816541141
1295,0.104597245245084
1296,0.130888991611497
1297,0.111833824309111
1298,0.122488490740938
1299,0.0992411258673348
1300,0.128100447732112
1301,0.111711920423488
1302,0.114893539362673
1303,0.113519081319381
1304,0.0921942210564392
1305,0.139497767424824
1306,0.135638497628799
1307,0.121612359858981
1308,0.128855146997726
1309,0.123676434053933
1310,0.111937795990795
1311,0.108963600734855
1312,0.132941917681806
1313,0.124715253431233
1314,0.105688268820648
1315,0.113454932574642
1316,0.125701697236258
1317,0.121949579293403
1318,0.122199649653565
1319,0.0975985803326421
1320,0.102930630993733
1321,0.130035029561239
1322,0.098170453198682
1323,0.107920200951684
1324,0.121561380276435
1325,0.117517860308207
1326,0.120228178286847
1327,0.113578609998706
1328,0.147625856770186
1329,0.133306270743746
1330,0.143300389099747
1331,0.0986787008032268
1332,0.122924938099362
1333,0.104105111815466
1334,0.134451810195208
1335,0.121190807089285
1336,0.12114724220796
1337,0.110972509751234
1338,0.102104745871726
1339,0.123232513670412
1340,0.104389756196722
1341,0.116521896127632
1342,0.126799399996571
1343,0.139007022547007
1344,0.121475549893952
1345,0.0857438974030091
1346,0.118570788561307
1347,0.127950275591326
1348,0.109154613305895
1349,0.12470054461707
1350,0.126272504848144
1351,0.118626100466158
1352,0.127060913804422
1353,0.110812149124892
1354,0.114387557556734
1355,0.110175825685104
1356,0.114835521392886
1357,0.107593668065035
1358,0.105501743235364
1359,0.139893995995906
1360,0.109861485455911
1361,0.13084299129523
1362,0.120869211852126
1363,0.126084625037227
1364,0.157825971277332
1365,0.106686431626689
1366,0.103656735966801
1367,0.107917326818076
1368,0.119926056995615
1369,0.0956254299761235
1370,0.0987819649470097
1371,0.142497645691791
1372,0.0903306347845986
1373,0.098877545927485
1374,0.106066222256443
1375,0.117525221568426
1376,0.114860341830682
1377,0.136683773607473
1378,0.0957803908616661
1379,0.113088553508984
1380,0.137535920911158
1381,0.118174290244472
1382,0.121451984478531
1383,0.102913889673482
1384,0.118977984804834
1385,0.114678928784138
1386,0.122335940596813
1387,0.130003044202895
1388,0.14033894097176
1389,0.10799862298868
1390,0.133412458751805
1391,0.125777751919615
1392,0.11392970353571
1393,0.137461047587003
1394,0.109535231995544
1395,0.120737569334983
1396,0.139145402420026
1397,0.132894217870931
1398,0.141225160504196
1399,0.126349987143466
1400,0.111489069026095
1401,0.127896219834024
1402,0.12147974383107
1403,0.122763394287208
1404,0.122292200131072
1405,0.11672422023021
1406,0.0929218248591924
1407,0.120233454900218
1408,0.105411072925288
1409,0.10739047187135
1410,0.128700994522271
1411,0.123669977716162
1412,0.113722653328091
1413,0.122320150679363
1414,0.118804346566856
1415,0.129340140742194
1416,0.137466361947812
1417,0.107654262309108
1418,0.125552738808815
1419,0.100720241636058
1420,0.130678175636091
1421,0.114694858366357
1422,0.125730146451023
1423,0.119600170200453
1424,0.119657552391156
1425,0.114539648833261
1426,0.129516804950475
1427,0.0973763268989285
1428,0.157807510414458
1429,0.122312880391532
1430,0.124851986086376
1431,0.120863509118713
1432,0.12086311349677
1433,0.110431568058516
1434,0.128325832457796
1435,0.0889339035423034
1436,0.126262584205174
1437,0.130034754809756
1438,0.117153665523561
1439,0.118273336363124
1440,0.117748793482867
1441,0.109914492120574
1442,0.111097522926497
1443,0.112645661840967
1444,0.123410166672509
1445,0.11580970076976
1446,0.0861427413134103
1447,0.0747787263024008
1448,0.122274677974806
1449,0.141075388273982
1450,0.11469649670221
1451,0.1137000068584
1452,0.130255212434129
1453,0.091564009158473
1454,0.0990505123687303
1455,0.11014091808574
1456,0.121638854641604
1457,0.136479095319632
1458,0.114584293555415
1459,0.132579236117146
1460,0.129017918467685
1461,0.103817251336397
1462,0.0967419281182612
1463,0.106918151090145
1464,0.125766578449339
1465,0.121792279191085
1466,0.117812248001981
1467,0.111938821239991
1468,0.107502063315671
1469,0.122264129923825
1470,0.105396946447998
1471,0.120108987250002
1472,0.12657200866956
1473,0.082664265829791
1474,0.117735950480318
1475,0.124639819031794
1476,0.110018032377388
1477,0.135147873059688
1478,0.118948894163109
1479,0.0937311821029789
1480,0.110596942146393
1481,0.090064794241383
1482,0.112467533060473
1483,0.128094639774527
1484,0.120672293554284
1485,0.127711828046868
1486,0.140613427440827
1487,0.136903336643152
1488,0.102380724466982
1489,0.116394579898471
1490,0.115988474290807
1491,0.0897758790515678
1492,0.118810269927174
1493,0.117742275034673
1494,0.112017045493535
1495,0.115194105537715
1496,0.101442575286664
1497,0.11247770695652
1498,0.0936881548459014
1499,0.104571819985663
1500,0.120715174002026
1501,0.13494679244214
1502,0.104819309009619
1503,0.118401317840293
1504,0.114303637821039
1505,0.106094311743641
1506,0.0818477945278134
1507,0.102469620547659
1508,0.125700806259897
1509,0.123704698959241
1510,0.14289765161201
1511,0.11152520740882
1512,0.111027481101679
1513,0.101350259091758
1514,0.102827396748332
1515,0.128162646570728
1516,0.110196750364749
1517,0.104589020670274
1518,0.133569777464529
1519,0.121864747305777
1520,0.10187907490872
1521,0.120058351093027
1522,0.130607306889091
1523,0.157732396220702
1524,0.121667704055951
1525,0.133310558618114
1526,0.138265399520736
1527,0.103228237163447
1528,0.113194486796965
1529,0.113880223805617
1530,0.104612371092104
1531,0.104792834103228
1532,0.11238365667213
1533,0.0800176317820483
1534,0.122618808399596
1535,0.129978820059806
1536,0.146787601778762
1537,0.137881989785628
1538,0.108929010334184
1539,0.118125074222542
1540,0.126943794171679
1541,0.109165606985667
1542,0.106408129632473
1543,0.118990033389117
1544,0.125155744374548
1545,0.120957585869154
1546,0.121438844393856
1547,0.127446079712753
1548,0.124758983276905
1549,0.119043354998936
1550,0.107594833272329
1551,0.114657528206354
1552,0.11096706076604
1553,0.131101165811034
1554,0.143546816362239
1555,0.112848783812966
1556,0.117522729087682
1557,0.141472511339576
1558,0.0986635395954884
1559,0.10038329323401
1560,0.128873881980555
1561,0.130795526325375
1562,0.123190287758942
1563,0.115920824228037
1564,0.142084196240543
1565,0.128554305177253
1566,0.101296647948683
1567,0.141211207573928
1568,0.110960438771028
1569,0.109962389249309
1570,0.0909392068802095
1571,0.116012931002473
1572,0.138009430649621
1573,0.120164878495134
1574,0.139835811343563
1575,0.116648326820582
1576,0.10672529549854
1577,0.11847735645175
1578,0.111030940554025
1579,0.102004075401057
1580,0.117642852385985
1581,0.0944579756273996
1582,0.121897649327086
1583,0.113086339807358
1584,0.134360614438446
1585,0.118671851674175
1586,0.13191823505766
1587,0.113451215605548
1588,0.107873204770648
1589,0.107022183430167
1590,0.126205060428078
1591,0.12623810958785
1592,0.13264923922652
1593,0.120198528350364
1594,0.138883733781389
1595,0.0778025586145318
1596,0.120717511500458
1597,0.122346870065548
1598,0.137187986385409
1599,0.10756146034528
1600,0.114040693588495
1601,0.108535524885001
1602,0.10167153285752
1603,0.117753225948395
1604,0.117447920860533
1605,0.116755016045609
1606,0.112630330510546
1607,0.102917284043856
1608,0.110544572303917
1609,0.133816880960196
1610,0.118391888829506
1611,0.130561634564597
1612,0.111326640548037
1613,0.108824995914055
1614,0.103535824406707
1615,0.0757166704769976
1616,0.146293468546713
1617,0.13494146173194
1618,0.118898082143053
1619,0.131942422043178
1620,0.106891918031702
1621,0.119376878396255
1622,0.127414126801618
1623,0.13356268648363
1624,0.0911297486903831
1625,0.129058916672508
1626,0.0851979064210777
1627,0.117085713899476
1628,0.111239599929631
1629,0.116875571904273
1630,0.106282505870718
1631,0.113548800676858
1632,0.107206690938314
1633,0.117398106142169
1634,0.114520252314199
1635,0.116380980157689
1636,0.113686126057645
1637,0.142837610927815
1638,0.11221920752665
1639,0.114642999118403
1640,0.143115163118425
1641,0.103931708844955
1642,0.136929270704636
1643,0.09529547730062
1644,0.108812489631839
1645,0.103820521263251
1646,0.111798288663598
1647,0.112028539177386
1648,0.112233400008031
1649,0.14056716932553
1650,0.125689304197882
1651,0.143270920269941
1652,0.109840833554376
1653,0.0916605252616697
1654,0.137342457648584
1655,0.136110122705283
1656,0.1364898202513
1657,0.0934568076883865
1658,0.129580682004994
1659,0.100826312431624
1660,0.108597149015254
1661,0.118839100477607
1662,0.145666063363923
1663,0.126096082033806
1664,0.139677640842649
1665,0.120294483949032
1666,0.0953755538540219
1667,0.135325729628904
1668,0.109402038233965
1669,0.0932735326925502
1670,0.115498718948863
1671,0.0802422982084007
1672,0.132619016042006
1673,0.130756121165991
1674,0.116788064371593
1675,0.109868865846315
1676,0.115153681690559
1677,0.101640429713903
1678,0.139479138218929
1679,0.126788310056801
1680,0.113585402253065
1681,0.107772543050018
1682,0.121065142609127
1683,0.0934076190017074
1684,0.121765859500738
1685,0.128230319919095
1686,0.129790835558175
1687,0.0958104321308107
1688,0.128500992265658
1689,0.108091896512762
1690,0.102309359144666
1691,0.14032095673213
1692,0.132449850400765
1693,0.0962178573526206
1694,0.124641771467708
1695,0.110398391748623
1696,0.110154120484517
1697,0.140950503484616
1698,0.119777427662338
1699,0.132801392833536
1700,0.110528787610934
1701,0.112285508212272
1702,0.128118138986338
1703,0.0937470811001446
1704,0.116568208316123
1705,0.130914124115331
1706,0.114128336200788
1707,0.122220391437857
1708,0.108312194859691
1709,0.141988555199355
1710,0.105886171319722
1711,0.117252874963098
1712,0.148147756134527
1713,0.0914753187826302
1714,0.130342580231717
1715,0.122991672645748
1716,0.129800812902817
1717,0.120602986907762
1718,0.137373465732186
1719,0.10547593182098
1720,0.0721605833288054
1721,0.128851595766716
1722,0.13460278086068
1723,0.0970595554131822
1724,0.120416883268081
1725,0.141607183653854
1726,0.134481543880317
1727,0.11226641658681
1728,0.122724365172727
1729,0.102824639492234
1730,0.141450972927561
1731,0.100515282986292
1732,0.12409550755695
1733,0.139138888059641
1734,0.127069776360094
1735,0.121139907704991
1736,0.118575610817946
1737,0.134831346410168
1738,0.119458988635144
1739,0.119205469297881
1740,0.127321271891318
1741,0.133868689387567
1742,0.115078760232777
1743,0.10436890629961
1744,0.120147362350273
1745,0.108874876649054
1746,0.115038306669616
1747,0.112852706493752
1748,0.115132107980891
1749,0.121885742576944
1750,0.100294904543146
1751,0.119238421652738
1752,0.119747941617146
1753,0.115435463157358
1754,0.109093848716798
1755,0.0968047606947626
1756,0.103431847189063
1757,0.125920299881214
1758,0.144974465660111
1759,0.106914639473323
1760,0.112623840629088
1761,0.0943967674178379
1762,0.136268034623572
1763,0.121700397807214
1764,0.116568807745033
1765,0.136628992872271
1766,0.0996061090415957
1767,0.129269756877325
1768,0.127012529800434
1769,0.119812200666368
1770,0.0995458154394043
1771,0.115509440430056
1772,0.114436935195916
1773,0.124819147099523
1774,0.102335933838024
1775,0.128656532540255
1776,0.154093087473802
1777,0.114065670249773
1778,0.0938365460927647
1779,0.130090320514764
1780,0.124215730787327
1781,0.109727590913024
1782,0.119929614896873
1783,0.115266151461826
1784,0.129257450747813
1785,0.130394796528608
1786,0.107543341648201
1787,0.122675137685937
1788,0.0977547471213967
1789,0.124773890854928
1790,0.0971709564831354
1791,0.108300440090279
1792,0.115489267375192
1793,0.132411171320146
1794,0.104804372213617
1795,0.124031584422567
1796,0.114948476605971
1797,0.120501762304833
1798,0.131617741734539
1799,0.143050185633724
1800,0.126606766459236
1801,0.133877720631826
1802,0.109351011223432
1803,0.1341247085893
1804,0.110562789803917
1805,0.112680370091313
1806,0.123561852286146
1807,0.125329200624396
1808,0.0977470833374019
1809,0.0996146855665091
1810,0.123685492222626
1811,0.11321348286731
1812,0.10296648156935
1813,0.125886634292264
1814,0.109872437112466
1815,0.140842705459749
1816,0.127598689267315
1817,0.11058194071913
1818,0.110365604214763
1819,0.122902618845412
1820,0.113225714373279
1821,0.0915077848895591
1822,0.099677630563635
1823,0.102649612956871
1824,0.0909028201005884
1825,0.122438793486901
1826,0.116943443663118
1827,0.11808047568433
1828,0.116003295556302
1829,0.143494643281999
1830,0.106127832234433
1831,0.127799639108507
1832,0.121981982444211
1833,0.116684288554661
1834,0.0930982762315261
1835,0.0947619392199901
1836,0.0887552725609943
1837,0.131288902272674
1838,0.118114684986533
1839,0.118031201416925
1840,0.121462784718893
1841,0.109504105415733
1842,0.122366570095196
1843,0.0895125363865122
1844,0.126305960970467
1845,0.114284561986466
1846,0.131398182045658
1847,0.128994129874039
1848,0.12543651249397
1849,0.115066131842757
1850,0.132811598832981
1851,0.141962486067149
1852,0.094827176305498
1853,0.118450846895172
1854,0.122332245718909
1855,0.0857812108865958
1856,0.118291487966541
1857,0.105219905075998
1858,0.110393758645123
1859,0.108239269005346
1860,0.10811147725119
1861,0.105167908880661
1862,0.103907510269113
1863,0.128066236759171
1864,0.101159370371306
1865,0.114637258681118
1866,0.144073214538145
1867,0.0980862304126041
1868,0.134925842961852
1869,0.103071920412163
1870,0.106463715914433
1871,0.124502278618936
1872,0.114011524123963
1873,0.12178822981352
1874,0.110003344800088
1875,0.122806239736166
1876,0.119020083964813
1877,0.0959719353248541
1878,0.142495494380672
1879,0.107138116480123
1880,0.115947026402187
1881,0.119138761697371
1882,0.111840827360954
1883,0.105764888075536
1884,0.114621685213329
1885,0.125012054634482
1886,0.0922325928859233
1887,0.118593060374048
1888,0.11651083456453
1889,0.136474888951852
1890,0.115829750555052
1891,0.111352837227369
1892,0.0929135630906827
1893,0.0974792836642506
1894,0.122398313177401
1895,0.136048552973711
1896,0.117678318332261
1897,0.102880903728865
1898,0.135873861361679
1899,0.103448436878164
1900,0.117349522475898
1901,0.105144369142089
1902,0.13262141741524
1903,0.119288970654648
1904,0.122885039369504
1905,0.0991481116393602
1906,0.144477381389257
1907,0.138782795038731
1908,0.10684363730542
1909,0.107215267440325
1910,0.119383060436461
1911,0.102748834868091
1912,0.118164413011654
1913,0.132475548494084
1914,0.105203912574395
1915,0.104275438411821
1916,0.0972185675643918
1917,0.101192968474692
1918,0.10339873133873
1919,0.121515406117489
1920,0.154456866836766
1921,0.106531094369283
1922,0.113717873354928
1923,0.128740094870537
1924,0.108951543470787
1925,0.114926710684249
1926,0.117167902339253
1927,0.117717599758386
1928,0.150583870219961
1929,0.131870433959495
1930,0.107379417345167
1931,0.123010256887682
1932,0.130930047214978
1933,0.132618234395027
1934,0.131872901319764
1935,0.108608275225539
1936,0.13494461822168
1937,0.11000871304696
1938,0.112361848040092
1939,0.132429495924058
1940,0.104453139433723
1941,0.116181128904372
1942,0.121890421848959
1943,0.128961552966449
1944,0.114370329072283
1945,0.126507310683522
1946,0.100420432193321
1947,0.110340061124303
1948,0.143193677887137
1949,0.111052199456373
1950,0.119768223515082
1951,0.143052222824517
1952,0.102758922554118
1953,0.104494735631062
1954,0.12294013298286
1955,0.135185016800751
1956,0.118800187737725
1957,0.128594686135748
1958,0.115429232258461
1959,0.116926688103527
1960,0.110099578455391
1961,0.131854662195482
1962,0.114989001054083
1963,0.123453478320265
1964,0.113121642700768
1965,0.109095271539651
1966,0.110081945304316
1967,0.134511534044063
1968,0.0886402031649679
1969,0.100672004260113
1970,0.119416259959401
1971,0.133936611717306
1972,0.134299066289325
1973,0.123744004764886
1974,0.122599588483597
1975,0.107418788212216
1976,0.136092928269592
1977,0.109041309802171
1978,0.10959826755418
1979,0.112612752639646
1980,0.12037051821879
1981,0.106956811755636
1982,0.116643581298498
1983,0.122238889304046
1984,0.100356384493011
1985,0.130850889463408
1986,0.124511423252273
1987,0.148435480115708
1988,0.117839661280501
1989,0.146953128234698
1990,0.136666946833776
1991,0.115225459937219
1992,0.138625876063266
1993,0.0918024711703228
1994,0.120236578093273
1995,0.143330736658914
1996,0.123680310421683
1997,0.108125944690222
1998,0.135062076812071
1999,0.133693473050284
2000,0.114800678429248
2001,0.121768574685159
2002,0.10621261295416
2003,0.130716775848917
2004,0.114489046113343
2005,0.130682432484315
2006,0.119989577549011
2007,0.120606087769058
2008,0.119783878785119
2009,0.116954405779815
2010,0.111004530449394
2011,0.117368170157277
2012,0.143045440669146
2013,0.117989623271955
2014,0.128605310793342
2015,0.123787976163954
2016,0.0957585277484055
2017,0.138695443300568
2018,0.095669456124542
2019,0.102678014338945
2020,0.124410298428036
2021,0.111860557418408
2022,0.121988993751362
2023,0.132354306519659
2024,0.0697676433770634
2025,0.0976276335430584
2026,0.113326225590277
2027,0.099301366826842
2028,0.119562954842167
2029,0.13436069186438
2030,0.129147241923417
2031,0.112731425086238
2032,0.0867925293464361
2033,0.113102870599273
2034,0.131434508121763
2035,0.122240363830888
2036,0.1341682025573
2037,0.113236237351543
2038,0.110305502354711
2039,0.132344494508437
2040,0.113494758070053
2041,0.115136379509279
2042,0.127517405456312
2043,0.113870776982167
2044,0.113979689664078
2045,0.100989962189594
2046,0.116730775758938
2047,0.114268349814626
2048,0.0997024254409549
2049,0.145695720735315
2050,0.123775297923064
2051,0.118226118548268
2052,0.112400618449521
2053,0.130479129862486
2054,0.131292297597619
2055,0.102642298765767
2056,0.121606437701052
2057,0.121736480520857
2058,0.132789966677315
2059,0.1232523950345
2060,0.139272025708896
2061,0.104244032682579
2062,0.116998753834096
2063,0.117967054679538
2064,0.105846277022872
2065,0.127304189901636
2066,0.113223654915913
2067,0.146934640072126
2068,0.127438855156944
2069,0.104935037522508
2070,0.127824329912784
2071,0.107905815163743
2072,0.116755573466263
2073,0.118214259688707
2074,0.118518481138853
2075,0.122692353947869
2076,0.122985595464265
2077,0.106885925777515
2078,0.0971172454889453
2079,0.13712293070332
2080,0.106829708227477
2081,0.101858143764434
2082,0.0858533086704001
2083,0.122650656212842
2084,0.101386148860154
2085,0.118929056950655
2086,0.1127377253631
2087,0.129141354128978
2088,0.118640300843482
2089,0.113319014215569
2090,0.143842959211988
2091,0.136238290361823
2092,0.104653366595608
2093,0.120299476871854
2094,0.129101036336606
2095,0.148228668283234
2096,0.10676258899291
2097,0.105111006526368
2098,0.131695125158462
2099,0.0823890954632467
2100,0.0901123865528021
2101,0.116833436276478
2102,0.101918904707659
2103,0.112410049854977
2104,0.0844162187012954
2105,0.0994921256927109
2106,0.0913731482894407
2107,0.111067493751896
2108,0.125987926616127
2109,0.108266802809364
2110,0.124105854862489
2111,0.134956962901614
2112,0.100668082842696
2113,0.12707220534067
2114,0.12218778432165
2115,0.143460817918114
2116,0.116201931904057
2117,0.0901868951442226
2118,0.112133998164698
2119,0.119875291438923
2120,0.111847497879559
2121,0.115299071334192
2122,0.0929304499425977
2123,0.123658973750731
2124,0.140303732232213
2125,0.120776458580033
2126,0.113495390692662
2127,0.121649696222804
2128,0.117810827515797
2129,0.123479934235955
2130,0.11845047283107
2131,0.0925317448823914
2132,0.0997942653539336
2133,0.115542619906543
2134,0.119236005559751
2135,0.137400707729644
2136,0.11538361953537
2137,0.125875193591593
2138,0.115327422059339
2139,0.100297162028202
2140,0.105019930990849
2141,0.112452270772071
2142,0.126787736166735
2143,0.122930107926645
2144,0.114758883730248
2145,0.138791560494034
2146,0.120783732285549
2147,0.116915370487939
2148,0.125039928188639
2149,0.114839523491101
2150,0.110516385708179
2151,0.0997823980613783
2152,0.108284674386177
2153,0.112049976338486
2154,0.119011279690814
2155,0.101748787157804
2156,0.113209664356588
2157,0.100753708627313
2158,0.113026674169116
2159,0.121606669422584
2160,0.11560129999237
2161,0.123375440970983
2162,0.115268771071994
2163,0.104223914890063
2164,0.109681338746972
2165,0.12755322910728
2166,0.107563466624895
2167,0.100060475607409
2168,0.126997502893198
2169,0.105227570657485
2170,0.11592784901129
2171,0.10535690845102
2172,0.108229592879637
2173,0.111720866740053
2174,0.139288758815767
2175,0.109388643920733
2176,0.100864283260641
2177,0.138162073010708
2178,0.116487291719017
2179,0.128564850174378
2180,0.105323933214628
2181,0.100696873633563
2182,0.129258166013616
2183,0.118154697584094
2184,0.101821042181967
2185,0.110810589881692
2186,0.111332037488344
2187,0.114141978053231
2188,0.125333916699093
2189,0.0929602221334743
2190,0.117291335352445
2191,0.116174537119914
2192,0.119021000225211
2193,0.128822751367834
2194,0.132761080656084
2195,0.119429542187742
2196,0.114956593650016
2197,0.131625697190575
2198,0.127120014959636
2199,0.10241913541285
2200,0.107814980564715
2201,0.135725174824832
2202,0.104429490000517
2203,0.108792195457729
2204,0.126481659652704
2205,0.112394799744704
2206,0.131789019061739
2207,0.118826755880035
2208,0.113752298293199
2209,0.110553171276381
2210,0.141738489653578
2211,0.13809753159632
2212,0.116296881940097
2213,0.10144211114208
2214,0.113430213608709
2215,0.117825609185095
2216,0.112156242731242
2217,0.0916993544627948
2218,0.123658067953828
2219,0.0976100565100597
2220,0.112383271891317
2221,0.106361535180293
2222,0.106240141265977
2223,0.116387603380866
2224,0.111400422986606
2225,0.0994111860356164
2226,0.123819618455424
2227,0.113138110539338
2228,0.122954757737894
2229,0.0909414068730231
2230,0.102821171666819
2231,0.119814673224307
2232,0.137658609523979
2233,0.096012354725138
2234,0.111656729812915
2235,0.10309796463255
2236,0.124038657395587
2237,0.124038317138488
2238,0.104535497288774
2239,0.11852855046364
2240,0.108395492537303
2241,0.101691338012569
2242,0.114511067289911
2243,0.140235572592957
2244,0.138017558633922
2245,0.129758957302386
2246,0.102520370873281
2247,0.141995972036638
2248,0.111456291738906
2249,0.113659347599102
2250,0.130851451737725
2251,0.111808454602524
2252,0.10433515836073
2253,0.125856416320197
2254,0.090578197248374
2255,0.125715497083937
2256,0.141357689629464
2257,0.164174049533785
2258,0.131793534702458
2259,0.110504007382826
2260,0.114583860443215
2261,0.130684945413506
2262,0.123486604068365
2263,0.108346919724592
2264,0.139167971098382
2265,0.12044171605858
2266,0.104151009806527
2267,0.137731214856639
2268,0.119471487933537
2269,0.133075943345674
2270,0.0913196713790901
2271,0.126932118797779
2272,0.124979395082605
2273,0.119672449958904
2274,0.114099940964702
2275,0.10723405256109
2276,0.124028194081776
2277,0.1218716224022
2278,0.130793709029144
2279,0.131416438515519
2280,0.0858585034429119
2281,0.10937489528886
2282,0.124147419448209
2283,0.137897104757029
2284,0.132043044542448
2285,0.115952164380104
2286,0.124782088539744
2287,0.112314238992154
2288,0.10461976262673
2289,0.145180420501537
2290,0.114935066740494
2291,0.113224287465588
2292,0.107045721118123
2293,0.0989489070008013
2294,0.120377274719326
2295,0.125914983715501
2296,0.108314686606508
2297,0.125183658889276
2298,0.12838043929708
2299,0.0951525039349349
2300,0.130315740920661
2301,0.0939448138866992
2302,0.122760791157832
2303,0.147237820567695
2304,0.100050869854152
2305,0.138910339799167
2306,0.111631890813252
2307,0.111657007638146
2308,0.136458618957945
2309,0.140681504511969
2310,0.111097521295634
2311,0.10861410186035
2312,0.120366282963874
2313,0.121751729816763
2314,0.124811480049958
2315,0.129869162002321
2316,0.112744983376672
2317,0.109995482889878
2318,0.132848707606177
2319,0.116538422117421
2320,0.133624471867353
2321,0.112961304452424
2322,0.124399293727298
2323,0.125891640331891
2324,0.101515418605566
2325,0.108746619314214
2326,0.13750327178194
2327,0.113767620442748
2328,0.149950296029284
2329,0.128445233105953
2330,0.128267776884978
2331,0.1084318931494
2332,0.117084958818225
2333,0.122267011274199
2334,0.114890151092223
2335,0.149891923270234
2336,0.103810720754336
2337,0.132785095112679
2338,0.118388389196276
2339,0.0968892016424553
2340,0.122777014304309
2341,0.116186381853446
2342,0.101869461837244
2343,0.141755347512833
2344,0.140302100114642
2345,0.0993921420123414
2346,0.100188849247578
2347,0.115372972542328
2348,0.119969668649386
2349,0.104986381267652
2350,0.108154888953469
2351,0.110251988671183
2352,0.102252477253464
2353,0.099953447267713
2354,0.11862345775838
2355,0.120610233622247
2356,0.140119297375381
2357,0.107070439697945
2358,0.117727012903009
2359,0.113767659529397
2360,0.106328657987333
2361,0.127303829903911
2362,0.115819005824381
2363,0.109395345382739
2364,0.118973145706274
2365,0.132477317797374
2366,0.136562311339683
2367,0.096772639343038
2368,0.127725528301584
2369,0.118318063231545
2370,0.139825659904506
2371,0.119912631361086
2372,0.111813985042017
2373,0.097920127448073
2374,0.097267955001783
2375,0.122173542898185
2376,0.129126394818243
2377,0.101263497662774
2378,0.106201084568521
2379,0.092309260514847
2380,0.123274967398689
2381,0.113293334365684
2382,0.110407526635923
2383,0.117907049181752
2384,0.0802978748512951
2385,0.120897455274396
2386,0.114419577940621
2387,0.14480657512943
2388,0.120726164061677
2389,0.124628938850903
2390,0.117813686973445
2391,0.114990791895945
2392,0.108969810339828
2393,0.094346905921078
2394,0.103661917969198
2395,0.116297190895939
2396,0.123400433271435
2397,0.127903717144946
2398,0.12266267164503
2399,0.105376357139391
2400,0.118138966524229
2401,0.0963153772928699
2402,0.0828479407950763
2403,0.132860900471477
2404,0.131212932281315
2405,0.119961949717868
2406,0.0988164509043041
2407,0.114800646773957
2408,0.125169928543729
2409,0.137798753997969
2410,0.111861497198696
2411,0.136171584118042
2412,0.118464891533819
2413,0.137380773566979
2414,0.112734240769578
2415,0.156738572691631
2416,0.105021611483085
2417,0.116691563537584
2418,0.115933559934451
2419,0.123009377365624
2420,0.111258269578253
2421,0.113584231067411
2422,0.106172367398177
2423,0.133323781691418
2424,0.122367937218043
2425,0.113589637636062
2426,0.118184722572081
2427,0.122027854317721
2428,0.136921268007079
2429,0.113309421792073
2430,0.119926490547849
2431,0.0989913536876037
2432,0.113033254483096
2433,0.11783974271429
2434,0.140136228646028
2435,0.112378191360221
2436,0.117519637148439
2437,0.102852824004159
2438,0.098471675805688
2439,0.0993292288737909
2440,0.130704723136522
2441,0.126998277000539
2442,0.119411679297443
2443,0.12732207519563
2444,0.106493170653795
2445,0.122994999312109
2446,0.106992134606432
2447,0.104911807592915
2448,0.104267890939433
2449,0.113550887572951
2450,0.103524471459866
2451,0.118771000738108
2452,0.122185233003241
2453,0.116767586576489
2454,0.115494299474454
2455,0.0918415825535132
2456,0.122435201577329
2457,0.12478819744602
2458,0.128751629469627
2459,0.118244602771348
2460,0.117671572565277
2461,0.116327123549044
2462,0.127279000818688
2463,0.14491882788032
2464,0.101234051900087
2465,0.1119004816667
2466,0.134296843124231
2467,0.145860038116539
2468,0.127154928798702
2469,0.138450405226794
2470,0.0738559814648808
2471,0.117134451709667
2472,0.12703576787988
2473,0.109356757625342
2474,0.120702952513916
2475,0.117776830077512
2476,0.112762056135525
2477,0.111773920649927
2478,0.117661126372873
2479,0.104004764420866
2480,0.122940165124678
2481,0.132389715204347
2482,0.109294474371175
2483,0.132570402170266
2484,0.119454859747649
2485,0.121717841719314
2486,0.133095730948528
2487,0.115356893811604
2488,0.0934879718312096
2489,0.115641278674558
2490,0.102492273691212
2491,0.109143423084514
2492,0.117804906495369
2493,0.110428156527453
2494,0.126418163359065
2495,0.119156287339674
2496,0.101786919890246
2497,0.113948014258385
2498,0.113944194894683
2499,0.103291781770648
2500,0.144361949900386
2501,0.120380546440303
2502,0.113844109775198
2503,0.122322887114381
2504,0.140654661557024
2505,0.114120368200137
2506,0.111892180123783
2507,0.0870780400314046
2508,0.114921964336699
2509,0.120026245975918
2510,0.128038345575787
2511,0.135994600861343
2512,0.135949912377799
2513,0.118525088245454
2514,0.121404219756175
2515,0.0768238976458328
2516,0.115846137492415
2517,0.118360934403945
2518,0.111919568025078
2519,0.100680309216637
2520,0.125422049489588
2521,0.11246527070748
2522,0.137675682175485
2523,0.150172308863928
2524,0.118533250011988
2525,0.121736552653424
2526,0.122396776989212
2527,0.108901940270079
2528,0.11863347795743
2529,0.111099950935623
2530,0.135202741161808
2531,0.12092775426061
2532,0.107148164066907
2533,0.118487707391652
2534,0.130850114457533
2535,0.125330118648797
2536,0.105986647196206
2537,0.12949806820014
2538,0.131879697767067
2539,0.129307259545337
2540,0.0998636645027086
2541,0.121617532553532
2542,0.12066704514228
2543,0.129668036551812
2544,0.144114755774448
2545,0.10005360911085
2546,0.108488177172114
2547,0.132195117140525
2548,0.129640926411752
2549,0.112814868533589
2550,0.101323814632262
2551,0.124500489479774
2552,0.122880483001499
2553,0.0888166758659981
2554,0.104246526213547
2555,0.115080160877677
2556,0.125159154266147
2557,0.100815063464343
2558,0.109449065813113
2559,0.123679638367666
2560,0.122976383194919
2561,0.134296771368948
2562,0.104561229013789
2563,0.113418387087913
2564,0.125754594924629
2565,0.124457697856045
2566,0.108215672195935
2567,0.109928035596138
2568,0.122142329186822
2569,0.11659232892822
2570,0.122782633771819
2571,0.140499828171048
2572,0.135903275468616
2573,0.138316969229943
2574,0.116605606330829
2575,0.100661874465548
2576,0.108925552266467
2577,0.106545779835148
2578,0.103243175824807
2579,0.133818210974086
2580,0.109898378459012
2581,0.109100166970315
2582,0.132586334836741
2583,0.127044940150779
2584,0.115066348593066
2585,0.122994021221172
2586,0.143241030416613
2587,0.135390448178507
2588,0.0998514582796375
2589,0.126526031447718
2590,0.119145128236298
2591,0.136320101204766
2592,0.122229566043766
2593,0.140571770100383
2594,0.122200593880712
2595,0.0914868338866635
2596,0.11400711681249
2597,0.120067879051449
2598,0.113234676291366
2599,0.121777477721502
2600,0.0963377631311668
2601,0.0914165360328918
2602,0.118402620341361
2603,0.125533086544044
2604,0.121499462265995
2605,0.11632254347754
2606,0.116438680481931
2607,0.145091906293299
2608,0.117248077237369
2609,0.0980152757619678
2610,0.0906121020241014
2611,0.10187801341606
2612,0.137003342649813
2613,0.095181210197575
2614,0.11257959549938
2615,0.107731956022919
2616,0.113993798974753
2617,0.105945685971157
2618,0.107073160279055
2619,0.12905201594418
2620,0.12070594338351
2621,0.126921689529836
2622,0.119211097568638
2623,0.133880395085225
2624,0.12448906917442
2625,0.09079042702126
2626,0.113093121441438
2627,0.138658069632107
2628,0.142065872468351
2629,0.126175735056982
2630,0.106386596314771
2631,0.12087649465288
2632,0.109475974696326
2633,0.128237168139935
2634,0.116711294405296
2635,0.112421806609562
2636,0.10994384243766
2637,0.0990167243717939
2638,0.116672870767792
2639,0.130243985823639
2640,0.127601862209177
2641,0.123791415220793
2642,0.125537547642465
2643,0.131080441717739
2644,0.11012030676711
2645,0.111618175038946
2646,0.10831994564446
2647,0.121178007176948
2648,0.135499350866021
2649,0.111074052741167
2650,0.0680045025542612
2651,0.114465773892624
2652,0.126032809353646
2653,0.111675163573457
2654,0.134377050460635
2655,0.117751283086277
2656,0.100373987726362
2657,0.107941392013456
2658,0.129821441041602
2659,0.119388803626507
2660,0.108287468953418
2661,0.116297851585815
2662,0.10050365013693
2663,0.114106258047554
2664,0.120117304828221
2665,0.0856246501686876
2666,0.118213339889621
2667,0.128087308623143
2668,0.124226986228161
2669,0.14562266902885
2670,0.105522500138321
2671,0.123120469745296
2672,0.131294040971444
2673,0.115380909895036
2674,0.11489278835279
2675,0.144414874201458
2676,0.104871522838537
2677,0.133063931652704
2678,0.11391348880117
2679,0.107441201032627
2680,0.0891332287048532
2681,0.117801109774995
2682,0.120715581167239
2683,0.116404787100431
2684,0.154107266309169
2685,0.13433184104413
2686,0.1256762113032
2687,0.113644430795494
2688,0.127061345737066
2689,0.137225888940641
2690,0.121188326176834
2691,0.114728775700879
2692,0.121371188362476
2693,0.132365148829455
2694,0.11940568690988
2695,0.112991952174546
2696,0.116244885534544
2697,0.115537442272062
2698,0.109861874126853
2699,0.130840432130618
2700,0.12479341700513
2701,0.124682074157378
2702,0.128196004237758
2703,0.131012275204323
2704,0.106462094455706
2705,0.0847353315170102
2706,0.110846563977623
2707,0.12132438992655
2708,0.134620563684017
2709,0.0974142813591982
2710,0.109547132074217
2711,0.0992079273468609
2712,0.112762084129163
2713,0.137671113613491
2714,0.133188182095568
2715,0.109641960909631
2716,0.128358674604123
2717,0.100455435379755
2718,0.111315253525346
2719,0.143219328416075
2720,0.134798525081497
2721,0.138639450156528
2722,0.0994380308406487
2723,0.1110886587425
2724,0.109227486662368
2725,0.0912582218356835
2726,0.12587759292979
2727,0.108924471644336
2728,0.11971536197069
2729,0.119301655575146
2730,0.133347847241281
2731,0.136810231995255
2732,0.110399122850664
2733,0.135924109884843
2734,0.127608459850774
2735,0.108665927840783
2736,0.107662241630231
2737,0.115233165702907
2738,0.10075360117987
2739,0.106947339758747
2740,0.126083328670112
2741,0.123310804879282
2742,0.10374406517712
2743,0.116427167160092
2744,0.11152910152392
2745,0.109214267871938
2746,0.0999722077417641
2747,0.112226407399523
2748,0.155884306289461
2749,0.119184373135632
2750,0.132322706039512
2751,0.110423459682977
2752,0.126188873616135
2753,0.134524879639106
2754,0.108814535945068
2755,0.0941980209801614
2756,0.10260814460464
2757,0.129214155846647
2758,0.115272701679938
2759,0.115309172733656
2760,0.122242716690124
2761,0.117085917073161
2762,0.097866674811315
2763,0.120506235742539
2764,0.12419061933422
2765,0.121939753261061
2766,0.130134175499207
2767,0.141706318189097
2768,0.143590133863134
2769,0.13996289311541
2770,0.117058412487262
2771,0.0837492921710802
2772,0.114847223434739
2773,0.123970290668351
2774,0.136672515507941
2775,0.113494572433316
2776,0.108701939501718
2777,0.11397511310082
2778,0.130254928896381
2779,0.117303518032947
2780,0.131181478330573
2781,0.104143051072032
2782,0.112491653246749
2783,0.116590040783223
2784,0.122440942350323
2785,0.101820367040947
2786,0.123225151574176
2787,0.132052199580432
2788,0.131574630835296
2789,0.120525232895668
2790,0.10763567114882
2791,0.129366871394107
2792,0.11508081730059
2793,0.113669348898468
2794,0.119086381060423
2795,0.111687023310478
2796,0.120470062453696
2797,0.130850044166402
2798,0.114218264428523
2799,0.13201101933006
2800,0.125851888453602
2801,0.105374713828827
2802,0.111542261459134
2803,0.110647482357636
2804,0.0917040749584243
2805,0.134438237030546
2806,0.143489898166964
2807,0.13795645131714
2808,0.163862032160079
2809,0.109646217773695
2810,0.108938847354601
2811,0.101199650715822
2812,0.125553877992937
2813,0.104983937765483
2814,0.130437032512302
2815,0.130606052777471
2816,0.105145618322801
2817,0.108537607341268
2818,0.0826869526164802
2819,0.10541262982533
2820,0.134686289541412
2821,0.106537906685939
2822,0.133107159224531
2823,0.126321088030209
2824,0.112497987853226
2825,0.118237361354077
2826,0.117666869584138
2827,0.125526599145046
2828,0.135616257061938
2829,0.130991928758203
2830,0.13435326851272
2831,0.136127204745671
2832,0.123098848855031
2833,0.104156382053938
2834,0.140293637887223
2835,0.118806363795603
2836,0.115493025982268
2837,0.131958968793751
2838,0.123857980570122
2839,0.114107622764808
2840,0.138342196091149
2841,0.151315730201787
2842,0.122980518791399
2843,0.106070909582688
2844,0.103711307843338
2845,0.124804548738417
2846,0.0906557815163348
2847,0.122484306806861
2848,0.127889835602358
2849,0.123534766912881
2850,0.122783121192609
2851,0.125744620285485
2852,0.0920183855110111
2853,0.101738354872018
2854,0.10113993225545
2855,0.117169387773199
2856,0.130600402729536
2857,0.130483836387584
2858,0.114761947865366
2859,0.118463612251036
2860,0.100859960650377
2861,0.121193392963364
2862,0.141817492127194
2863,0.117552621160602
2864,0.116271222209961
2865,0.117442976743724
2866,0.103749856669841
2867,0.11900565893146
2868,0.113432725580117
2869,0.089937587188234
2870,0.118099650461478
2871,0.107055180824289
2872,0.118217299975303
2873,0.110002883452745
2874,0.106728670140106
2875,0.101389759527396
2876,0.108458019460414
2877,0.12247179794013
2878,0.119803801915402
2879,0.146056783882706
2880,0.128501044058184
2881,0.0849332646304904
2882,0.125569193904889
2883,0.124022072031597
2884,0.118606082047439
2885,0.120542975123588
2886,0.116930026186541
2887,0.0933334561804371
2888,0.108636315506023
2889,0.132866612670891
2890,0.119812082911963
2891,0.114057631614889
2892,0.123760817803571
2893,0.121293048684266
2894,0.136727188368792
2895,0.128231112621956
2896,0.14303846380879
2897,0.0829804336517232
2898,0.117517676787221
2899,0.101773871768416
2900,0.116629369735591
2901,0.114394828568784
2902,0.123126019488091
2903,0.109522974781202
2904,0.123921909043349
2905,0.115060592387377
2906,0.136787130860987
2907,0.121670305632194
2908,0.112574805148124
2909,0.131520303915006
2910,0.136611105038967
2911,0.11666425743157
2912,0.113178076857453
2913,0.107232190530371
2914,0.132775022508079
2915,0.107455265702324
2916,0.109869167030716
2917,0.089834535342567
2918,0.121998808025428
2919,0.123978654635638
2920,0.118894591641117
2921,0.151658961770896
2922,0.111554855088016
2923,0.120296476435753
2924,0.116890729216479
2925,0.107609843760982
2926,0.119386078650114
2927,0.131317661695525
2928,0.130514413968
2929,0.131238552652453
2930,0.120718825540116
2931,0.0944189113150301
2932,0.131527082086707
2933,0.124480241415146
2934,0.130625230045825
2935,0.116969436020713
2936,0.112057729718353
2937,0.10988835491644
2938,0.122695635786338
2939,0.105099710346375
2940,0.125991352501125
2941,0.0911320612312439
2942,0.126548457314605
2943,0.117862774419203
2944,0.133921688240807
2945,0.103329774225946
2946,0.131475224603121
2947,0.121262715975307
2948,0.10270156750593
2949,0.0964648348780551
2950,0.136922533255161
2951,0.0979679086342801
2952,0.118739914884008
2953,0.080611645774769
2954,0.14388841970689
2955,0.12330175032893
2956,0.0922541947820567
2957,0.147833153518115
2958,0.1319459213951
2959,0.102712915047056
2960,0.137825839203846
2961,0.103804153472555
2962,0.120011452155191
2963,0.13711514727734
2964,0.101842260114667
2965,0.0921797232240147
2966,0.141864073706109
2967,0.125034539270778
2968,0.112641757142832
2969,0.136994652186414
2970,0.141824977188588
2971,0.145590595660396
2972,0.09888871428216
2973,0.118328496661775
2974,0.1283900982729
2975,0.124805298260286
2976,0.0968851559114139
2977,0.119860862839597
2978,0.10982503498922
2979,0.131002032610715
2980,0.120751860195345
2981,0.101514913081729
2982,0.128134804990337
2983,0.134506715232749
2984,0.125608592918845
2985,0.136668426060307
2986,0.125203034237357
2987,0.148912174557818
2988,0.126390553087573
2989,0.127503790044393
2990,0.134889538737206
2991,0.13406070368474
2992,0.111287129150831
2993,0.120750191488687
2994,0.136547976975078
2995,0.124047871477719
2996,0.121523255688742
2997,0.108100924348669
2998,0.10689419612352
2999,0.133747841083646
3000,0.123496505440617
3001,0.118331361413364
3002,0.123297232045467
3003,0.131369185042391
3004,0.119635672935461
3005,0.134529642735698
3006,0.109900267165711
3007,0.119635867438302
3008,0.111929520872457
3009,0.110528994670159
3010,0.112992394962838
3011,0.117920156576678
3012,0.122766464046151
3013,0.116818626993186
3014,0.121440177044367
3015,0.108805129125759
3016,0.116832449424695
3017,0.106818756739993
3018,0.140099648225253
3019,0.0934725366986084
3020,0.0999653641550951
3021,0.134769091208542
3022,0.126187353630122
3023,0.12332347592557
3024,0.132961922249182
3025,0.11953164294817
3026,0.102685188299922
3027,0.105481149827821
3028,0.127516967001589
3029,0.113132596767586
3030,0.10040431090021
3031,0.105909418231658
3032,0.13829889777462
3033,0.110530595659235
3034,0.112963848007251
3035,0.139574208801478
3036,0.104797388279485
3037,0.123299576708925
3038,0.130090803850102
3039,0.114186558205297
3040,0.119398192722716
3041,0.100471178044391
3042,0.116072544865647
3043,0.144682098093439
3044,0.128510830564389
3045,0.110134844374113
3046,0.113388274676716
3047,0.122219319499331
3048,0.118983396531686
3049,0.101434313558276
3050,0.0920990562824496
3051,0.131296605087583
3052,0.111454236221262
3053,0.111847996933327
3054,0.102890397554787
3055,0.102358299689241
3056,0.105548633803672
3057,0.10085384347313
3058,0.129040088409484
3059,0.109299600512075
3060,0.127667893388437
3061,0.104370865507854
3062,0.105839210515575
3063,0.114398681042594
3064,0.135807591028697
3065,0.110390601554773
3066,0.0965119876570085
3067,0.108247503065881
3068,0.128873251518364
3069,0.118460396721679
3070,0.124384714066076
3071,0.115141665332108
3072,0.107631555381687
3073,0.0997045872661173
3074,0.106666791754744
3075,0.148784989268403
3076,0.133932976142967
3077,0.120131347765121
3078,0.144441725183238
3079,0.103046837595447
3080,0.104531211878376
3081,0.10438127126841
3082,0.116472350102193
3083,0.107353931114025
3084,0.0894780101088085
3085,0.0967201906279327
3086,0.129667505655283
3087,0.113437690718597
3088,0.122431755050121
3089,0.0937859914615631
3090,0.0807064709220362
3091,0.138341848194812
3092,0.123692337680647
3093,0.095755852033643
3094,0.0924379057260363
3095,0.131580997444564
3096,0.119619367709363
3097,0.122219913600336
3098,0.111925579705303
3099,0.125465200353212
3100,0.114853137066596
3101,0.0955967178570927
3102,0.10407503584337
3103,0.140753876041145
3104,0.123507086392378
3105,0.107705046546454
3106,0.149036568171097
3107,0.113184604744691
3108,0.0977750036473112
3109,0.136575724615906
3110,0.126671580646855
3111,0.120481794151821
3112,0.11936462985693
3113,0.0991075020130498
3114,0.131985803246486
3115,0.121420383465537
3116,0.111194025496013
3117,0.133887413762209
3118,0.130046261445472
3119,0.114887589890032
3120,0.118280368269034
3121,0.0944508357569804
3122,0.129682821555916
3123,0.117349792719423
3124,0.123105344954353
3125,0.13163057099573
3126,0.0977415910116081
3127,0.130712630503533
3128,0.139921465426099
3129,0.11627191363235
3130,0.117880180609904
3131,0.0943232978025062
3132,0.122496708758044
3133,0.112031076360487
3134,0.123529673852951
3135,0.117972512210286
3136,0.119749378347617
3137,0.139517681672478
3138,0.116822531965091
3139,0.125460794495862
3140,0.116231430293115
3141,0.109010192618685
3142,0.134987657483922
3143,0.126914728099556
3144,0.0980567227949174
3145,0.133666368338791
3146,0.0986945440353205
3147,0.13905902574286
3148,0.0965724616794884
3149,0.121125781741067
3150,0.126827443867859
3151,0.113495756718105
3152,0.113803307024021
3153,0.127197391926406
3154,0.125502019367822
3155,0.0942732693156836
3156,0.136428688115254
3157,0.115759264796867
3158,0.102562725465653
3159,0.131728238071849
3160,0.145098233746652
3161,0.126099996091259
3162,0.0985681470827639
3163,0.126602725801857
3164,0.127417555060131
3165,0.129195986767354
3166,0.108381820064054
3167,0.122226193229339
3168,0.125106132367513
3169,0.121087251526232
3170,0.128764997422961
3171,0.106861031855071
3172,0.132776046967218
3173,0.106823952197686
3174,0.119442529422695
3175,0.100033136336729
3176,0.116695163698306
3177,0.138416681684806
3178,0.0990808911139009
3179,0.132888887824401
3180,0.142788495127556
3181,0.112416683067291
3182,0.133357518187105
3183,0.118702522311077
3184,0.10137791430999
3185,0.0955310058381143
3186,0.120664388616416
3187,0.113162415624902
3188,0.120696306708065
3189,0.108949905341967
3190,0.0926037080768005
3191,0.114087303532946
3192,0.096266548258171
3193,0.140747522526813
3194,0.117928728181129
3195,0.140504113405088
3196,0.114653006954377
3197,0.109497238888673
3198,0.126775703316034
3199,0.141953448076155
3200,0.119293711075829
3201,0.119769337673965
3202,0.103047093801302
3203,0.12948989278719
3204,0.123832020538121
3205,0.113618208447787
3206,0.122998237970099
3207,0.112519398378367
3208,0.135641574921068
3209,0.120035306255948
3210,0.103897758210037
3211,0.13134985382675
3212,0.120635686278211
3213,0.127776018440751
3214,0.138538592822206
3215,0.133066113872384
3216,0.131303434624425
3217,0.114738330850718
3218,0.127946390142193
3219,0.101033502974521
3220,0.115237897674956
3221,0.0850539996721862
3222,0.127592566349214
3223,0.120868240769505
3224,0.125969972243341
3225,0.119783114340485
3226,0.100750802290624
3227,0.105193259873048
3228,0.114257259531438
3229,0.127658343445677
3230,0.119069154234782
3231,0.137569787657255
3232,0.1018158861467
3233,0.123642217897368
3234,0.128338843617358
3235,0.110208841025022
3236,0.103536527214322
3237,0.118146999762245
3238,0.128629311642962
3239,0.0806719032751274
3240,0.094247820573443
3241,0.125277338229997
3242,0.0996507189047199
3243,0.119423976952188
3244,0.101296415091906
3245,0.116992783064637
3246,0.123526391808963
3247,0.108758135133854
3248,0.122659570053401
3249,0.118303637340377
3250,0.113560880956128
3251,0.0919858446866233
3252,0.125924776805529
3253,0.120892527928378
3254,0.116418529900491
3255,0.0922541058092672
3256,0.0954644173926506
3257,0.132122416157609
3258,0.111302192542346
3259,0.128528493138914
3260,0.119628626164975
3261,0.1044541593366
3262,0.119625986506791
3263,0.127126104032826
3264,0.119177381938982
3265,0.0967418591096068
3266,0.101351939524194
3267,0.122127449923373
3268,0.146575031733848
3269,0.113019994979661
3270,0.12804809748453
3271,0.104822390231657
3272,0.106685566385062
3273,0.12150909184509
3274,0.123353188629076
3275,0.110897786510477
3276,0.114418827916913
3277,0.116747347063824
3278,0.119876098922106
3279,0.129210604735545
3280,0.114821399628916
3281,0.102488505707167
3282,0.10119000529377
3283,0.122393627371813
3284,0.131748308438925
3285,0.112102054585937
3286,0.135722181868095
3287,0.124049802429869
3288,0.115645288911307
3289,0.109108657417408
3290,0.126900105473244
3291,0.123861623015943
3292,0.128139711239206
3293,0.123776204690497
3294,0.111248523805821
3295,0.121194392809724
3296,0.107068210322282
3297,0.141468204085893
3298,0.110554467877017
3299,0.101326865613824
3300,0.11646688469495
3301,0.106099348780662
3302,0.130407473706923
3303,0.130992360455539
3304,0.0993561456269732
3305,0.113056984487726
3306,0.120799755617138
3307,0.109968300836292
3308,0.120490002360883
3309,0.104186568842528
3310,0.144669059119721
3311,0.11786753759525
3312,0.115982689467687
3313,0.116969646506634
3314,0.103366925844483
3315,0.113200616063715
3316,0.1372139180555
3317,0.129457935460479
3318,0.112208682361196
3319,0.134813243960588
3320,0.107852316681572
3321,0.0878261726664166
3322,0.0973470370765244
3323,0.105120928769249
3324,0.139351222712372
3325,0.131481772429636
3326,0.0817389559327447
3327,0.114930131976232
3328,0.0965838732962532
3329,0.120438425932722
3330,0.119666147143007
3331,0.122476177929396
3332,0.120767511850719
3333,0.112809536873479
3334,0.113028773579318
3335,0.0872338805066253
3336,0.137430553133341
3337,0.121910880925571
3338,0.0933027484789098
3339,0.124948037972697
3340,0.099827992741191
3341,0.107882538688429
3342,0.123819498959168
3343,0.126288424423553
3344,0.10772005842017
3345,0.104866418030353
3346,0.138631477964682
3347,0.105865527002825
3348,0.133296919465837
3349,0.124198359899091
3350,0.116969546543796
3351,0.100648026082416
3352,0.140825530698806
3353,0.112404611762523
3354,0.1300952580699
3355,0.121989152920841
3356,0.130067358064603
3357,0.129790171176506
3358,0.128593304974323
3359,0.126973685813546
3360,0.0980758442703722
3361,0.12499485863759
3362,0.103005590299367
3363,0.104237960453176
3364,0.106285532627995
3365,0.11838574010087
3366,0.143377954930965
3367,0.106749357669647
3368,0.0940071303702522
3369,0.114585566494987
3370,0.0921784501484769
3371,0.123202221645224
3372,0.114478391379369
3373,0.104821849971588
3374,0.099908671575803
3375,0.119524214227969
3376,0.109675094902658
3377,0.105758430151718
3378,0.111678256018285
3379,0.0944854982123032
3380,0.106093899319126
3381,0.0965155070268516
3382,0.141819476235116
3383,0.0996353238182277
3384,0.143675686031463
3385,0.107623666803447
3386,0.10771822244609
3387,0.107291335447339
3388,0.11505805063046
3389,0.106482927634085
3390,0.132748033827918
3391,0.104862136064002
3392,0.119616105469971
3393,0.135061571551267
3394,0.110197153804147
3395,0.109355213498086
3396,0.122795585837586
3397,0.138084294266854
3398,0.0933111781311606
3399,0.124545456448959
3400,0.106832416387703
3401,0.126759394235536
3402,0.14342103794304
3403,0.109475244974546
3404,0.118082921796365
3405,0.107032943939485
3406,0.124720294782798
3407,0.107078929655333
3408,0.123713597633291
3409,0.10393823590455
3410,0.0972862238094442
3411,0.106031701405206
3412,0.114949661514537
3413,0.148459172112516
3414,0.110596689376647
3415,0.108911801149112
3416,0.111567085872141
3417,0.106724423483778
3418,0.126969723290743
3419,0.138480393716968
3420,0.105103561124625
3421,0.117726173183905
3422,0.115086873087986
3423,0.128747620944217
3424,0.141480578202689
3425,0.145402968395011
3426,0.0952876780968017
3427,0.137082147469572
3428,0.0919960320620404
3429,0.110153800688212
3430,0.119242337966636
3431,0.122783167414309
3432,0.108276820019115
3433,0.148586097895001
3434,0.124644041604665
3435,0.125983662506279
3436,0.104179734645814
3437,0.0986481486266727
3438,0.124143743524298
3439,0.0974509607022856
3440,0.0993224958332561
3441,0.091413764309467
3442,0.116877013853823
3443,0.150771578105689
3444,0.115124159544299
3445,0.112104283339512
3446,0.126969405526272
3447,0.109279737972829
3448,0.0980876795368271
3449,0.124354249948837
3450,0.123602936368638
3451,0.126226138097948
3452,0.1133414892732
3453,0.136188150917763
3454,0.0922151503907999
3455,0.103219235113964
3456,0.122228188128777
3457,0.126820612469973
3458,0.132520622269848
3459,0.135681142484964
3460,0.112965693394507
3461,0.132228999858133
3462,0.112642909439714
3463,0.124876798313265
3464,0.094832209116181
3465,0.116426529774718
3466,0.114649397378508
3467,0.121009428369782
3468,0.130291283972698
3469,0.139651452846447
3470,0.111051855348006
3471,0.105942017519622
3472,0.105418292047665
3473,0.114077724826827
3474,0.118986162816121
3475,0.109180095750765
3476,0.130604373213909
3477,0.103494512648177
3478,0.120821016510502
3479,0.129055855423612
3480,0.113965159228918
3481,0.107949279555976
3482,0.123246700292204
3483,0.106514806376008
3484,0.107801598391658
3485,0.127615003123203
3486,0.150878639431904
3487,0.122478064957519
3488,0.0992592065749374
3489,0.107254874667929
3490,0.105783543643532
3491,0.116350325111516
3492,0.113129431718336
3493,0.100801455862128
3494,0.112285628542998
3495,0.119955992284801
3496,0.115079140321614
3497,0.10037131024107
3498,0.087521372026901
3499,0.127758890653336
3500,0.11877348990981
3501,0.109777279182575
3502,0.118818487788511
3503,0.115947985216554
3504,0.126140177187994
3505,0.1351392702907
3506,0.138000834143566
3507,0.121428019741672
3508,0.129569506123841
3509,0.134898204872918
3510,0.131170080153729
3511,0.121386777698031
3512,0.110458587456055
3513,0.114484402593619
3514,0.135688566469213
3515,0.138295151606293
3516,0.0975141418636238
3517,0.0892329557990437
3518,0.100388175146333
3519,0.136291088784112
3520,0.105780066512551
3521,0.135231472916145
3522,0.127191047492398
3523,0.12976067120482
3524,0.124914582273739
3525,0.118954285540601
3526,0.10011788865465
3527,0.125085476301759
3528,0.115192128217079
3529,0.0900470323196597
3530,0.115459639981276
3531,0.137704053575106
3532,0.106033098693056
3533,0.127562825701279
3534,0.119372482074378
3535,0.123224180756593
3536,0.135509424825011
3537,0.0975094414734104
3538,0.10309180704768
3539,0.109945554935357
3540,0.106983139717981
3541,0.110380394794009
3542,0.128813647512244
3543,0.144370647041202
3544,0.101295201614356
3545,0.110085235668006
3546,0.147188867414875
3547,0.121969929829494
3548,0.117302328088299
3549,0.102875040540998
3550,0.129649516961438
3551,0.0997656460956627
3552,0.109338344581914
3553,0.122471083721687
3554,0.134018881121738
3555,0.0898860065052159
3556,0.105370654169066
3557,0.1250791689228
3558,0.122953353298613
3559,0.133975832206039
3560,0.111549606602415
3561,0.104843204465238
3562,0.108766170940272
3563,0.0927285270973615
3564,0.0978218729708507
3565,0.121423255690947
3566,0.110391056630273
3567,0.106473360156065
3568,0.120923149565612
3569,0.112337315945412
3570,0.112287668305795
3571,0.126388403417247
3572,0.0926549920249029
3573,0.124390150727423
3574,0.112315025435392
3575,0.164672451928552
3576,0.105487954316499
3577,0.0994089174392499
3578,0.110271977723048
3579,0.120502933475679
3580,0.128159733683285
3581,0.111021329050135
3582,0.10969816636158
3583,0.121701198937007
3584,0.134120747345733
3585,0.130956350988044
3586,0.132162057970675
3587,0.111551109627062
3588,0.104093280327459
3589,0.130971053414557
3590,0.129779267392077
3591,0.144985167990132
3592,0.107782043265398
3593,0.117526373177322
3594,0.113645440704302
3595,0.126007420443967
3596,0.109310510558653
3597,0.0930612156248059
3598,0.123394967536692
3599,0.117734017607668
3600,0.124255134475418
3601,0.135841780010945
3602,0.102454724432546
3603,0.128563521834129
3604,0.103140921773266
3605,0.12763804405623
3606,0.094607496789662
3607,0.107767290528372
3608,0.115013063588902
3609,0.109127194358325
3610,0.118462287244991
3611,0.105834979598177
3612,0.106258851159201
3613,0.124060151460173
3614,0.13626219764552
3615,0.0902079641460456
3616,0.125257566380896
3617,0.120424602781473
3618,0.0938358469926234
3619,0.128449785755077
3620,0.112240488016095
3621,0.118277718427924
3622,0.130608458381173
3623,0.118350385779142
3624,0.128054401910938
3625,0.122639068576425
3626,0.157675916067055
3627,0.1245843268898
3628,0.129813313835082
3629,0.114002289495441
3630,0.119360126219727
3631,0.0844911836377206
3632,0.101537085107816
3633,0.121393181195589
3634,0.121415420385702
3635,0.111753164557844
3636,0.118020880822751
3637,0.123744855202842
3638,0.134387732670166
3639,0.118691757122565
3640,0.106556486431662
3641,0.126184534418192
3642,0.103399821733197
3643,0.137795313118832
3644,0.102274536302084
3645,0.10442255859719
3646,0.118683178877802
3647,0.12560250297489
3648,0.113795443770942
3649,0.119358818949245
3650,0.128730118340228
3651,0.119708855312884
3652,0.136367778320887
3653,0.096719582388342
3654,0.141659899115613
3655,0.116585681858775
3656,0.117757588812987
3657,0.120275007939203
3658,0.115817658239227
3659,0.116220743880976
3660,0.128690201464288
3661,0.106150301634585
3662,0.130026072711983
3663,0.127266643621767
3664,0.104933521042383
3665,0.0895428657157841
3666,0.119962963941991
3667,0.129019926685841
3668,0.088114373499002
3669,0.123338209928647
3670,0.102151555950559
3671,0.113573491271974
3672,0.127128569988216
3673,0.115403162801998
3674,0.134798065126602
3675,0.122350868496018
3676,0.12056803037358
3677,0.111637045999193
3678,0.0986158050373975
3679,0.125235837416306
3680,0.116109696673006
3681,0.116030218462763
3682,0.128789779190767
3683,0.11678035122018
3684,0.120414620426966
3685,0.112040531686352
3686,0.0985912876390896
3687,0.148716328096782
3688,0.109646542057647
3689,0.125823523649761
3690,0.103964087713988
3691,0.111185710657145
3692,0.120186073423814
3693,0.132214714001475
3694,0.113301822323478
3695,0.10931023724948
3696,0.110876514051712
3697,0.124243716526494
3698,0.132186068929892
3699,0.101846412791509
3700,0.107228159431225
3701,0.118350618916075
3702,0.129176731507466
3703,0.125138758135034
3704,0.118850146203027
3705,0.117466492568815
3706,0.137539711536541
3707,0.119939828692989
3708,0.0901163990174366
3709,0.100593551579262
3710,0.122966897479293
3711,0.086402279848174
3712,0.125274990010619
3713,0.110720192135347
3714,0.115727624094111
3715,0.1137451107178
3716,0.121335815798258
3717,0.113448225873184
3718,0.108566676699371
3719,0.0833079973189631
3720,0.0897399166049216
3721,0.135941493511934
3722,0.123720606775843
3723,0.13679043299726
3724,0.131294813828099
3725,0.104039105043147
3726,0.114032983338856
3727,0.117812114587494
3728,0.109310097359806
3729,0.0797967636807454
3730,0.0993735662072117
3731,0.113570071687512
3732,0.115409874707535
3733,0.118533949703092
3734,0.129453751979585
3735,0.117376566301025
3736,0.126020666868977
3737,0.106821261730611
3738,0.116561577240697
3739,0.128899421472532
3740,0.110918053659423
3741,0.139751418057962
3742,0.138273280018218
3743,0.132596967369227
3744,0.102582099182011
3745,0.0971892613865156
3746,0.135798423946395
3747,0.111776056672162
3748,0.0969978898821709
3749,0.112817180864424
3750,0.106970365145144
3751,0.107944604551244
3752,0.119242633980223
3753,0.138293194055873
3754,0.116945023454839
3755,0.120209761845803
3756,0.130796923947692
3757,0.108650518661261
3758,0.113925243826947
3759,0.117218797840381
3760,0.105688665494899
3761,0.100203080876897
3762,0.118855353130462
3763,0.109648389783069
3764,0.12381168097838
3765,0.111443682558535
3766,0.109175060827213
3767,0.114848623047219
3768,0.123798538310788
3769,0.12648167986312
3770,0.106634226073385
3771,0.12399819053568
3772,0.13106036422842
3773,0.115183407719186
3774,0.137926091551788
3775,0.122878554106019
3776,0.118948219932775
3777,0.107486513596312
3778,0.128607301718791
3779,0.112818761504118
3780,0.121420280370742
3781,0.116867199261456
3782,0.13179033956881
3783,0.104156929442113
3784,0.0860203316825442
3785,0.106394156956288
3786,0.0836152150099113
3787,0.112129478586744
3788,0.136281736817985
3789,0.119706095639405
3790,0.109367350204302
3791,0.0969907256689891
3792,0.123517226488548
3793,0.124418181578252
3794,0.117379027626338
3795,0.12594107989123
3796,0.116687005213964
3797,0.0974226724026142
3798,0.133032977374507
3799,0.111198473184255
3800,0.110290000286255
3801,0.145326663193102
3802,0.104757297144042
3803,0.131176664047404
3804,0.119604444073839
3805,0.121465739049424
3806,0.116338907425348
3807,0.130899402029383
3808,0.14619744552338
3809,0.118565609359492
3810,0.0922889346733411
3811,0.126173082844809
3812,0.113943010418369
3813,0.0881075325301105
3814,0.107024758180347
3815,0.130919020863291
3816,0.10454022099811
3817,0.114729942543212
3818,0.143090533049927
3819,0.107422013462434
3820,0.112446060854681
3821,0.121174825816714
3822,0.123476383792874
3823,0.123701115518416
3824,0.126494558354365
3825,0.113494192327416
3826,0.117882446284457
3827,0.110520638042712
3828,0.103592527875322
3829,0.115643873833127
3830,0.133104137394945
3831,0.118373935212655
3832,0.114646217895967
3833,0.125411571343324
3834,0.126413838464973
3835,0.127018776901434
3836,0.136207718279411
3837,0.0879817517210896
3838,0.109091685538496
3839,0.125590202606536
3840,0.111586206321119
3841,0.127705940833293
3842,0.132475297015163
3843,0.0897775653613337
3844,0.082803656552388
3845,0.127749355878652
3846,0.102830428738825
3847,0.0942936085084875
3848,0.119594194629555
3849,0.107261736149651
3850,0.114397588840876
3851,0.0948904940319004
3852,0.128927844835589
3853,0.105252867447772
3854,0.116465286563685
3855,0.134979088058791
3856,0.101162538571524
3857,0.116575626180718
3858,0.122938716046487
3859,0.127417117412304
3860,0.112761898840664
3861,0.121242678800456
3862,0.124164856129235
3863,0.124337901835422
3864,0.116729426073039
3865,0.129762981447229
3866,0.101952736746035
3867,0.110143280621425
3868,0.13043341527738
3869,0.117499470562077
3870,0.0903055083905297
3871,0.130767408407681
3872,0.100595491318108
3873,0.0984077362617353
3874,0.119291639563209
3875,0.109534533652628
3876,0.0946583577891966
3877,0.131533457265234
3878,0.132762307736134
3879,0.124150742497196
3880,0.100715068505836
3881,0.136917090934937
3882,0.120368437522326
3883,0.134868433786341
3884,0.11932935472979
3885,0.114690476649112
3886,0.12832863600985
3887,0.093893397920388
3888,0.110251641746679
3889,0.13655052509665
3890,0.132429361951421
3891,0.112625132554197
3892,0.107103329334731
3893,0.107864447924892
3894,0.0996892263998966
3895,0.11750760415249
3896,0.0844650961840434
3897,0.107072969674919
3898,0.130071922580977
3899,0.0967465526292517
3900,0.149409658645977
3901,0.0974939839059108
3902,0.100146337834784
3903,0.13533063678679
3904,0.134789744547109
3905,0.124614062262778
3906,0.141508546131629
3907,0.120897475888294
3908,0.111842259250723
3909,0.113512134810695
3910,0.0989695593229417
3911,0.144520232309651
3912,0.114461544885861
3913,0.101525264161481
3914,0.132443232594462
3915,0.118659488653624
3916,0.124314577364356
3917,0.111853770097514
3918,0.119036564457416
3919,0.107325833231111
3920,0.100404931124224
3921,0.126725467137097
3922,0.115707636640516
3923,0.12620963000639
3924,0.11745079772848
3925,0.141930558970317
3926,0.153586129690672
3927,0.14326194521971
3928,0.100040982924055
3929,0.102897360419196
3930,0.106806466961362
3931,0.111899578609411
3932,0.102478256032644
3933,0.0967560203927306
3934,0.106872419493549
3935,0.140134363989336
3936,0.113652786701656
3937,0.120430422904988
3938,0.123430888814882
3939,0.131442911027329
3940,0.101478624933825
3941,0.114382265425993
3942,0.115613138106382
3943,0.131701538614955
3944,0.120622693237802
3945,0.0931887751191241
3946,0.129936570106131
3947,0.109605062884757
3948,0.124430210091975
3949,0.126486759383169
3950,0.127972730274431
3951,0.0951777223396087
3952,0.111375604271426
3953,0.0981506652302438
3954,0.100713491685205
3955,0.111226967441592
3956,0.126357601375856
3957,0.118263228231963
3958,0.11933911916728
3959,0.125507460312483
3960,0.108434569800767
3961,0.101315100077687
3962,0.12867707552832
3963,0.129153601153555
3964,0.104942919571642
3965,0.122444152580948
3966,0.105434862899006
3967,0.117945441376795
3968,0.12514617283048
3969,0.0967607776589385
3970,0.114424179784399
3971,0.127146958617001
3972,0.135411159884908
3973,0.124708547308975
3974,0.110263220851433
3975,0.10188037327053
3976,0.0955675045884039
3977,0.123100267045355
3978,0.110606658362381
3979,0.141849352398805
3980,0.115071013489752
3981,0.107718321399889
3982,0.124278262403398
3983,0.12852267762164
3984,0.147836686506463
3985,0.117304270677717
3986,0.107750166394239
3987,0.119707582293257
3988,0.109207061947401
3989,0.103331809667841
3990,0.118645194635189
3991,0.13408032515251
3992,0.104403807676763
3993,0.124688892875534
3994,0.126298803299824
3995,0.0967233773025737
3996,0.0935487382443145
3997,0.117097700549204
3998,0.0996692257292575
3999,0.127414594999998
4000,0.125644220504586
4001,0.118506420084231
4002,0.113710714105039
4003,0.121577797092698
4004,0.1258696019209
4005,0.135040966184056
4006,0.102834272265853
4007,0.123899037313816
4008,0.107062867624692
4009,0.102288692246308
4010,0.108047132123893
4011,0.111870179072412
4012,0.116082140475125
4013,0.117488073322174
4014,0.115780933469638
4015,0.108600332908559
4016,0.13581223668893
4017,0.119573760925083
4018,0.109128671144624
4019,0.0973157890102438
4020,0.104426758211073
4021,0.129396995268591
4022,0.127517331761436
4023,0.131002263077965
4024,0.124697225837571
4025,0.108545121361038
4026,0.134517651160313
4027,0.131921673894661
4028,0.139731218556068
4029,0.107161794588868
4030,0.117940367755917
4031,0.12461856189395
4032,0.138367279256633
4033,0.111545408273794
4034,0.134129273597955
4035,0.130348049641512
4036,0.130957400304047
4037,0.102810716441674
4038,0.115805830696056
4039,0.118052575961055
4040,0.120190425920517
4041,0.130206868410245
4042,0.110805329474926
4043,0.122948923536499
4044,0.123561404742937
4045,0.101836867462377
4046,0.100520051033029
4047,0.147099866661041
4048,0.104324730795126
4049,0.131271538896343
4050,0.112458727636089
4051,0.0991136538866503
4052,0.126437117799652
4053,0.124720468215474
4054,0.15075218720945
4055,0.0987109325252048
4056,0.104093294762882
4057,0.105662934688183
4058,0.103914781699447
4059,0.105088516924159
4060,0.128131514249982
4061,0.140934987396076
4062,0.160305436890047
4063,0.118007827673117
4064,0.101159021018717
4065,0.152511575125747
4066,0.13369591034096
4067,0.114344002242265
4068,0.112700703241148
4069,0.124905352748371
4070,0.116122325306768
4071,0.0804663647484634
4072,0.137085639180113
4073,0.121135768952744
4074,0.115736907258481
4075,0.107289579012565
4076,0.122239873542685
4077,0.124285785196617
4078,0.11870878643932
4079,0.134731312568044
4080,0.124912014823894
4081,0.125653731339767
4082,0.111934659898727
4083,0.122928111830305
4084,0.126080482310403
4085,0.104869822091502
4086,0.135764949193417
4087,0.133418819993173
4088,0.112735595430634
4089,0.124828766875259
4090,0.0979249108296074
4091,0.12049424567397
4092,0.131278775287393
4093,0.142686664884617
4094,0.122872051150307
4095,0.0816499684793574
4096,0.105935137274466
4097,0.12497853434713
4098,0.138336970021
4099,0.129796715175899
4100,0.134465968249997
4101,0.121255061838966
4102,0.10663448576278
4103,0.13983612816179
4104,0.103089430026438
4105,0.120738455021218
4106,0.104206189915293
4107,0.138538337588902
4108,0.11033209049834
4109,0.0971019710646537
4110,0.116362151753958
4111,0.115884762031918
4112,0.118052771088923
4113,0.128393920406284
4114,0.116055016466919
4115,0.129208039858816
4116,0.132197855056342
4117,0.0952772282385664
4118,0.140739484293297
4119,0.122184659436632
4120,0.101382329719681
4121,0.107817677051926
4122,0.113439643411356
4123,0.128053607675966
4124,0.112474187906763
4125,0.119020502862339
4126,0.128881084391268
4127,0.0828188818469309
4128,0.0983539297181301
4129,0.117389189034066
4130,0.108961680322079
4131,0.126761339111301
4132,0.101868160623169
4133,0.11225907475111
4134,0.115526223751733
4135,0.124589540532168
4136,0.126776551921775
4137,0.0931969728731937
4138,0.129310394008255
4139,0.13195030823862
4140,0.121582779371076
4141,0.113626010919791
4142,0.131646604706415
4143,0.109928419473446
4144,0.122215855661837
4145,0.13259800281458
4146,0.122209095620901
4147,0.130291906235643
4148,0.108586036453733
4149,0.119001908657374
4150,0.11303442767145
4151,0.128930627466386
4152,0.10908133278572
4153,0.11303251460832
4154,0.109342938964586
4155,0.129858007189831
4156,0.12383777133772
4157,0.107599411039721
4158,0.127054847006284
4159,0.11740515328683
4160,0.102200056359834
4161,0.136296503754399
4162,0.154195485042893
4163,0.132744494599259
4164,0.110804510916077
4165,0.123534252966386
4166,0.126649040826997
4167,0.132120440758272
4168,0.127384237715314
4169,0.112605468680494
4170,0.11137521927363
4171,0.09554999113414
4172,0.144891483141426
4173,0.106676674082395
4174,0.110035026261229
4175,0.111542447568434
4176,0.118032512017405
4177,0.107871609444894
4178,0.119227144890509
4179,0.116912506936741
4180,0.108645170937114
4181,0.115597496026084
4182,0.115251042459501
4183,0.126833321241419
4184,0.114589652658489
4185,0.125859301830118
4186,0.153086891251993
4187,0.12712598097139
4188,0.0875958021796947
4189,0.0982186075312629
4190,0.105888717430616
4191,0.117117469480918
4192,0.104807835958351
4193,0.118339704564961
4194,0.115430058144053
4195,0.115392740158496
4196,0.117122186653905
4197,0.167727211216183
4198,0.125665065526489
4199,0.132193155849293
4200,0.0985914625376363
4201,0.115162091015538
4202,0.148019113093281
4203,0.113016037904934
4204,0.112035563132686
4205,0.0770838345147146
4206,0.0956464806288991
4207,0.0971075880408436
4208,0.11701060743816
4209,0.0948913459841149
4210,0.138042392858264
4211,0.119458206568591
4212,0.119348258671071
4213,0.121718858414931
4214,0.12563705154378
4215,0.111477757533641
4216,0.0938670569629192
4217,0.134821646740491
4218,0.115058039334335
4219,0.124463681549837
4220,0.124217568331808
4221,0.110711399894416
4222,0.136359414987446
4223,0.13802037126261
4224,0.120145575867868
4225,0.120377634614019
4226,0.117835857836677
4227,0.106857478465204
4228,0.0992693214575875
4229,0.121814964624838
4230,0.130008885654112
4231,0.122675193970007
4232,0.124038799491118
4233,0.107412470292422
4234,0.149108961148243
4235,0.0993360800744395
4236,0.13461295329363
4237,0.0843068782121757
4238,0.123940936623194
4239,0.116844298070841
4240,0.109493364910634
4241,0.0934114503361788
4242,0.112192245938992
4243,0.120356374012368
4244,0.126098506959341
4245,0.1539857495927
4246,0.100200644279518
4247,0.116482716572774
4248,0.120869467065262
4249,0.124704305531211
4250,0.128249966999127
4251,0.0952269259866485
4252,0.10121200261959
4253,0.131526535265768
4254,0.112898208510527
4255,0.140518720681687
4256,0.123366559174338
4257,0.108251411542156
4258,0.113920916546546
4259,0.108488295230308
4260,0.127572265991572
4261,0.125090196635842
4262,0.121973199034204
4263,0.0769881058876336
4264,0.127173871006571
4265,0.115896536164414
4266,0.110264886681141
4267,0.111104227519097
4268,0.130444394499382
4269,0.108063338152992
4270,0.126129175815004
4271,0.129388044240264
4272,0.0995595954206135
4273,0.108499288888309
4274,0.117479162083442
4275,0.126828832257516
4276,0.110841266377122
4277,0.112331022888778
4278,0.129619554523523
4279,0.117833934198777
4280,0.109376411723549
4281,0.115690532417042
4282,0.0921991134088331
4283,0.0927653807285777
4284,0.113015743598494
4285,0.0901576598140494
4286,0.119522986635158
4287,0.100410179441491
4288,0.113582660839514
4289,0.13962142146368
4290,0.0928616982362
4291,0.131466549194323
4292,0.134645875140361
4293,0.108875846562599
4294,0.0966287698595781
4295,0.126318993525201
4296,0.114299856826851
4297,0.121524574844419
4298,0.116932123774775
4299,0.132815789080937
4300,0.084564217647115
4301,0.0906036919221154
4302,0.116581536108984
4303,0.0987938841639169
4304,0.095936738323867
4305,0.129874844355054
4306,0.117130603394509
4307,0.146634845412357
4308,0.118653704926889
4309,0.142563439009904
4310,0.135613405735228
4311,0.143892329111513
4312,0.104621456742376
4313,0.103199208274083
4314,0.112805154405221
4315,0.116193804049581
4316,0.115985071073356
4317,0.139062173286023
4318,0.117996870306753
4319,0.117036958302156
4320,0.122442682724575
4321,0.129165304201638
4322,0.120670667325119
4323,0.12498821461428
4324,0.0781975169940279
4325,0.0839039793938203
4326,0.131564279902326
4327,0.141601455373897
4328,0.133185780109666
4329,0.105990746986519
4330,0.128597676737265
4331,0.137380081639301
4332,0.098395406086613
4333,0.0972323727570971
4334,0.11640407825346
4335,0.117338381236903
4336,0.110901371662896
4337,0.11300329172787
4338,0.111168465555118
4339,0.112301989189459
4340,0.111566488743431
4341,0.113745150451939
4342,0.105481205407889
4343,0.135673356336781
4344,0.121345453206567
4345,0.117099858261554
4346,0.141532048987444
4347,0.121594661107924
4348,0.12593880076168
4349,0.120917400685016
4350,0.150177909470802
4351,0.112576276587385
4352,0.112325688595436
4353,0.126493826201109
4354,0.117015055893768
4355,0.127775244843897
4356,0.109920985777291
4357,0.104830840479211
4358,0.0780050434896541
4359,0.108872843341741
4360,0.109979878434272
4361,0.115203687725355
4362,0.117506469799179
4363,0.110513819293323
4364,0.103769179301554
4365,0.116015473686125
4366,0.124084203135395
4367,0.104402223969708
4368,0.112060897848428
4369,0.101553560206102
4370,0.106120837116139
4371,0.11080844368424
4372,0.130312374167849
4373,0.128325538233568
4374,0.105402776077506
4375,0.113450767646793
4376,0.117287390394878
4377,0.111688126427807
4378,0.143287567846004
4379,0.122500615119349
4380,0.113430079250585
4381,0.108402189974621
4382,0.121957241399057
4383,0.0950544739690917
4384,0.125408551847272
4385,0.117445640607258
4386,0.142153737532985
4387,0.0930609723113383
4388,0.139433349402421
4389,0.11280619696476
4390,0.108816550389033
4391,0.097973874661678
4392,0.128976026778998
4393,0.120415128183326
4394,0.0898280790353731
4395,0.10245069028122
4396,0.127540555248833
4397,0.115533333481338
4398,0.133797416191328
4399,0.12644137123644
4400,0.106152177110159
4401,0.113559390023893
4402,0.0881224624405059
4403,0.115466808155927
4404,0.112713698382918
4405,0.141530590608078
4406,0.131581608829106
4407,0.105106134862685
4408,0.14463794817161
4409,0.0926582375623919
4410,0.136045452234661
4411,0.106146314240892
4412,0.115865502226144
4413,0.131569393513418
4414,0.129275226926875
4415,0.11353505718599
4416,0.113861360605665
4417,0.119677910501058
4418,0.112887424368674
4419,0.122094635291616
4420,0.114524375455456
4421,0.109573429400553
4422,0.100999156838717
4423,0.1225080038232
4424,0.111257179199097
4425,0.113761555130198
4426,0.109807898372628
4427,0.14628540376159
4428,0.118786744019882
4429,0.0952337948685529
4430,0.0889707847130759
4431,0.130638217411938
4432,0.121476587209695
4433,0.105730269983544
4434,0.0921930748965432
4435,0.101432220352989
4436,0.110808375177699
4437,0.11784837543635
4438,0.127589470015472
4439,0.141364312510309
4440,0.131088619033219
4441,0.134272036862484
4442,0.134861895025445
4443,0.125740141604295
4444,0.107177894840373
4445,0.14564477518707
4446,0.0870118609384065
4447,0.120545020443794
4448,0.133116897177395
4449,0.114914763159816
4450,0.103209998159423
4451,0.114015463636618
4452,0.122238286269818
4453,0.123704261822872
4454,0.12664628839841
4455,0.114538560716668
4456,0.130157138094099
4457,0.122252143887523
4458,0.118074858746891
4459,0.115227763661253
4460,0.12935522796838
4461,0.127288263473903
4462,0.111465089406567
4463,0.107164810310545
4464,0.112569914499203
4465,0.0997502169401984
4466,0.12708702436382
4467,0.116987508822856
4468,0.0996796458635675
4469,0.117313805987112
4470,0.115890516790463
4471,0.107858206538627
4472,0.0866712043868716
4473,0.10866377527874
4474,0.0930759203495517
4475,0.108281797703508
4476,0.103477898587877
4477,0.127928851532446
4478,0.115915198122645
4479,0.122625184838724
4480,0.103487055954041
4481,0.150846975359042
4482,0.126102500469858
4483,0.116184705812708
4484,0.118333871355016
4485,0.110656002311368
4486,0.0998410530012885
4487,0.12356878416567
4488,0.108983477223804
4489,0.101982634666861
4490,0.116374740148254
4491,0.126071745579213
4492,0.105832856670647
4493,0.112778428280116
4494,0.133862570733087
4495,0.0990104995477463
4496,0.110767129607721
4497,0.107727913114054
4498,0.0888691294845665
4499,0.0950273859001937
4500,0.12138706872154
4501,0.136643371610183
4502,0.104015283392806
4503,0.131926966461511
4504,0.138850122169789
4505,0.126116257839754
4506,0.121535267457131
4507,0.111472001319016
4508,0.130266521968728
4509,0.131612364953055
4510,0.105020997596159
4511,0.109144663019635
4512,0.137045650799958
4513,0.111286827353505
4514,0.100472040048023
4515,0.13565482702788
4516,0.126252558501627
4517,0.116987701040443
4518,0.132142629423201
4519,0.146437662245361
4520,0.12521311445669
4521,0.118805860423337
4522,0.11398702367208
4523,0.113642768976177
4524,0.120776694896395
4525,0.117454234470945
4526,0.136954631748146
4527,0.122780576865401
4528,0.128260071944817
4529,0.118779686090876
4530,0.121079073381715
4531,0.126089530174356
4532,0.1357908349804
4533,0.106831761233283
4534,0.121756967026932
4535,0.0988580341435699
4536,0.112909712046661
4537,0.101007636705256
4538,0.129384187000232
4539,0.115379370074287
4540,0.115845515704715
4541,0.125594761412951
4542,0.119484830237352
4543,0.0978283520580492
4544,0.103864055811427
4545,0.118062001699941
4546,0.122142457236914
4547,0.0933194585548484
4548,0.131688917579307
4549,0.10661438715894
4550,0.131953077233055
4551,0.120740926987901
4552,0.127398502103198
4553,0.119746109956703
4554,0.12129618156664
4555,0.109969229739893
4556,0.0992054359160196
4557,0.114576905763294
4558,0.107963190362274
4559,0.110228632312167
4560,0.104341573280519
4561,0.133469323811495
4562,0.117427995172122
4563,0.0886625007396004
4564,0.122935565837946
4565,0.108994886313782
4566,0.129044204074465
4567,0.106249068564306
4568,0.09375585975214
4569,0.125403649737825
4570,0.11726749372222
4571,0.104094687970719
4572,0.115576226515049
4573,0.112114088920602
4574,0.128735869612979
4575,0.110056499850571
4576,0.0958943437059673
4577,0.103270067029744
4578,0.110007377948869
4579,0.109369811902393
4580,0.120670733806315
4581,0.108455357306275
4582,0.0938143731626041
4583,0.0997995714263132
4584,0.105462527241565
4585,0.104989475918575
4586,0.137411663237733
4587,0.145456762750825
4588,0.122487293214897
4589,0.0949009176074234
4590,0.122191863025054
4591,0.116447922967625
4592,0.133040704591773
4593,0.141529994961777
4594,0.112373118280584
4595,0.146948440584843
4596,0.114425102504819
4597,0.123523974826496
4598,0.14189320339766
4599,0.114801594523116
4600,0.106754736903241
4601,0.130804181933505
4602,0.124710200706896
4603,0.138081135435098
4604,0.106397245426846
4605,0.110906245765885
4606,0.123017828827087
4607,0.119989963597888
4608,0.105396787882134
4609,0.0937691318593518
4610,0.116610035414062
4611,0.103701658539443
4612,0.111460597777061
4613,0.109857858305109
4614,0.119376274888661
4615,0.118446130939344
4616,0.115273067821609
4617,0.117390599667342
4618,0.114534952795424
4619,0.112305451647186
4620,0.134925702247877
4621,0.112685052849597
4622,0.106364433864198
4623,0.11991506765351
4624,0.0980319461979525
4625,0.117440329077957
4626,0.0965121606269983
4627,0.112144799143815
4628,0.106518842884521
4629,0.0875589835017593
4630,0.127639044689915
4631,0.136659499178281
4632,0.126381468402653
4633,0.121690583429772
4634,0.114017598710204
4635,0.103682351936544
4636,0.121523180282445
4637,0.10830290711786
4638,0.116851182489385
4639,0.120648008223368
4640,0.119980311767269
4641,0.10798230448596
4642,0.122011718721381
4643,0.113412835134912
4644,0.117276759233216
4645,0.122919764303565
4646,0.118746296604793
4647,0.103190580101965
4648,0.140624324555438
4649,0.101011985606595
4650,0.122415372139569
4651,0.120786071585499
4652,0.12324560763257
4653,0.124491318141521
4654,0.123332908615111
4655,0.124433067905999
4656,0.126982074704787
4657,0.0912851728193214
4658,0.0805304580588024
4659,0.110713458494019
4660,0.124497365052192
4661,0.139665887817719
4662,0.11713027272234
4663,0.124739158068454
4664,0.0893678835259265
4665,0.103464150437525
4666,0.124379611125705
4667,0.133149632858015
4668,0.131290999655245
4669,0.119446092677237
4670,0.110800292848775
4671,0.107731408316462
4672,0.109088579492515
4673,0.102060537649132
4674,0.107751763427828
4675,0.110256842593119
4676,0.134726998628682
4677,0.100496999961523
4678,0.112329545961336
4679,0.142679199538144
4680,0.117431392244713
4681,0.106628554228896
4682,0.104953718056093
4683,0.127969676079245
4684,0.119897690505864
4685,0.127024070277383
4686,0.122520081720907
4687,0.116405596955717
4688,0.104011017090008
4689,0.118617870395538
4690,0.133245763593822
4691,0.118389132794055
4692,0.111129769254472
4693,0.107148781964884
4694,0.0812126108054674
4695,0.118835089500729
4696,0.130455512804662
4697,0.122146099832025
4698,0.111235389180287
4699,0.105354506253138
4700,0.109296628403149
4701,0.108965752677215
4702,0.114518884624874
4703,0.126091291126744
4704,0.116049402488243
4705,0.114866394871354
4706,0.118753452907706
4707,0.135299671258592
4708,0.121290691692481
4709,0.130661847579788
4710,0.123524143431443
4711,0.12814180129181
4712,0.117369975547332
4713,0.12069291933923
4714,0.140197988640065
4715,0.139411537353673
4716,0.123625644154086
4717,0.124858879637004
4718,0.105807374838506
4719,0.122926815332725
4720,0.139680152630387
4721,0.130807228693113
4722,0.127714821501773
4723,0.129175119131261
4724,0.103443228436117
4725,0.126531798725627
4726,0.101344777677348
4727,0.120494047491782
4728,0.112493033912146
4729,0.123024180021559
4730,0.122736572650695
4731,0.128940168591298
4732,0.0972783859853696
4733,0.111022988711702
4734,0.117044291820992
4735,0.0995939061201888
4736,0.11908899950969
4737,0.0954569148534304
4738,0.105986544634441
4739,0.104497922823994
4740,0.123365101016617
4741,0.105474740346664
4742,0.120074775314185
4743,0.115565462811466
4744,0.133890023212582
4745,0.106591793477479
4746,0.116927272642201
4747,0.12045686888025
4748,0.104427216454907
4749,0.1135429498884
4750,0.165402656144456
4751,0.114940635233052
4752,0.0952486193108696
4753,0.0951246887116222
4754,0.131978444332777
4755,0.10180778549578
4756,0.0943727485908561
4757,0.115876365877373
4758,0.123132545369481
4759,0.109296476182
4760,0.121024025265777
4761,0.121107098178154
4762,0.136433540922292
4763,0.113522838062479
4764,0.12527537316139
4765,0.102453189926202
4766,0.123764379107056
4767,0.133643248223624
4768,0.0845743824593235
4769,0.121039745264124
4770,0.0985028045167992
4771,0.109988026924618
4772,0.104850158431156
4773,0.0982075530647362
4774,0.116732064727728
4775,0.115157712747522
4776,0.103493433698638
4777,0.109618087781217
4778,0.12865599226252
4779,0.104141734951685
4780,0.141594578692017
4781,0.119600064841891
4782,0.109844731108026
4783,0.129409322587674
4784,0.10599029777088
4785,0.105682055806174
4786,0.101180071804484
4787,0.130075587345663
4788,0.120218447857643
4789,0.123968844663556
4790,0.119870974203104
4791,0.132329131120209
4792,0.147671592240194
4793,0.122761729222397
4794,0.121539402895097
4795,0.107435993569638
4796,0.111888407360089
4797,0.129292698784143
4798,0.110023732369883
4799,0.0970466215956148
4800,0.130378720000546
4801,0.1200134716109
4802,0.124928478906789
4803,0.134872079487206
4804,0.120578369245451
4805,0.136946305664007
4806,0.121042044409963
4807,0.104205120092973
4808,0.122931858200485
4809,0.125455762317786
4810,0.119543490941426
4811,0.126703184293787
4812,0.114243621834279
4813,0.114870855369984
4814,0.100419325849475
4815,0.106401152877091
4816,0.129906210116584
4817,0.125577158971527
4818,0.103987349485423
4819,0.110681589695968
4820,0.115087998843689
4821,0.134502785991633
4822,0.108863662247214
4823,0.116914898275621
4824,0.0900509249111168
4825,0.108236095832073
4826,0.107314947200123
4827,0.1111512484517
4828,0.100132446137592
4829,0.111235615484036
4830,0.115366012239649
4831,0.153206586628317
4832,0.135025536214957
4833,0.121256380729605
4834,0.122459809414868
4835,0.151186497924351
4836,0.120921663533348
4837,0.106559595665496
4838,0.106377393937926
4839,0.1011174979157
4840,0.132860284977643
4841,0.128019851625167
4842,0.105484698643659
4843,0.136533466429166
4844,0.138472913399238
4845,0.116897136742406
4846,0.117914031199313
4847,0.12145455961063
4848,0.116919047235136
4849,0.113953247620609
4850,0.095477933810246
4851,0.0964733662732078
4852,0.118471543161657
4853,0.11757286723515
4854,0.11804839488468
4855,0.105133941826996
4856,0.0934989004205051
4857,0.159102479321606
4858,0.0975148282005085
4859,0.113931475154405
4860,0.148851574078004
4861,0.0933711743116033
4862,0.121497481693056
4863,0.127642641218787
4864,0.129326480501132
4865,0.113397721498936
4866,0.120540314693773
4867,0.148872845261101
4868,0.11828634299114
4869,0.123746936092559
4870,0.140313778079937
4871,0.107616359399677
4872,0.111405684781588
4873,0.12454192363865
4874,0.119724492576498
4875,0.126960170219915
4876,0.128244631959875
4877,0.126045482416099
4878,0.125233674197841
4879,0.097886670627092
4880,0.133874649900224
4881,0.124222813756988
4882,0.117004554917934
4883,0.101191174273094
4884,0.139632137234395
4885,0.130234047966059
4886,0.101871819009721
4887,0.0963465893973047
4888,0.11358557078556
4889,0.113621234284911
4890,0.11557376845927
4891,0.138034132386885
4892,0.101373909291271
4893,0.104483083010692
4894,0.13584471303089
4895,0.154459275950083
4896,0.11167587311492
4897,0.1203541638035
4898,0.12699358936119
4899,0.132842341371936
4900,0.108949457976659
4901,0.111363059222366
4902,0.116562736310603
4903,0.118700342540765
4904,0.138195908979546
4905,0.111969152007168
4906,0.138266084726436
4907,0.132680108813924
4908,0.127413434041563
4909,0.109933722882624
4910,0.107030914464006
4911,0.131319950670907
4912,0.140801366772283
4913,0.0934306413440471
4914,0.110138717889765
4915,0.10456648924824
4916,0.119680005134654
4917,0.124475800197537
4918,0.127232957844254
4919,0.115576956062903
4920,0.133075275856994
4921,0.116095115365414
4922,0.0971386406849814
4923,0.110585151986326
4924,0.127226164378555
4925,0.126541530942634
4926,0.112803079204793
4927,0.0794367442962204
4928,0.104147007011985
4929,0.120160676086097
4930,0.122590985134788
4931,0.147876436674657
4932,0.114391072032786
4933,0.116326217070755
4934,0.106682621773875
4935,0.102668603746562
4936,0.11738262185254
4937,0.129434624758816
4938,0.114567077199818
4939,0.11962034474544
4940,0.102325530964346
4941,0.127693977769329
4942,0.126345428810555
4943,0.148395760338704
4944,0.108403586281336
4945,0.118137294238245
4946,0.122133633080965
4947,0.115081450512427
4948,0.109368537056887
4949,0.129741831444785
4950,0.136841412620225
4951,0.111717360101522
4952,0.114714947630723
4953,0.112563341178645
4954,0.128178213829228
4955,0.13714505401074
4956,0.093495820840409
4957,0.157519854959599
4958,0.140039311694519
4959,0.119792309043008
4960,0.127588071149354
4961,0.108151872355355
4962,0.124717539808903
4963,0.110625657566396
4964,0.153741357309907
4965,0.142899964586263
4966,0.106760033932834
4967,0.104246955859595
4968,0.135346023704414
4969,0.118948670845286
4970,0.118188573118986
4971,0.104863756559827
4972,0.11303655264508
4973,0.12771527520737
4974,0.124238279761708
4975,0.118974963338191
4976,0.146687266177054
4977,0.125860000054915
4978,0.111712033843326
4979,0.119454411349284
4980,0.113159552619256
4981,0.114355576791367
4982,0.110014761615054
4983,0.10760359852401
4984,0.106770104746114
4985,0.11394895121439
4986,0.0992439980483908
4987,0.130153782307205
4988,0.126717403012281
4989,0.0994395183078682
4990,0.090816119564084
4991,0.151391169473532
4992,0.102576708786102
4993,0.140051101925673
4994,0.112007002733604
4995,0.102836886044773
4996,0.086855362153295
4997,0.0943142078977843
4998,0.133593539576966
4999,0.105021495843759
5000,0.116065805491174
5001,0.0890985414352978
5002,0.109400982158626
5003,0.109852144990566
5004,0.114508797564303
5005,0.111946622117596
5006,0.13250704412969
5007,0.128785550951456
5008,0.127911969044313
5009,0.103403866255706
5010,0.107058018224093
5011,0.138282845939715
5012,0.150194096965478
5013,0.110070557296884
5014,0.111601617394735
5015,0.10648616475339
5016,0.115851623480119
5017,0.107328564328566
5018,0.0962565762796585
5019,0.133180832909221
5020,0.102721985006615
5021,0.109488835727804
5022,0.108859327271656
5023,0.14821306627051
5024,0.115898639048888
5025,0.108164196547486
5026,0.0952306225464041
5027,0.13460920797494
5028,0.122155861704237
5029,0.0987707287768658
5030,0.0987689492769547
5031,0.102146678702971
5032,0.102315483359663
5033,0.0996703508371621
5034,0.122913182461132
5035,0.117460823504288
5036,0.131764678575636
5037,0.111760608953676
5038,0.137049855933356
5039,0.114938600425277
5040,0.142137263572263
5041,0.111877497369287
5042,0.121987729271508
5043,0.0904339695997618
5044,0.152640187909107
5045,0.112035681745201
5046,0.0995174988628888
5047,0.132078120657547
5048,0.109330022308646
5049,0.106018512509916
5050,0.105070512199775
5051,0.100500985439366
5052,0.110687415186907
5053,0.118300153850544
5054,0.126027992209939
5055,0.105219823069296
5056,0.136381633894704
5057,0.114685544119368
5058,0.140635829926515
5059,0.100511330556902
5060,0.12295378236428
5061,0.126605304060238
5062,0.127452775827622
5063,0.101781593650356
5064,0.106214341912348
5065,0.123538866670692
5066,0.115617856077203
5067,0.137358515287
5068,0.113413681143236
5069,0.117992450156808
5070,0.122183156093258
5071,0.0995765504776224
5072,0.134770678389938
5073,0.108264253625221
5074,0.0985168192042633
5075,0.113959777422702
5076,0.12973535122028
5077,0.100619959850255
5078,0.136586601013259
5079,0.127250860062021
5080,0.118221879980049
5081,0.136833280554826
5082,0.131742212128136
5083,0.0990166581812638
5084,0.118310002791133
5085,0.116078895347972
5086,0.126759411491702
5087,0.126732602476718
5088,0.119513632727233
5089,0.120563463741222
5090,0.128279399967078
5091,0.100804703676144
5092,0.130594360186153
5093,0.114298182248129
5094,0.0872126847268716
5095,0.113568986148152
5096,0.103270024024312
5097,0.0986491357992633
5098,0.122560473899298
5099,0.105513440464411
5100,0.121410887320835
5101,0.104480634192968
5102,0.121404643586875
5103,0.107966394175814
5104,0.103942098084747
5105,0.124559336877836
5106,0.089463029614036
5107,0.131930329408994
5108,0.134660627849752
5109,0.114822057895225
5110,0.112643176532922
5111,0.129689179178822
5112,0.100294477835219
5113,0.110184841452309
5114,0.121514695316699
5115,0.115057316612636
5116,0.132763939162062
5117,0.107650401530736
5118,0.112397876229476
5119,0.147965452046383
5120,0.0936565804359373
5121,0.129746258475586
5122,0.127849053816512
5123,0.0977217669743887
5124,0.120073035217978
5125,0.118211327060564
5126,0.129424253301816
5127,0.123599975226354
5128,0.125530051777605
5129,0.0876193638419008
5130,0.124018328334678
5131,0.12166779412381
5132,0.101450144857888
5133,0.147568494201979
5134,0.107695298865026
5135,0.106412735602623
5136,0.115358806048382
5137,0.124806330165161
5138,0.127062710656
5139,0.114825292922388
5140,0.110923485346745
5141,0.127888993538257
5142,0.123034250210684
5143,0.120101851855905
5144,0.116806313835167
5145,0.112026956213492
5146,0.111503622757655
5147,0.111270042597606
5148,0.0986634479720763
5149,0.122244423268988
5150,0.127937469321785
5151,0.112840531383039
5152,0.160200741319913
5153,0.12069362633308
5154,0.137058451757037
5155,0.113266140899103
5156,0.11809313832316
5157,0.131248168520846
5158,0.127990562054578
5159,0.122852512863061
5160,0.103982410291138
5161,0.120172955050684
5162,0.126517379256401
5163,0.14161966454693
5164,0.0907573295904463
5165,0.132456127041764
5166,0.109334429338393
5167,0.132803362921275
5168,0.0979942705650476
5169,0.134768455670813
5170,0.1420650131282
5171,0.107048851609205
5172,0.114546581982693
5173,0.109573678294827
5174,0.124826776917323
5175,0.108168839465511
5176,0.117749613904004
5177,0.11845482144078
5178,0.122195491985389
5179,0.134539823304317
5180,0.103875042951653
5181,0.12512178420083
5182,0.139756093384804
5183,0.117878902164585
5184,0.122506764156558
5185,0.109922344026105
5186,0.124993944033658
5187,0.130005904234411
5188,0.131604992110093
5189,0.125638769262103
5190,0.117787242817552
5191,0.104023848277352
5192,0.110110951556208
5193,0.114006126131058
5194,0.123771224824885
5195,0.132470978354147
5196,0.105388139723304
5197,0.0997685110484565
5198,0.102121971957643
5199,0.114108939206823
5200,0.11477670692622
5201,0.126607209288005
5202,0.141619242055345
5203,0.115415145424798
5204,0.110455742430044
5205,0.10976812476529
5206,0.107165148961343
5207,0.124552707676061
5208,0.12512675768938
5209,0.12327015706037
5210,0.104803294345141
5211,0.123853724491885
5212,0.124067443409652
5213,0.117015257075756
5214,0.100486119904533
5215,0.121362584873374
5216,0.112303673416934
5217,0.0995302864424379
5218,0.0958256165872821
5219,0.107523294498656
5220,0.108961554906833
5221,0.115744456509784
5222,0.098612521103412
5223,0.130160910170153
5224,0.129150977857489
5225,0.111527246561574
5226,0.122883226174907
5227,0.120822475962927
5228,0.109312601834455
5229,0.110491658567595
5230,0.126962273760456
5231,0.119494011174902
5232,0.0908470275597922
5233,0.113528737441124
5234,0.107929254972657
5235,0.125105224092606
5236,0.0844913420895708
5237,0.117403313519548
5238,0.128086077361169
5239,0.085687048939144
5240,0.101914991814465
5241,0.1228462422144
5242,0.110099587541397
5243,0.108601587200096
5244,0.113836460049826
5245,0.104959275685733
5246,0.11672976341582
5247,0.121150812326145
5248,0.111694695141666
5249,0.089636408251596
5250,0.121760269138638
5251,0.136565355292235
5252,0.148346170847481
5253,0.143779825589396
5254,0.09789886448954
5255,0.134833006730314
5256,0.104988119590746
5257,0.126289337978718
5258,0.121482318150876
5259,0.136991920815836
5260,0.128699652501453
5261,0.0828992644313058
5262,0.106016664462636
5263,0.126689579207633
5264,0.129962380247163
5265,0.118480998410577
5266,0.122743410913448
5267,0.137422497148262
5268,0.107973996887484
5269,0.121031182448119
5270,0.116658421667093
5271,0.13022537217858
5272,0.0929430794540372
5273,0.111250898800597
5274,0.119352681640682
5275,0.126316803169752
5276,0.113487676651672
5277,0.0972164163075791
5278,0.118402066469095
5279,0.106509468909532
5280,0.137772637734986
5281,0.141000670679906
5282,0.124973037230726
5283,0.125855826803429
5284,0.103935716266199
5285,0.126998507480502
5286,0.132268408157344
5287,0.0733990575696405
5288,0.113818922807347
5289,0.135277988552158
5290,0.118068715329998
5291,0.100206845209098
5292,0.106030983128881
5293,0.128653407369321
5294,0.106641526043671
5295,0.113928659079733
5296,0.124375355309671
5297,0.108949481185417
5298,0.113836426808077
5299,0.126009465593892
5300,0.10549122155896
5301,0.120538570225934
5302,0.0932588374873264
5303,0.112329709136314
5304,0.122193256446545
5305,0.132572421614337
5306,0.122608190927356
5307,0.118864657710934
5308,0.112410994612216
5309,0.109525319425299
5310,0.11058614424545
5311,0.119684582128371
5312,0.103958224833346
5313,0.127932562669478
5314,0.127575434098069
5315,0.130320469698119
5316,0.139719196912181
5317,0.123864542674392
5318,0.120088951323345
5319,0.103673316076712
5320,0.144456271636612
5321,0.1219263890162
5322,0.145186858021555
5323,0.124973168545699
5324,0.120922013029614
5325,0.126814803942845
5326,0.119863225118903
5327,0.121273560157479
5328,0.118682085030274
5329,0.130487559407632
5330,0.122196289252635
5331,0.131080572498056
5332,0.114380314496902
5333,0.105443882370976
5334,0.116803137050685
5335,0.137340549722041
5336,0.13528963417552
5337,0.129994115982726
5338,0.102028269384364
5339,0.11950374081057
5340,0.114621159892118
5341,0.124949548957256
5342,0.115749798139678
5343,0.13997702736088
5344,0.10522233624071
5345,0.117765891303814
5346,0.100268927966375
5347,0.127130787454252
5348,0.136744737347104
5349,0.113192677596668
5350,0.0937831333078699
5351,0.118193781025065
5352,0.100515944384164
5353,0.0989486708428414
5354,0.109675867017282
5355,0.122612540240789
5356,0.100910926793984
5357,0.125789836113627
5358,0.118674570867104
5359,0.103377250399418
5360,0.110903926367794
5361,0.118175277972207
5362,0.131195822885026
5363,0.0828908848384744
5364,0.127194622607775
5365,0.1111745786649
5366,0.103927742969193
5367,0.134139468484224
5368,0.122786989049271
5369,0.132132139157961
5370,0.100822506908638
5371,0.0941693167100686
5372,0.110383310079405
5373,0.109288436469794
5374,0.121102051252878
5375,0.105135330183107
5376,0.116155009729868
5377,0.133553814757459
5378,0.104988735527046
5379,0.138939468808663
5380,0.124229556731844
5381,0.123085591661885
5382,0.105331867316994
5383,0.11729117180651
5384,0.115419173374713
5385,0.110855923628036
5386,0.126074311515316
5387,0.123772293232217
5388,0.117214811214754
5389,0.0940628780685947
5390,0.108214446343453
5391,0.110142396839052
5392,0.116472081276881
5393,0.136785850341376
5394,0.111104591900869
5395,0.136741264570315
5396,0.1298821914029
5397,0.10380311216015
5398,0.116899134141309
5399,0.12665278262969
5400,0.113613824310753
5401,0.126039633575316
5402,0.138692983537987
5403,0.111269609898161
5404,0.128450093550272
5405,0.117571500201617
5406,0.153261281754737
5407,0.133921404303311
5408,0.131035261195886
5409,0.111759713233633
5410,0.120667182477285
5411,0.0969479574690957
5412,0.120571810945189
5413,0.0939535474817666
5414,0.149013106941141
5415,0.109884673149687
5416,0.127337509741617
5417,0.10243429727037
5418,0.107960760185235
5419,0.116756138660645
5420,0.129288241698967
5421,0.123651903726332
5422,0.116741479612251
5423,0.115008523232884
5424,0.117993942261905
5425,0.147052963859699
5426,0.106333793054004
5427,0.128073580749678
5428,0.109440586304332
5429,0.126040392049063
5430,0.0973294425344255
5431,0.111808398735561
5432,0.129841147247553
5433,0.131764932776099
5434,0.115544239638366
5435,0.104473931563004
5436,0.115813442895338
5437,0.0979226349248088
5438,0.119149966644655
5439,0.0939167754546686
5440,0.110710627178131
5441,0.126725233810542
5442,0.129387099835171
5443,0.096679662603089
5444,0.13996836751878
5445,0.114554033243783
5446,0.109704604413035
5447,0.101349254719096
5448,0.113162314543262
5449,0.135463499616116
5450,0.127654871089813
5451,0.121048409213498
5452,0.142638682863755
5453,0.0906120146132221
5454,0.108498432058202
5455,0.115315396932308
5456,0.112409973385031
5457,0.0975322822267293
5458,0.113644782987337
5459,0.0989064778659008
5460,0.111882506442286
5461,0.11023002878777
5462,0.101598977597696
5463,0.109545132266963
5464,0.130181238611618
5465,0.128673541672269
5466,0.115068483138231
5467,0.124692069969545
5468,0.0649875688330634
5469,0.109841152594452
5470,0.12300523097349
5471,0.119692649969085
5472,0.112803588723459
5473,0.113594404499868
5474,0.112651201464153
5475,0.124828326395963
5476,0.110614903136385
5477,0.115875843427303
5478,0.10842898015943
5479,0.13398766614265
5480,0.109278747176103
5481,0.103305610654567
5482,0.121380109513769
5483,0.106417270617445
5484,0.114455977779031
5485,0.0946317704918027
5486,0.146932373098907
5487,0.0930641536862656
5488,0.152706744397064
5489,0.126385055073736
5490,0.129127516146324
5491,0.0926828638398494
5492,0.132101075923589
5493,0.136635381182175
5494,0.108098668845905
5495,0.11536002823291
5496,0.102172546128813
5497,0.125290385328736
5498,0.137691239169696
5499,0.0964176894349474
5500,0.11693212114284
5501,0.103817240209226
5502,0.106825976556988
5503,0.126932529562293
5504,0.132326332232291
5505,0.0936804228539659
5506,0.0970834231574482
5507,0.0969459930838471
5508,0.0968730343457858
5509,0.111532691117018
5510,0.104500671184287
5511,0.122890011687189
5512,0.120053719567698
5513,0.133482516446123
5514,0.113405417579581
5515,0.129588402461099
5516,0.150124354757042
5517,0.111361924636934
5518,0.103623561813831
5519,0.0851080696601105
5520,0.124386458833477
5521,0.123174124988561
5522,0.125399981892658
5523,0.105515527327485
5524,0.122851532632455
5525,0.133399894783826
5526,0.0917122542139512
5527,0.118599673035385
5528,0.110486427765904
5529,0.10193016803667
5530,0.104395293680163
5531,0.107974493698855
5532,0.138357239518824
5533,0.124575784571212
5534,0.109981596447333
5535,0.118563921034927
5536,0.136135597215713
5537,0.0915619281347896
5538,0.0980912877388043
5539,0.124488899590622
5540,0.126245561073444
5541,0.129429516773738
5542,0.104354787778448
5543,0.122106880817602
5544,0.116190724990603
5545,0.106420008731798
5546,0.16814172302198
5547,0.089903435998966
5548,0.114123406617956
5549,0.125794939112986
5550,0.125317445114413
5551,0.112387277137018
5552,0.0914083747858473
5553,0.137856877830731
5554,0.111987657306847
5555,0.0979879525525419
5556,0.122892825343169
5557,0.120863429791682
5558,0.107408418692014
5559,0.123343462021509
5560,0.121047254278395
5561,0.110272244239706
5562,0.121530559802092
5563,0.0907178984473522
5564,0.103707493774793
5565,0.127841370007741
5566,0.1327800888335
5567,0.14097529726814
5568,0.100081903477525
5569,0.0932248783747799
5570,0.0934919376035485
5571,0.114647249826561
5572,0.134233957642769
5573,0.109260071230377
5574,0.117621303974024
5575,0.128051364129547
5576,0.102274932166258
5577,0.117934957089682
5578,0.109424846584627
5579,0.101248040834927
5580,0.0950698472223372
5581,0.119279134058827
5582,0.102143636809361
5583,0.11264268056815
5584,0.137372170905607
5585,0.123162439384038
5586,0.120950554768055
5587,0.104446953949674
5588,0.131996898612087
5589,0.117908131687563
5590,0.12324070886139
5591,0.0998937241600337
5592,0.110258377176124
5593,0.102804618248017
5594,0.11007428416459
5595,0.135322019199313
5596,0.12528636675513
5597,0.113286283902
5598,0.107012662534751
5599,0.127419849972663
5600,0.100481125142755
5601,0.142786930548598
5602,0.114279049269223
5603,0.09623154930151
5604,0.105438606265046
5605,0.0922737867262866
5606,0.107013500341432
5607,0.100284001662011
5608,0.093424338481889
5609,0.112543598842138
5610,0.0979087435962951
5611,0.112253574856256
5612,0.129030397767469
5613,0.118886202052208
5614,0.0963999598709736
5615,0.111036113831446
5616,0.10511083508653
5617,0.125340213472307
5618,0.129884329694198
5619,0.124250973083125
5620,0.119785096157463
5621,0.117470604238729
5622,0.114952170145315
5623,0.129849005017946
5624,0.120000337121914
5625,0.114671803175181
5626,0.104519859707965
5627,0.113645736113666
5628,0.135132654112393
5629,0.119427771289251
5630,0.119491899988071
5631,0.1348559606945
5632,0.111866962467583
5633,0.119498427463798
5634,0.101351903245323
5635,0.106966421387364
5636,0.147399742544037
5637,0.106590548146484
5638,0.104945302708742
5639,0.124954402583665
5640,0.127737492498809
5641,0.118755008393612
5642,0.117400291068229
5643,0.133835246804534
5644,0.129396988820741
5645,0.0934868936908493
5646,0.121175001826884
5647,0.119415980092018
5648,0.102905131169899
5649,0.146383790712648
5650,0.105365002871426
5651,0.121980343420929
5652,0.112678993541719
5653,0.120868390379819
5654,0.0985424990908327
5655,0.0897606946792974
5656,0.131082491758212
5657,0.120011117598597
5658,0.102424182139332
5659,0.117015519800917
5660,0.118634366755159
5661,0.121423590950497
5662,0.122578381916315
5663,0.115864070776081
5664,0.104869370143566
5665,0.0973556811242191
5666,0.10909956348981
5667,0.115463654203781
5668,0.103541142098526
5669,0.0961036949316696
5670,0.0969074633191181
5671,0.0910979939468052
5672,0.116423014644098
5673,0.114419515173976
5674,0.104754901582113
5675,0.112382692263266
5676,0.111143759471261
5677,0.138532443850288
5678,0.113211028831224
5679,0.12069858167833
5680,0.116035528671219
5681,0.101819893721759
5682,0.105996470585538
5683,0.13449619225108
5684,0.113888292350028
5685,0.11973698413301
5686,0.121215217616283
5687,0.0862884617799398
5688,0.133270023050573
5689,0.126855015417241
5690,0.102939433333053
5691,0.11606016021737
5692,0.142467973554171
5693,0.124392344127128
5694,0.105996602530838
5695,0.134791937806478
5696,0.0989887436646004
5697,0.095254768912663
5698,0.111021235207242
5699,0.129840370996521
5700,0.130309897161525
5701,0.11667954864412
5702,0.11046368683787
5703,0.108521182172851
5704,0.111641476189693
5705,0.132809974498177
5706,0.110846098200925
5707,0.112859734998343
5708,0.116915105747638
5709,0.119010989202699
5710,0.104359206611823
5711,0.128884001945634
5712,0.152870250582473
5713,0.11687577057388
5714,0.111711247720954
5715,0.111863215128065
5716,0.114538469783488
5717,0.124938521602621
5718,0.093763833943574
5719,0.111129162029863
5720,0.140384465783847
5721,0.0978416238440629
5722,0.123864968894776
5723,0.121045895247496
5724,0.12749631567425
5725,0.112632856903637
5726,0.12719387647589
5727,0.129047538257339
5728,0.141243671050041
5729,0.0950004224806281
5730,0.102798555825456
5731,0.101355055317797
5732,0.132265771504178
5733,0.140178338114064
5734,0.0878749279541337
5735,0.113204643675305
5736,0.134004312140491
5737,0.134410735177419
5738,0.132347337605355
5739,0.108403554923618
5740,0.0965868479273919
5741,0.106912159356101
5742,0.140506472361516
5743,0.112723826710601
5744,0.111779268509186
5745,0.135440809599204
5746,0.0960643117266914
5747,0.113859109015747
5748,0.128653146735616
5749,0.138399535069219
5750,0.111905576419783
5751,0.10967271418982
5752,0.135466877771705
5753,0.147729561407853
5754,0.131639013605789
5755,0.109044426271941
5756,0.109442002468927
5757,0.0977937793078129
5758,0.116877031511621
5759,0.142662995139
5760,0.11548231171736
5761,0.116903622972329
5762,0.108147218317164
5763,0.132875494996234
5764,0.116183440661189
5765,0.125096088770888
5766,0.112351929760016
5767,0.132909265861787
5768,0.106270961688011
5769,0.138627129645493
5770,0.114264327890947
5771,0.0840286247946029
5772,0.119104625141457
5773,0.12284812313686
5774,0.126560072403164
5775,0.11869846857891
5776,0.103001252732797
5777,0.157381024816998
5778,0.13784978929587
5779,0.128527274387707
5780,0.114316175781627
5781,0.0979079336450856
5782,0.135312122479424
5783,0.128332018166351
5784,0.140173302702749
5785,0.108454816675881
5786,0.14208448854577
5787,0.108030573812044
5788,0.110431123577584
5789,0.118858924019343
5790,0.114063149714667
5791,0.122000556027047
5792,0.124226471655554
5793,0.122686712196394
5794,0.104505003199104
5795,0.126947718218434
5796,0.116543619237248
5797,0.109313678094323
5798,0.13155373625932
5799,0.123099384318181
5800,0.107946766815872
5801,0.124940291494724
5802,0.10334696703848
5803,0.0848608479057699
5804,0.108121488385284
5805,0.117790355920601
5806,0.109329661984994
5807,0.10515839335969
5808,0.0991365691579825
5809,0.102507665407077
5810,0.12409119382631
5811,0.0979845547063052
5812,0.116127307314608
5813,0.12678332866001
5814,0.114230061948551
5815,0.10285209068457
5816,0.121045566056938
5817,0.130020040751093
5818,0.104979107124717
5819,0.125189189015142
5820,0.124621220566575
5821,0.125351306044262
5822,0.105007400647096
5823,0.103197319185343
5824,0.109421600867608
5825,0.128218452433885
5826,0.13384569312999
5827,0.117341430367031
5828,0.146096731082439
5829,0.12668378371251
5830,0.10601633284892
5831,0.109943065284314
5832,0.140873896069308
5833,0.143750214367807
5834,0.120326310666524
5835,0.144384208531861
5836,0.0929660160448085
5837,0.128466026553032
5838,0.122167578677412
5839,0.10493258058702
5840,0.118390479214666
5841,0.110711307201819
5842,0.105780916493709
5843,0.148140834843722
5844,0.133872969983544
5845,0.111689367051131
5846,0.127660460420398
5847,0.123242393606891
5848,0.120840878286413
5849,0.10607764505684
5850,0.117530313811154
5851,0.0864287975970611
5852,0.113386008328013
5853,0.108647563002232
5854,0.121094754944511
5855,0.130625679261681
5856,0.130738708448424
5857,0.111397391429762
5858,0.129659946042612
5859,0.1191688359025
5860,0.11892178106566
5861,0.11817149630453
5862,0.113333458769258
5863,0.0920499620414116
5864,0.100740384797125
5865,0.144800780190427
5866,0.129429196380191
5867,0.12153793884202
5868,0.143751552707587
5869,0.102340722376965
5870,0.116862638385073
5871,0.0962361937343311
5872,0.126975760890179
5873,0.133280576508419
5874,0.099378987113267
5875,0.123633870186204
5876,0.110950248430086
5877,0.118448219894733
5878,0.132965515606994
5879,0.114429482717804
5880,0.105832195767442
5881,0.129022588648752
5882,0.103510791250621
5883,0.120304865553088
5884,0.11236412805024
5885,0.114402078203155
5886,0.109314244520708
5887,0.124695130197209
5888,0.118295317098969
5889,0.132578115836346
5890,0.144487639696957
5891,0.114444162712317
5892,0.105284905988209
5893,0.110650726496561
5894,0.130434749764025
5895,0.10928385120881
5896,0.0830364724237822
5897,0.124034837746988
5898,0.112875092368995
5899,0.113643378073506
5900,0.108324359880175
5901,0.12188922762603
5902,0.130177397567747
5903,0.123568668189212
5904,0.126285931771166
5905,0.0946754427394844
5906,0.100322881335864
5907,0.122017705442357
5908,0.13018444739235
5909,0.110410320359181
5910,0.138937316580867
5911,0.139771842722792
5912,0.122620780478585
5913,0.108492343401242
5914,0.107905824481105
5915,0.0862053988292304
5916,0.118018962396366
5917,0.109802330343952
5918,0.124586298170741
5919,0.108563911064623
5920,0.133298814539996
5921,0.0978281042185295
5922,0.111082186611601
5923,0.133043777248637
5924,0.105801388328397
5925,0.119451871521205
5926,0.123146563875307
5927,0.118638988900099
5928,0.118683791354005
5929,0.140199359583453
5930,0.137214794211286
5931,0.108833098634534
5932,0.109489723717488
5933,0.1139540407752
5934,0.132021545415591
5935,0.119727732890504
5936,0.123269184910247
5937,0.125164693583609
5938,0.0957521863986101
5939,0.137059857882252
5940,0.117602797927214
5941,0.107117441639096
5942,0.125728598197783
5943,0.123565517017027
5944,0.121198606022768
5945,0.124431240068756
5946,0.124814891806671
5947,0.113740868028479
5948,0.0975597638923138
5949,0.132019155967972
5950,0.0897123210344855
5951,0.105121793934611
5952,0.11233693901954
5953,0.122140572010877
5954,0.131387678118432
5955,0.103709779217529
5956,0.105260151932934
5957,0.139731258630128
5958,0.140478393711608
5959,0.114542817910544
5960,0.107624514559183
5961,0.117323578539031
5962,0.106770360191396
5963,0.116195000305473
5964,0.116058568456864
5965,0.132036995063484
5966,0.130636685880218
5967,0.0939884353354334
5968,0.145662160023586
5969,0.147049009435254
5970,0.133675734955766
5971,0.105498236506679
5972,0.122033724834926
5973,0.129396610883745
5974,0.104023464631971
5975,0.119349895586991
5976,0.124062578315738
5977,0.12782854273723
5978,0.139828032556992
5979,0.130623558264502
5980,0.0988078904984036
5981,0.115582666771172
5982,0.135989354318688
5983,0.119618280470141
5984,0.132698178207928
5985,0.128795928221846
5986,0.101680587099051
5987,0.123896680030555
5988,0.138889777836406
5989,0.135700252251252
5990,0.119789352151095
5991,0.128276380231893
5992,0.127109969364303
5993,0.0967380806828445
5994,0.111097191191663
5995,0.12095724638564
5996,0.111679084457005
5997,0.132299287942278
5998,0.124095983260782
5999,0.146614351573576
6000,0.137351087102001
6001,0.129796741491394
6002,0.0993044878696805
6003,0.109319165810399
6004,0.117643331397699
6005,0.167703746153932
6006,0.112496031815927
6007,0.0902316362870551
6008,0.128042206614585
6009,0.127987028108142
6010,0.102969505695261
6011,0.100918129028062
6012,0.097159342063295
6013,0.142839959964823
6014,0.120176774551594
6015,0.112583397434106
6016,0.106765921946807
6017,0.124998957310798
6018,0.116025998933525
6019,0.146390672200838
6020,0.110990178512296
6021,0.136754612993325
6022,0.138994289382028
6023,0.129966055045723
6024,0.117864412953665
6025,0.126982216935629
6026,0.0981606424372656
6027,0.105432447882428
6028,0.148526552345146
6029,0.126349482213326
6030,0.0964305196760106
6031,0.137978178025728
6032,0.136940546534608
6033,0.11221663410829
6034,0.118138033326648
6035,0.113503522522401
6036,0.119070969451038
6037,0.0959658510891739
6038,0.102484911704127
6039,0.118841211541438
6040,0.131500988573944
6041,0.120102150639568
6042,0.123284046493604
6043,0.129501883181611
6044,0.105601179346121
6045,0.0968222345027632
6046,0.0951526467638548
6047,0.142695993558686
6048,0.147212757766185
6049,0.114644515177307
6050,0.12743660440814
6051,0.105947691751607
6052,0.142976341167831
6053,0.113035113360008
6054,0.10959002386808
6055,0.12290881391595
6056,0.145818165028173
6057,0.113420394666303
6058,0.113316735047392
6059,0.118060562879133
6060,0.122466013611891
6061,0.118368796322363
6062,0.106431257887002
6063,0.118285804192032
6064,0.13602552460806
6065,0.110083101805785
6066,0.118176855468755
6067,0.109193230242781
6068,0.115105196378853
6069,0.099694647905432
6070,0.107395458188578
6071,0.111041501757659
6072,0.112130248515678
6073,0.114975568234809
6074,0.141609352159352
6075,0.115851845014686
6076,0.0972539831824358
6077,0.0824618333631088
6078,0.100112831674127
6079,0.114542694409174
6080,0.116703121730045
6081,0.109283005858578
6082,0.124486300414669
6083,0.130954154337649
6084,0.133066443589501
6085,0.1000821120835
6086,0.139070321789897
6087,0.10264291494863
6088,0.119037880243214
6089,0.126063389908251
6090,0.106221722063683
6091,0.112902060607373
6092,0.131502955887703
6093,0.101699788879998
6094,0.113276786394973
6095,0.108910113767592
6096,0.133024077096665
6097,0.123038616674062
6098,0.128534368564392
6099,0.13094089810531
6100,0.13325053258249
6101,0.116582911849482
6102,0.0943236284057557
6103,0.122649509554832
6104,0.0976094181405733
6105,0.129191892822622
6106,0.135838925516502
6107,0.141429042976439
6108,0.10198546361345
6109,0.121605890730514
6110,0.135385925464937
6111,0.126323751604222
6112,0.128833902612619
6113,0.112022014875751
6114,0.136988008867159
6115,0.113659420854577
6116,0.113885888874749
6117,0.114708827272118
6118,0.100785819829012
6119,0.118098587364166
6120,0.120017494531848
6121,0.104556042029035
6122,0.139744852452896
6123,0.126715978583946
6124,0.0981516878566125
6125,0.132420974615484
6126,0.117986220196289
6127,0.101978800000711
6128,0.114456161433399
6129,0.121821396525564
6130,0.116686502375263
6131,0.128054472386453
6132,0.108593017200815
6133,0.130306641429987
6134,0.132548783966967
6135,0.0961459988077593
6136,0.122934670836664
6137,0.112484091669774
6138,0.0991169505578163
6139,0.114660024573099
6140,0.11868987471534
6141,0.110397909688622
6142,0.137997131288643
6143,0.120709133284694
6144,0.0984340239997382
6145,0.106866177882207
6146,0.132252536281881
6147,0.132376177990736
6148,0.107967273563545
6149,0.133593921022195
6150,0.111715525978972
6151,0.104789068926086
6152,0.110330238145613
6153,0.106300566778299
6154,0.113681728335166
6155,0.12246609263042
6156,0.123169409604349
6157,0.127921876592185
6158,0.115546416248553
6159,0.128999676100898
6160,0.115685443900609
6161,0.124982968401503
6162,0.115986508120893
6163,0.125169520784705
6164,0.112217865733534
6165,0.116156970148775
6166,0.0994817432544165
6167,0.114587915563574
6168,0.137626659917933
6169,0.106455064270854
6170,0.103667649901581
6171,0.137822606962725
6172,0.114175722374032
6173,0.115868213104609
6174,0.110186310602627
6175,0.136318898216899
6176,0.101088230520991
6177,0.136460427181064
6178,0.10800990944029
6179,0.117102080583845
6180,0.115617318814212
6181,0.0913007007804348
6182,0.134801445982613
6183,0.108148150830931
6184,0.147767213519486
6185,0.122064566912185
6186,0.108479394138176
6187,0.122150541318269
6188,0.1196739501678
6189,0.129596818277823
6190,0.114826266352136
6191,0.113368789924993
6192,0.146917196952471
6193,0.123392110247323
6194,0.131125129140249
6195,0.106693674961493
6196,0.102670105952834
6197,0.147829026199075
6198,0.101610483506219
6199,0.0988538929100467
6200,0.127792849344313
6201,0.100560144189369
6202,0.122744303735583
6203,0.129925154390433
6204,0.0911903756666547
6205,0.111183160589244
6206,0.125578572985598
6207,0.106229576395805
6208,0.139167152442934
6209,0.121083449012916
6210,0.122693816245098
6211,0.115319933760116
6212,0.12212900666976
6213,0.120980066652413
6214,0.117995679830394
6215,0.102371476304464
6216,0.109223369523647
6217,0.114395301370774
6218,0.112956794185523
6219,0.0816243120119781
6220,0.126041798456854
6221,0.127247756860777
6222,0.1238516893536
6223,0.125821491125712
6224,0.121985414231874
6225,0.147462099161771
6226,0.12243253750936
6227,0.120769488611084
6228,0.118380994231437
6229,0.113607211570072
6230,0.120351950023293
6231,0.121973926452283
6232,0.100049246489272
6233,0.126680123764827
6234,0.0808224950005476
6235,0.120151219072611
6236,0.109403257359831
6237,0.109116370569461
6238,0.113162608445567
6239,0.147232610095808
6240,0.111640357458925
6241,0.115492950617741
6242,0.132275760001147
6243,0.140985985745486
6244,0.115105358409792
6245,0.126105821603774
6246,0.116150199437523
6247,0.12586557186763
6248,0.116284439954863
6249,0.115740283868293
6250,0.120530477100303
6251,0.121313714696329
6252,0.123107545233506
6253,0.0978098083018823
6254,0.124135205051106
6255,0.113968504829202
6256,0.104240266402602
6257,0.111479287674794
6258,0.119409519840472
6259,0.126601443405266
6260,0.123004528813977
6261,0.122956943214843
6262,0.111912076953098
6263,0.116114462280206
6264,0.135574790043748
6265,0.121851383569548
6266,0.131190214947437
6267,0.139659013409648
6268,0.114232330954736
6269,0.123020145445329
6270,0.147734910320387
6271,0.102558645718472
6272,0.126250341549667
6273,0.126313428557713
6274,0.128093902339177
6275,0.0969535427381554
6276,0.113365800200476
6277,0.110967655627213
6278,0.0909263395012978
6279,0.134210148018234
6280,0.106075354822562
6281,0.125755942001261
6282,0.113288100818624
6283,0.114853757366477
6284,0.113491321022148
6285,0.133368348684767
6286,0.0950909180850211
6287,0.0866777119558704
6288,0.107695834421399
6289,0.0980310861306074
6290,0.120490185071257
6291,0.108046855127091
6292,0.124822611153696
6293,0.132525485083184
6294,0.0996746324082263
6295,0.104710015188485
6296,0.118030446870853
6297,0.121781219307691
6298,0.123924041251412
6299,0.12162757168014
6300,0.124590857245209
6301,0.120953194007987
6302,0.11925704322171
6303,0.130489120482214
6304,0.104879698966202
6305,0.0948099914533638
6306,0.107010136354846
6307,0.128057060569635
6308,0.112219739073469
6309,0.1222893868262
6310,0.119186303984184
6311,0.119544544884752
6312,0.103922210120369
6313,0.115202266160937
6314,0.125693428336552
6315,0.103020351504456
6316,0.113604842696944
6317,0.112750006933397
6318,0.118718320427952
6319,0.105689488449986
6320,0.129491586354024
6321,0.0872295073657323
6322,0.133916919217269
6323,0.0961425708640255
6324,0.139248249849789
6325,0.0993556471452896
6326,0.0988867748696458
6327,0.104597465645592
6328,0.111414192790494
6329,0.116527805531924
6330,0.114118163816921
6331,0.121256292179135
6332,0.13467051934367
6333,0.116853893067815
6334,0.116035674789215
6335,0.14035351909907
6336,0.106580899086748
6337,0.132692159904877
6338,0.110473622793268
6339,0.111893071320997
6340,0.140376622540055
6341,0.098523807029519
6342,0.133001411564623
6343,0.111977981222945
6344,0.114328511288792
6345,0.136357019015093
6346,0.121920642623706
6347,0.110395279064943
6348,0.117554121016069
6349,0.156542012687107
6350,0.085483438347209
6351,0.120318274025389
6352,0.1220012065856
6353,0.117132759680305
6354,0.106761572526323
6355,0.127418861845248
6356,0.137290173089673
6357,0.127619652609366
6358,0.0894293537704063
6359,0.11582314014229
6360,0.125979149403961
6361,0.109233073674745
6362,0.102992552510741
6363,0.117453662279869
6364,0.127883122447529
6365,0.138331843952862
6366,0.123820093765291
6367,0.10996094261805
6368,0.133100846621234
6369,0.136076248955829
6370,0.140595301270901
6371,0.0747751026916415
6372,0.109450828552922
6373,0.106343889303947
6374,0.110223183067936
6375,0.096024954859374
6376,0.114838307083353
6377,0.124707720588168
6378,0.11272255121178
6379,0.119973453305147
6380,0.12186545450853
6381,0.10707154112521
6382,0.126080646551755
6383,0.130026544608611
6384,0.126225716169697
6385,0.125291226885815
6386,0.131574975669586
6387,0.111270067130652
6388,0.124137344015351
6389,0.103770292818213
6390,0.111577041227115
6391,0.116705531315431
6392,0.108501518373953
6393,0.138725980141197
6394,0.121031951066373
6395,0.112129819114948
6396,0.113346021146801
6397,0.114533652359633
6398,0.142107184729008
6399,0.1035396423301
6400,0.120414873474349
6401,0.0868928963300752
6402,0.116890230754247
6403,0.112447512361872
6404,0.122731618194039
6405,0.115501432232666
6406,0.115104046831097
6407,0.103296429798719
6408,0.109097500208726
6409,0.0894307193718127
6410,0.116953399053723
6411,0.127463748531038
6412,0.12253505505235
6413,0.105306607589905
6414,0.155064824934766
6415,0.109300946402908
6416,0.0972373527908624
6417,0.0997621278559361
6418,0.134118610110939
6419,0.125620750872975
6420,0.119909845595047
6421,0.125021720182763
6422,0.100469823436708
6423,0.127835341585496
6424,0.0986779572841296
6425,0.128568082709909
6426,0.112626495702431
6427,0.134691528724219
6428,0.109251509868307
6429,0.111632243528571
6430,0.114439438678741
6431,0.10400585405259
6432,0.113141919467773
6433,0.140428613256803
6434,0.101804768095237
6435,0.133736366952819
6436,0.0900870478508493
6437,0.1259092121002
6438,0.117390341893361
6439,0.102939770999715
6440,0.114476602904536
6441,0.150225018358239
6442,0.121415676914903
6443,0.113652417055071
6444,0.111072324088401
6445,0.128964708399611
6446,0.137222932338799
6447,0.132521541438409
6448,0.106033982194562
6449,0.119193768151648
6450,0.100924773333779
6451,0.0987208866792435
6452,0.140713232442349
6453,0.11987721719359
6454,0.11023380043835
6455,0.110873938049775
6456,0.110535735476211
6457,0.0951172043790264
6458,0.141548733122312
6459,0.127567498305472
6460,0.107467437982414
6461,0.117584847620509
6462,0.121692267538612
6463,0.100765998016304
6464,0.104015621019554
6465,0.102904828228035
6466,0.101581582429516
6467,0.120766428001167
6468,0.104527608721022
6469,0.110520220633705
6470,0.124811696096446
6471,0.107799438724863
6472,0.123293789732378
6473,0.105071176505056
6474,0.114753828404861
6475,0.119750542508837
6476,0.121632171589178
6477,0.124907115999803
6478,0.107334888824549
6479,0.0963102993665347
6480,0.125431401991019
6481,0.117309256537549
6482,0.127512527418874
6483,0.105852671006528
6484,0.108606148203956
6485,0.1169893685803
6486,0.103086393541642
6487,0.120599384099427
6488,0.139065777856214
6489,0.128677791114323
6490,0.126746001851583
6491,0.110433326465874
6492,0.145829040548222
6493,0.104117000746682
6494,0.130261920395638
6495,0.114000605079248
6496,0.121925511178885
6497,0.132487309841991
6498,0.126167820571508
6499,0.0920313262994035
6500,0.122343291520828
6501,0.137748094471933
6502,0.120782678717368
6503,0.121014445017564
6504,0.118518678578846
6505,0.11327328112873
6506,0.108472801113842
6507,0.098055483912752
6508,0.123504885920321
6509,0.101218400904253
6510,0.119808034537221
6511,0.125955728667768
6512,0.118983713427837
6513,0.106228761195765
6514,0.106839892507872
6515,0.102069719457601
6516,0.100005723182243
6517,0.114553630191963
6518,0.118708031950618
6519,0.119079090900846
6520,0.101959132681418
6521,0.110956336826007
6522,0.112908140376683
6523,0.112006304956689
6524,0.133904868985038
6525,0.101548388883141
6526,0.12250828503739
6527,0.120019110978097
6528,0.117577482591966
6529,0.0966552959328325
6530,0.130310078631816
6531,0.0945861132503844
6532,0.130893406717044
6533,0.148095547856426
6534,0.130052074288774
6535,0.11891686903655
6536,0.128881301095315
6537,0.115767638864986
6538,0.123407787244565
6539,0.121865653951126
6540,0.127672257618981
6541,0.116064881451002
6542,0.10835223925516
6543,0.122673926444043
6544,0.116889547865231
6545,0.104362408740591
6546,0.103135081257822
6547,0.120169514532493
6548,0.115022877944844
6549,0.125797712331893
6550,0.13135723684222
6551,0.0831977306194779
6552,0.131102663559858
6553,0.115278937153248
6554,0.116074840657245
6555,0.095068526406113
6556,0.102530231885976
6557,0.109564594158812
6558,0.121455700446454
6559,0.120299883896446
6560,0.126095051625918
6561,0.103092513780155
6562,0.113541099474735
6563,0.142695384335088
6564,0.0905418260477699
6565,0.134577184112634
6566,0.126439665887201
6567,0.136749387820558
6568,0.0888557525863517
6569,0.107090530224058
6570,0.129265012245458
6571,0.126242144202457
6572,0.123815213900945
6573,0.107422581383707
6574,0.101820102834916
6575,0.127793528064351
6576,0.102605170917638
6577,0.110910414849994
6578,0.114156653007969
6579,0.144601790772724
6580,0.106694716374732
6581,0.126655390660915
6582,0.125822283433912
6583,0.124257875812242
6584,0.118986212521762
6585,0.1332183545757
6586,0.0965266996525872
6587,0.136927102412033
6588,0.0951117028514172
6589,0.122151113628884
6590,0.0953152921303897
6591,0.110190799473402
6592,0.106085539566387
6593,0.104677788921808
6594,0.0933716548083733
6595,0.14535868365441
6596,0.110084451674254
6597,0.119536352679704
6598,0.117336703969906
6599,0.116796188630727
6600,0.107171842396599
6601,0.123820158377437
6602,0.106265310277389
6603,0.132884571332136
6604,0.110475598434408
6605,0.12308446295466
6606,0.134421873522374
6607,0.0884005973870474
6608,0.106769721188195
6609,0.117223931053369
6610,0.12973180577832
6611,0.129078772992779
6612,0.129979071503879
6613,0.107826277653531
6614,0.103445196025476
6615,0.125543579510419
6616,0.126040219407141
6617,0.110808079266609
6618,0.108836250655586
6619,0.100413696704632
6620,0.105869103839092
6621,0.129868106726384
6622,0.0906949047720458
6623,0.142825651391469
6624,0.122159024173684
6625,0.128316963834319
6626,0.104172645811139
6627,0.122982260626229
6628,0.0945450005191395
6629,0.136415737665431
6630,0.127310389752576
6631,0.0876632513414301
6632,0.117910870417046
6633,0.103662828996913
6634,0.145028376823055
6635,0.124004198284389
6636,0.1304255995931
6637,0.136180384156129
6638,0.119009692530021
6639,0.130963402269531
6640,0.132812218969554
6641,0.139741230195326
6642,0.128414779570214
6643,0.127490388744202
6644,0.134457697048163
6645,0.116642947990596
6646,0.147173166673381
6647,0.108825149587912
6648,0.0979725671938058
6649,0.11469895215906
6650,0.141670571409038
6651,0.0856719956054155
6652,0.138805147910804
6653,0.139597645289698
6654,0.114056592575752
6655,0.109424407183691
6656,0.0966695820176838
6657,0.123057396279056
6658,0.140661570932037
6659,0.139286978034141
6660,0.120663612466271
6661,0.124165985472815
6662,0.123141175272974
6663,0.12161825749385
6664,0.138732348940508
6665,0.11588090582283
6666,0.12821813137149
6667,0.116092980900457
6668,0.118062138364907
6669,0.113943100093441
6670,0.10543986102609
6671,0.122200778876683
6672,0.12858251625534
6673,0.13176559164486
6674,0.124002320189459
6675,0.091989315006766
6676,0.128830142971667
6677,0.0868967611824876
6678,0.128037525924104
6679,0.149561254753964
6680,0.105274686977818
6681,0.10691021560198
6682,0.119231066651945
6683,0.119073758102446
6684,0.12588527420973
6685,0.127843116923816
6686,0.126045220411677
6687,0.113018475606647
6688,0.0952135835397845
6689,0.13176709252073
6690,0.0997431810909623
6691,0.124549136210947
6692,0.125514187006273
6693,0.125026800789182
6694,0.107587250511853
6695,0.111603084756025
6696,0.11414308977462
6697,0.132378940782195
6698,0.108417349335095
6699,0.106063559243782
6700,0.14210976895646
6701,0.121238241434077
6702,0.099158692162147
6703,0.112768694150725
6704,0.0974681198171071
6705,0.101744909854351
6706,0.0861036454696623
6707,0.127081131999527
6708,0.12395660676084
6709,0.119260983954023
6710,0.108106229737792
6711,0.111522657528768
6712,0.123552721541678
6713,0.113437120817457
6714,0.10537374326984
6715,0.136361752665885
6716,0.115974740285033
6717,0.106607346484155
6718,0.0973560254841161
6719,0.124359481743573
6720,0.110690384394298
6721,0.111759154305938
6722,0.125618379365454
6723,0.122699286621138
6724,0.124738790575714
6725,0.13488486015101
6726,0.116261049371252
6727,0.128587194996524
6728,0.129177686716016
6729,0.079231883523961
6730,0.106279703548301
6731,0.131459998410685
6732,0.120115552195321
6733,0.11804567710335
6734,0.115960067688282
6735,0.106470207136697
6736,0.0954825378281393
6737,0.13135360079647
6738,0.127944946537268
6739,0.0943163048213023
6740,0.154702737770896
6741,0.132143905265778
6742,0.118310800520258
6743,0.12024145803396
6744,0.113199097441908
6745,0.104069933723151
6746,0.128149420593052
6747,0.0860238619955909
6748,0.117606258118484
6749,0.120790236490962
6750,0.107010760101195
6751,0.12244854494959
6752,0.118652667407871
6753,0.109220988696945
6754,0.138817562658324
6755,0.135329646116006
6756,0.104216489340888
6757,0.122842875740935
6758,0.135281846833396
6759,0.113958020735557
6760,0.0946809836577012
6761,0.112428253063402
6762,0.112538520754511
6763,0.116041953538933
6764,0.114793091663506
6765,0.113215755411813
6766,0.12453758645432
6767,0.123151302394483
6768,0.123881497820309
6769,0.114257799904917
6770,0.129868688762394
6771,0.132109627930574
6772,0.128210044249744
6773,0.108507315684466
6774,0.120091352902374
6775,0.117232344656095
6776,0.0967461595606048
6777,0.0974303258064347
6778,0.111587969042747
6779,0.100742446250754
6780,0.0955441308709257
6781,0.133672460225229
6782,0.113460178117091
6783,0.113463959777742
6784,0.0909096936353909
6785,0.130492788814655
6786,0.102736716701445
6787,0.118668114725819
6788,0.123472350976582
6789,0.115139987749573
6790,0.118449155412155
6791,0.109219798783326
6792,0.117369674352832
6793,0.114881061515186
6794,0.113329287219819
6795,0.111810860381269
6796,0.115377915752146
6797,0.120829491242511
6798,0.113274991034368
6799,0.146956551970106
6800,0.123004411788947
6801,0.112450403022235
6802,0.140092921134588
6803,0.12721259593314
6804,0.125273295335815
6805,0.0967072946226875
6806,0.124401802005988
6807,0.115442739826163
6808,0.106824330415838
6809,0.132782280692181
6810,0.121072716434056
6811,0.115966348523348
6812,0.117972680408921
6813,0.119016563736956
6814,0.126030226651716
6815,0.131756848881335
6816,0.123368739558948
6817,0.102639137402859
6818,0.0705384205041311
6819,0.120047835134983
6820,0.117110683093926
6821,0.150568175401356
6822,0.116390859443807
6823,0.141452603869384
6824,0.106343977681094
6825,0.124356432563548
6826,0.114255535793039
6827,0.125905144946952
6828,0.119275576414215
6829,0.121241010664001
6830,0.12812336050623
6831,0.121586862450556
6832,0.113441776097748
6833,0.125035128412096
6834,0.123280389118038
6835,0.103827698917573
6836,0.0976232374928173
6837,0.11592053060309
6838,0.136881131294163
6839,0.120127994317443
6840,0.122972627801762
6841,0.114005890612474
6842,0.117588791459671
6843,0.139627066537865
6844,0.100608961121303
6845,0.104309588293829
6846,0.127255830806826
6847,0.139722094120386
6848,0.1401946751257
6849,0.123316894439031
6850,0.117821957071715
6851,0.137372631379885
6852,0.128381590965799
6853,0.121725315560873
6854,0.131195011764274
6855,0.131528706708921
6856,0.13104417429441
6857,0.116537409734576
6858,0.10861250781296
6859,0.112884297083603
6860,0.117631703480577
6861,0.134943711369574
6862,0.128642203348641
6863,0.106307600162681
6864,0.119495688173511
6865,0.119512107505525
6866,0.142796156213758
6867,0.126462572379992
6868,0.135518400308465
6869,0.115050070125331
6870,0.122727520086873
6871,0.101892467949105
6872,0.106327212294131
6873,0.0926290221844895
6874,0.119892731195864
6875,0.135762444524348
6876,0.100596385340073
6877,0.121639109711572
6878,0.130468284208987
6879,0.114668464563338
6880,0.119940299282393
6881,0.141773947200772
6882,0.109145821652917
6883,0.116284527183296
6884,0.110811430791973
6885,0.118575082192719
6886,0.120049452228711
6887,0.134305503681153
6888,0.11638095358244
6889,0.0992598726258112
6890,0.111642129789335
6891,0.0894059418257911
6892,0.146502437836691
6893,0.122050196882303
6894,0.125349766168324
6895,0.115899232172992
6896,0.121785763130937
6897,0.135000018861213
6898,0.101601552397195
6899,0.124173512782545
6900,0.13696121397439
6901,0.103893422383444
6902,0.114758124974544
6903,0.108991251735639
6904,0.093499665091149
6905,0.138591628768425
6906,0.110026018074851
6907,0.104995152254109
6908,0.114800315229234
6909,0.094689344705695
6910,0.125504104643396
6911,0.131248228691445
6912,0.121169614206819
6913,0.115890012754315
6914,0.125837588943403
6915,0.0977093199313668
6916,0.131840591400435
6917,0.126093042292757
6918,0.136048526194712
6919,0.101697017082058
6920,0.128694240681328
6921,0.11523004368434
6922,0.102823944991974
6923,0.0975105614958601
6924,0.122851549319171
6925,0.119535456969133
6926,0.104135729116369
6927,0.116437320337977
6928,0.143409275847843
6929,0.115919633859734
6930,0.145708643922073
6931,0.117531734913612
6932,0.129236640291117
6933,0.130541968245032
6934,0.114485215401022
6935,0.124911474388905
6936,0.117176801548532
6937,0.101352742320789
6938,0.108203041473543
6939,0.12758441051447
6940,0.153038388649168
6941,0.113773977251186
6942,0.109393465637788
6943,0.108550339486709
6944,0.151408615872081
6945,0.119173881470077
6946,0.117619537901975
6947,0.113086916524351
6948,0.127775591325413
6949,0.0972653036965426
6950,0.083494629230146
6951,0.107076020113241
6952,0.0884168780838471
6953,0.10823404319125
6954,0.124961372809479
6955,0.133110585827688
6956,0.110745211040652
6957,0.118834601712146
6958,0.105855812952515
6959,0.118706583921202
6960,0.103638233803518
6961,0.139716412069734
6962,0.132999063196783
6963,0.145138899369242
6964,0.0998789612550383
6965,0.0989267654838851
6966,0.121375344589209
6967,0.120776421568375
6968,0.140302712791041
6969,0.122079472419273
6970,0.122500047578279
6971,0.120941605469705
6972,0.104239209274243
6973,0.131364891198027
6974,0.115053833105131
6975,0.119882498592027
6976,0.125947512450206
6977,0.098571492969567
6978,0.122226209601287
6979,0.114809618577329
6980,0.101057756320917
6981,0.122244346854884
6982,0.119851989412953
6983,0.122603342374579
6984,0.129098258849686
6985,0.095623117717549
6986,0.10271514465779
6987,0.0903122340635236
6988,0.119327508586001
6989,0.101438795569448
6990,0.123907275631532
6991,0.102367418075119
6992,0.115378015255374
6993,0.110068842074185
6994,0.102761390741142
6995,0.111443935033293
6996,0.114486928910641
6997,0.112529977199143
6998,0.120953732333638
6999,0.149049689246738
7000,0.149719258357514
7001,0.108752430939424
7002,0.104944828382722
7003,0.123031139312598
7004,0.1143712039191
7005,0.101810263616029
7006,0.107190527750183
7007,0.137436516731542
7008,0.117306250080615
7009,0.134627370061514
7010,0.110524265810593
7011,0.122711640017194
7012,0.130993943441788
7013,0.11476105314011
7014,0.0956356750737035
7015,0.135969056668103
7016,0.105872009164412
7017,0.0941202165161668
7018,0.109571462582424
7019,0.145289089363136
7020,0.112019367704856
7021,0.132652062006486
7022,0.132959559181001
7023,0.0996510308919585
7024,0.109442436877359
7025,0.0977932636557319
7026,0.114262362191766
7027,0.12102475226814
7028,0.106635470617771
7029,0.118410652923392
7030,0.115509176231256
7031,0.127317759918252
7032,0.0738713246756902
7033,0.119992159219506
7034,0.0965611564358636
7035,0.110049711042649
7036,0.123716996475668
7037,0.100966932426539
7038,0.112059933656233
7039,0.124680358435823
7040,0.130798115601567
7041,0.132017138412018
7042,0.103865164966039
7043,0.0949797244069521
7044,0.121616083668004
7045,0.0978453642797026
7046,0.0968586030983641
7047,0.140588016782846
7048,0.121453237565359
7049,0.0970534920324499
7050,0.115091110368695
7051,0.096175805038958
7052,0.116101060820648
7053,0.128499162532438
7054,0.131041377802204
7055,0.125230735524129
7056,0.09768420051349
7057,0.0957075680271324
7058,0.108165096199165
7059,0.0986089724027127
7060,0.129304101184249
7061,0.127917061679103
7062,0.111138386850967
7063,0.143605146642678
7064,0.112904711571242
7065,0.123499486562465
7066,0.107580384583843
7067,0.137182464932316
7068,0.0938851987410803
7069,0.119299858582848
7070,0.118182875528169
7071,0.116691882760104
7072,0.10333609891487
7073,0.118241621314461
7074,0.117159716684239
7075,0.0908721362215629
7076,0.128226894986018
7077,0.10607100726196
7078,0.120839033856965
7079,0.126000015910589
7080,0.110562254231599
7081,0.115842727231757
7082,0.12267372879978
7083,0.130846576658638
7084,0.130993670570137
7085,0.0976561982231104
7086,0.0969343596444323
7087,0.103393997895277
7088,0.109760914737938
7089,0.105118072292708
7090,0.109105182537344
7091,0.127703935352624
7092,0.104674282223743
7093,0.104502958825074
7094,0.106821531613287
7095,0.130906519395805
7096,0.129180019612597
7097,0.122032874247013
7098,0.114093493496718
7099,0.113223839825173
7100,0.126455397359024
7101,0.108820892382465
7102,0.0916381849793934
7103,0.142177512379655
7104,0.118568963541748
7105,0.0855879743473347
7106,0.13465252163649
7107,0.120730779308331
7108,0.118763841482248
7109,0.111954264036212
7110,0.0832484679794285
7111,0.119607415486403
7112,0.138692613973917
7113,0.146774239465501
7114,0.120515957314491
7115,0.100239751251297
7116,0.102250550142934
7117,0.118266030091853
7118,0.123450666662749
7119,0.126851176548105
7120,0.141946625264615
7121,0.119382341809425
7122,0.11576164281029
7123,0.111854159235517
7124,0.0976021518370085
7125,0.113976251760797
7126,0.124017770314127
7127,0.116706716565628
7128,0.136118206623663
7129,0.123452462308469
7130,0.118377300051014
7131,0.134134698820214
7132,0.120870393557551
7133,0.10751140116506
7134,0.10418579336974
7135,0.125937035989587
7136,0.104037094026047
7137,0.090430805156912
7138,0.108064957418591
7139,0.125235197882531
7140,0.0940561908094617
7141,0.151709400220071
7142,0.117413942760014
7143,0.108135602301119
7144,0.10564156917549
7145,0.13096198300404
7146,0.118686979800836
7147,0.120594054400522
7148,0.14902486558245
7149,0.102337375118517
7150,0.134471496003026
7151,0.136287833256896
7152,0.129567844239785
7153,0.1048758858245
7154,0.163811786489212
7155,0.108074589958659
7156,0.131422786934284
7157,0.123314164631587
7158,0.121744572886178
7159,0.0959723066900684
7160,0.116018491043907
7161,0.134196112961447
7162,0.10810332262513
7163,0.13191737817666
7164,0.096173309294544
7165,0.10359352674923
7166,0.109358470422663
7167,0.106953351349265
7168,0.110771305779327
7169,0.139800677990601
7170,0.102759986021866
7171,0.138226285671723
7172,0.127422778523078
7173,0.154286125469452
7174,0.134024539562347
7175,0.133016803103059
7176,0.106404037070108
7177,0.120234229782255
7178,0.127589951553031
7179,0.0922748254989709
7180,0.125858001421377
7181,0.132602862936566
7182,0.103389257557099
7183,0.129634529982409
7184,0.121527733425545
7185,0.11515050711672
7186,0.121872773528054
7187,0.126378583938278
7188,0.118873239350087
7189,0.0873606923359341
7190,0.107026506799636
7191,0.125102470280176
7192,0.119460700047296
7193,0.124858733090563
7194,0.108305260020483
7195,0.125420793707636
7196,0.107833166868892
7197,0.104187575154635
7198,0.102239538093587
7199,0.109468225008827
7200,0.143462485393475
7201,0.11532846362724
7202,0.121014437185433
7203,0.0959190376484584
7204,0.0919635096376505
7205,0.101446179649538
7206,0.127112509218322
7207,0.131800914234039
7208,0.116938451352286
7209,0.101027484772349
7210,0.115100409722083
7211,0.110126688787374
7212,0.107131827978323
7213,0.118947381007795
7214,0.121041480258189
7215,0.0908232113658706
7216,0.11272614730349
7217,0.138267767282583
7218,0.114372865821742
7219,0.0919627129744219
7220,0.130940300596084
7221,0.104218277005634
7222,0.115782995386998
7223,0.105112018177654
7224,0.101545647319456
7225,0.106274848508964
7226,0.12471248781727
7227,0.140790788665871
7228,0.107160620292864
7229,0.108000368704101
7230,0.10124976881483
7231,0.101378198800699
7232,0.125396142063599
7233,0.145457682074025
7234,0.131393502518044
7235,0.132534715587477
7236,0.116851074974886
7237,0.113264318912554
7238,0.149995503792866
7239,0.105648352717345
7240,0.105294561751542
7241,0.117281231947976
7242,0.117923296362625
7243,0.13107283236004
7244,0.0878788257630415
7245,0.135879736878151
7246,0.106725664763278
7247,0.118194697371974
7248,0.109114197275661
7249,0.125361513287047
7250,0.111411360022758
7251,0.126742850052655
7252,0.116410733508071
7253,0.107411886508671
7254,0.0746855069903384
7255,0.121048359133701
7256,0.109594990577381
7257,0.129134775709981
7258,0.111962994756783
7259,0.103920512717036
7260,0.103684193767964
7261,0.108443416710199
7262,0.146773914305799
7263,0.121106834911262
7264,0.122213236786975
7265,0.117235724427788
7266,0.121935618371511
7267,0.12678970371709
7268,0.119257087940243
7269,0.112846361773177
7270,0.132032415313349
7271,0.129608967266695
7272,0.116547435602426
7273,0.0963035604608031
7274,0.121460078685137
7275,0.107132315281876
7276,0.116782104110856
7277,0.135408879764758
7278,0.0891637128730893
7279,0.118737020065502
7280,0.153222706418442
7281,0.103602765216306
7282,0.123077290603885
7283,0.107119411222698
7284,0.103314809511696
7285,0.11924146684205
7286,0.124910526938887
7287,0.107728615233997
7288,0.111512589822492
7289,0.121450002956975
7290,0.132971262366535
7291,0.127090918653454
7292,0.10312469124716
7293,0.104453344636331
7294,0.113955450814474
7295,0.120107383562765
7296,0.1210586673437
7297,0.117433807847513
7298,0.132167782599319
7299,0.132022940649409
7300,0.106042312826152
7301,0.136423128358605
7302,0.106714412862209
7303,0.111958163464861
7304,0.130058496910854
7305,0.113733707307589
7306,0.121603684534821
7307,0.126765112369039
7308,0.115421154327526
7309,0.131914454734071
7310,0.109978092367096
7311,0.121978529155926
7312,0.108589862509767
7313,0.12560659897688
7314,0.104744172170786
7315,0.0991149701306043
7316,0.111467511220627
7317,0.138479252996002
7318,0.10690009364194
7319,0.0914679633521843
7320,0.128665418013138
7321,0.111010154031893
7322,0.104622470320032
7323,0.123416420027275
7324,0.112918358301406
7325,0.0981345914230152
7326,0.115408352604026
7327,0.117043266312643
7328,0.109704084977654
7329,0.113848283270193
7330,0.124353659927593
7331,0.114235382704279
7332,0.138318858341665
7333,0.137998846128295
7334,0.111411501208261
7335,0.0894449742244929
7336,0.127859870646925
7337,0.116012786092734
7338,0.119382668086394
7339,0.125314066989097
7340,0.123858955259647
7341,0.103513100239874
7342,0.108029596249349
7343,0.122983670425606
7344,0.116814736235555
7345,0.119564023319558
7346,0.0952516508127325
7347,0.102804797862354
7348,0.118414630628608
7349,0.126129160129617
7350,0.126753334014502
7351,0.10014901556285
7352,0.125925677827026
7353,0.117304506349667
7354,0.114333364496026
7355,0.101878833562727
7356,0.111632337193597
7357,0.118945706267313
7358,0.127664608200277
7359,0.128002147412957
7360,0.127623456371211
7361,0.130545006687889
7362,0.116885807033234
7363,0.1211129239808
7364,0.138994660823093
7365,0.106562549948126
7366,0.111574652002535
7367,0.137858253941828
7368,0.0898576484555795
7369,0.144486365916963
7370,0.127274625214693
7371,0.109283524207284
7372,0.110513221626521
7373,0.123643079850818
7374,0.116521405493572
7375,0.111460224292284
7376,0.141496696885358
7377,0.120923558115211
7378,0.111211793077303
7379,0.113431375298248
7380,0.117264303850567
7381,0.106940507479241
7382,0.11662122842826
7383,0.107544035086792
7384,0.119444146298277
7385,0.122186183864784
7386,0.106440543372245
7387,0.0990673397597393
7388,0.108802685019399
7389,0.108765040772171
7390,0.116817435806126
7391,0.13626604660983
7392,0.134152593828505
7393,0.116905874279132
7394,0.117923392433114
7395,0.158392375255716
7396,0.122180673503023
7397,0.113935958362417
7398,0.120491705180923
7399,0.122791652492539
7400,0.11544215716973
7401,0.140468376813185
7402,0.129339505712724
7403,0.111716056338103
7404,0.112397971702105
7405,0.110734737639348
7406,0.0781606282775407
7407,0.103086128016473
7408,0.096212256940239
7409,0.106176045335626
7410,0.140767826505714
7411,0.109593435555961
7412,0.123913375807769
7413,0.124813674205469
7414,0.118345256668415
7415,0.115200285035388
7416,0.135110257267205
7417,0.115097314723537
7418,0.117318617068395
7419,0.120896462072909
7420,0.100689506672353
7421,0.101224519267543
7422,0.0960645685167039
7423,0.141195581781863
7424,0.0986718451289029
7425,0.116531352885948
7426,0.127156157012611
7427,0.141135435952025
7428,0.110412899744821
7429,0.117809972420232
7430,0.110069305320506
7431,0.1287475969507
7432,0.137254228650366
7433,0.127440141052536
7434,0.130542940017743
7435,0.11203990901405
7436,0.113339178950467
7437,0.116973439956946
7438,0.115291510044622
7439,0.12134643781409
7440,0.136367744611635
7441,0.123257592801094
7442,0.143219018133296
7443,0.117213511595954
7444,0.128266877695892
7445,0.0983016468565919
7446,0.11207315939412
7447,0.104880854106889
7448,0.13828008750085
7449,0.125380399323824
7450,0.116870873365579
7451,0.119489226193895
7452,0.115931930294937
7453,0.105425526802688
7454,0.119858521294309
7455,0.127270799897368
7456,0.114285255442892
7457,0.103650947349666
7458,0.102705206600755
7459,0.102718461368373
7460,0.149935201739921
7461,0.124585632214944
7462,0.107633922829912
7463,0.120094391953815
7464,0.108683558666959
7465,0.10910152925908
7466,0.121217408787207
7467,0.118613219212912
7468,0.0963686451683604
7469,0.102212862811132
7470,0.115216484825181
7471,0.0977754211311476
7472,0.102541100814367
7473,0.103743717656203
7474,0.123950756440806
7475,0.121601073353763
7476,0.121027292851806
7477,0.1323223033353
7478,0.109833310394733
7479,0.132869861282358
7480,0.111827579307013
7481,0.135272032398896
7482,0.110011813795729
7483,0.127862079701464
7484,0.116902503432923
7485,0.148620979677783
7486,0.121555512219463
7487,0.120253458174982
7488,0.152904358072653
7489,0.127578150175316
7490,0.11283571190784
7491,0.116061980905686
7492,0.110845870933562
7493,0.110873187943639
7494,0.122194372969789
7495,0.112209739733878
7496,0.0893395779184031
7497,0.104141612108044
7498,0.089149178182435
7499,0.121332838562065
7500,0.126475576736726
7501,0.0972806836408224
7502,0.114072805177662
7503,0.126551972912895
7504,0.134834936917038
7505,0.109442971829874
7506,0.103230414773277
7507,0.135256446562017
7508,0.121594068653025
7509,0.117297320465774
7510,0.128782087814457
7511,0.120504234325805
7512,0.130737457277859
7513,0.105494171331399
7514,0.115895100566656
7515,0.0953190715946512
7516,0.119469257187557
7517,0.160772497158907
7518,0.141447113107091
7519,0.107730562488964
7520,0.163657485122304
7521,0.103415398740213
7522,0.129848746565947
7523,0.101187059806325
7524,0.141325347999569
7525,0.140134565489746
7526,0.104493595891233
7527,0.15114492460813
7528,0.12512482111252
7529,0.0905556116288726
7530,0.121612437344652
7531,0.125417101463779
7532,0.131077505428621
7533,0.121816024352674
7534,0.104395776203008
7535,0.108216143330694
7536,0.119810381225557
7537,0.135940106399488
7538,0.127988319449419
7539,0.0948019866996225
7540,0.118689009859101
7541,0.12483354886729
7542,0.116671102428542
7543,0.106166164635736
7544,0.14184628687464
7545,0.11519277822065
7546,0.103751288313567
7547,0.124637801389164
7548,0.107238476882106
7549,0.113664375541518
7550,0.145681300099362
7551,0.118428226284289
7552,0.120436831364498
7553,0.114680910707589
7554,0.104550314501153
7555,0.107442075244681
7556,0.145094240163834
7557,0.123449380755236
7558,0.123398929239815
7559,0.126829451534882
7560,0.124957338845571
7561,0.124309780328348
7562,0.138814851831381
7563,0.115470598293895
7564,0.122398745254339
7565,0.114892071918763
7566,0.137126309728238
7567,0.1012115056147
7568,0.118837945585663
7569,0.118006415258858
7570,0.0929251194992613
7571,0.130200121213802
7572,0.13023809947158
7573,0.114974998246738
7574,0.128673811175284
7575,0.124057596999
7576,0.0983359263859238
7577,0.106286002315775
7578,0.116656500190074
7579,0.110524590122051
7580,0.107650962747424
7581,0.103946455869629
7582,0.113012988596127
7583,0.118781445765349
7584,0.134278282820566
7585,0.119231477040306
7586,0.105532642163981
7587,0.123199340142809
7588,0.107736791084685
7589,0.151836156528374
7590,0.132438930616226
7591,0.117799492438384
7592,0.122835668608084
7593,0.0958068119328117
7594,0.128041840938709
7595,0.123378737308549
7596,0.142625593968655
7597,0.125523914318176
7598,0.12951864699463
7599,0.1161152814933
7600,0.129866081166312
7601,0.129590903475269
7602,0.140753814997069
7603,0.106342174204683
7604,0.126995494610755
7605,0.131457885325512
7606,0.154295770857617
7607,0.119584253462295
7608,0.132522595603873
7609,0.112569578345469
7610,0.120907914890827
7611,0.104868591158646
7612,0.110845896322876
7613,0.111608954651655
7614,0.114244238269297
7615,0.12940949540656
7616,0.0884212047583544
7617,0.123886030854147
7618,0.112373504978091
7619,0.136548233916977
7620,0.123271067947267
7621,0.0996351302851805
7622,0.0758864838942423
7623,0.0977598608506015
7624,0.11314124952849
7625,0.0968369117586803
7626,0.124475643319494
7627,0.100562328166797
7628,0.1203974774466
7629,0.122643414391576
7630,0.117371081460119
7631,0.124480657477673
7632,0.125553309396534
7633,0.100428585952841
7634,0.0928086493545875
7635,0.118344517919148
7636,0.10122215376922
7637,0.105782730153272
7638,0.123063826925226
7639,0.133370045325124
7640,0.10465439634271
7641,0.127934288609293
7642,0.132359030614849
7643,0.117560815818305
7644,0.117704776474082
7645,0.129486054557576
7646,0.116701185971499
7647,0.141060812411894
7648,0.104390786146682
7649,0.114082173462031
7650,0.102950402976106
7651,0.121908248469853
7652,0.125029790349719
7653,0.126694255634018
7654,0.14954019900959
7655,0.0981524852323621
7656,0.123138647520481
7657,0.0996778771157652
7658,0.126751482087401
7659,0.135184753246947
7660,0.124587077257961
7661,0.111964173683878
7662,0.0989743390993877
7663,0.13849484413915
7664,0.108287800260868
7665,0.0951439876389897
7666,0.11437507042703
7667,0.104478577762646
7668,0.130162446393722
7669,0.106407062193332
7670,0.0983170442538608
7671,0.114517734100329
7672,0.10040151984459
7673,0.121017322800515
7674,0.124904973291291
7675,0.144173984718638
7676,0.118696763527604
7677,0.117894193982549
7678,0.102296666728606
7679,0.128965010983972
7680,0.119248744834687
7681,0.129593912527586
7682,0.120999573008435
7683,0.0957195125002975
7684,0.142567614044508
7685,0.108490699176061
7686,0.114482973527562
7687,0.129390603903963
7688,0.13102541165204
7689,0.110608277373737
7690,0.114022231717338
7691,0.11233846790309
7692,0.133067865567394
7693,0.137913149785148
7694,0.129393071121155
7695,0.12361514175824
7696,0.128435807724176
7697,0.136212361931517
7698,0.125497211459001
7699,0.132992677979333
7700,0.102723591524874
7701,0.147739212368913
7702,0.113214671011286
7703,0.120070981908426
7704,0.115433355012964
7705,0.150122128259517
7706,0.120919778834345
7707,0.10823622378747
7708,0.1028897294291
7709,0.131361012944633
7710,0.10064255378197
7711,0.115092548589098
7712,0.118004128275928
7713,0.123965324255856
7714,0.12103477883213
7715,0.12492972741181
7716,0.142006545216041
7717,0.11576301637864
7718,0.105935214416888
7719,0.113460988140504
7720,0.12739158629626
7721,0.126018100224668
7722,0.139456460918383
7723,0.0936449186683956
7724,0.121120338599792
7725,0.131935727897876
7726,0.127294051634455
7727,0.121611158395615
7728,0.107089460070813
7729,0.116878188704444
7730,0.118550382113287
7731,0.108828949827335
7732,0.111037156501381
7733,0.107274931003794
7734,0.119315611743224
7735,0.127688397181148
7736,0.11177818436683
7737,0.143763907960886
7738,0.11696743797947
7739,0.0975579957105075
7740,0.115560659003275
7741,0.125815108782711
7742,0.10250207427951
7743,0.130580681245079
7744,0.134006187541453
7745,0.148404806552345
7746,0.10978002216756
7747,0.119871045670795
7748,0.115584603369569
7749,0.114284734234918
7750,0.112389134702318
7751,0.0990277920783427
7752,0.130590601228669
7753,0.113359934192922
7754,0.102786306973106
7755,0.133863007364629
7756,0.137787632672464
7757,0.140685394540474
7758,0.12975363044952
7759,0.118774858924692
7760,0.099136286686325
7761,0.092805828431927
7762,0.129472087527348
7763,0.0971359323385
7764,0.12723766119734
7765,0.117791121581627
7766,0.109711385221835
7767,0.0957377338958958
7768,0.131681390688034
7769,0.108081995891621
7770,0.095893689570074
7771,0.103927518246395
7772,0.139236199060295
7773,0.112219856154888
7774,0.0874539809288756
7775,0.112249623869933
7776,0.113027434352684
7777,0.132605169456612
7778,0.114708604517169
7779,0.132872974729127
7780,0.110203163436081
7781,0.117945655974541
7782,0.111503610117928
7783,0.118901875500513
7784,0.115862930876389
7785,0.111977524491246
7786,0.115479002887114
7787,0.127243140601642
7788,0.123578306479477
7789,0.113646229920808
7790,0.110084683695214
7791,0.11523921885047
7792,0.102743246999167
7793,0.111589306135652
7794,0.128241206707656
7795,0.120050236056203
7796,0.11114361454471
7797,0.124828992312403
7798,0.0945886651279197
7799,0.105657861286471
7800,0.119083531194174
7801,0.113364269884688
7802,0.143647921820384
7803,0.125106369462932
7804,0.124935878947352
7805,0.123383354452945
7806,0.125411781552076
7807,0.136968837169725
7808,0.124125806414994
7809,0.14947780554536
7810,0.108516342008699
7811,0.109985600402129
7812,0.129069580506303
7813,0.100582661485229
7814,0.0983293090870648
7815,0.115322882046695
7816,0.131374917132945
7817,0.12247124881695
7818,0.111214900631737
7819,0.136032159521815
7820,0.100181528426704
7821,0.140533408948173
7822,0.100527074700842
7823,0.156529961417555
7824,0.0989594547353327
7825,0.127212617365402
7826,0.121508011196927
7827,0.108370583864243
7828,0.106090042022678
7829,0.102215856916769
7830,0.092032068097863
7831,0.102147144904359
7832,0.117172677114806
7833,0.120767772073915
7834,0.15002650341354
7835,0.124091842892043
7836,0.136976943213129
7837,0.140092832108718
7838,0.120959998900493
7839,0.13391698816421
7840,0.136626487948739
7841,0.1145763241417
7842,0.0997699968963214
7843,0.103953934816298
7844,0.117323015648307
7845,0.108529776014315
7846,0.134846638242361
7847,0.137927064815598
7848,0.101993824507056
7849,0.112689518396471
7850,0.118861761443804
7851,0.138286030417185
7852,0.126966650248328
7853,0.108807303824387
7854,0.11987790123192
7855,0.121284561715396
7856,0.132685620778623
7857,0.120997338991105
7858,0.100358758735068
7859,0.0808997258909942
7860,0.0969369547007069
7861,0.130987919047086
7862,0.109427771199392
7863,0.10786460300843
7864,0.103629276422861
7865,0.128317955548837
7866,0.127507452497623
7867,0.11406699695844
7868,0.127372989062067
7869,0.107816908661592
7870,0.127802000744165
7871,0.125340084873705
7872,0.116642556039887
7873,0.105894002259111
7874,0.0941585263462341
7875,0.114426930916226
7876,0.136301613070684
7877,0.114700316677095
7878,0.134212971543918
7879,0.132110299439509
7880,0.102243494597836
7881,0.135009503302262
7882,0.122571380010964
7883,0.090346765781767
7884,0.120606415793596
7885,0.0858414004834514
7886,0.0911691783843967
7887,0.118399391627679
7888,0.128721416557518
7889,0.111688802825218
7890,0.119735565965277
7891,0.122893634610973
7892,0.111903800935186
7893,0.123684481952219
7894,0.0926948388206493
7895,0.10244199426444
7896,0.117556184117661
7897,0.123057721472595
7898,0.13500478588493
7899,0.135320592166307
7900,0.115886749412456
7901,0.0981126323508894
7902,0.116351186261305
7903,0.117295101478186
7904,0.0881187112559689
7905,0.101683011741123
7906,0.118953410643223
7907,0.124045687573078
7908,0.133931007330119
7909,0.11027887975909
7910,0.0976266934724253
7911,0.0987729402350404
7912,0.131437199573564
7913,0.126641078025376
7914,0.124592984795258
7915,0.140667648505024
7916,0.0852285116682737
7917,0.132245155129035
7918,0.129636495436721
7919,0.105710478479025
7920,0.120325109171231
7921,0.123321671911989
7922,0.113282004305202
7923,0.0927695776967713
7924,0.123008024755393
7925,0.102247064988211
7926,0.113957535850144
7927,0.122484654413839
7928,0.132339090998991
7929,0.0842831281670533
7930,0.106285343395092
7931,0.0962439198253063
7932,0.112510770862347
7933,0.124388947973087
7934,0.120228399226385
7935,0.111202419496625
7936,0.101937131101963
7937,0.107158670119008
7938,0.14290484105945
7939,0.121887779825183
7940,0.119542625891438
7941,0.103623723014341
7942,0.122698899648318
7943,0.112463082687114
7944,0.147988739138723
7945,0.130427804836298
7946,0.100976910071324
7947,0.0962982275744028
7948,0.115368895717151
7949,0.102045144541429
7950,0.119355769461352
7951,0.122103199577615
7952,0.0980020502812481
7953,0.110386251425713
7954,0.126429369154926
7955,0.147794286919458
7956,0.102342787665153
7957,0.155412297244354
7958,0.104386278256283
7959,0.124875164493827
7960,0.10684862214134
7961,0.124170826828879
7962,0.12458974443922
7963,0.108027721366517
7964,0.125705974330453
7965,0.109689010874743
7966,0.139191164832475
7967,0.0858041381651014
7968,0.116011427543459
7969,0.0966675059718873
7970,0.108837743992168
7971,0.106215712449515
7972,0.120752082419322
7973,0.129333503598586
7974,0.109381386277016
7975,0.118464398549815
7976,0.100297753548787
7977,0.121598130297936
7978,0.142519315545234
7979,0.109507537614982
7980,0.114226974615256
7981,0.106170752637495
7982,0.134887025334722
7983,0.110093763180167
7984,0.106837140106538
7985,0.122879801346982
7986,0.138571880584366
7987,0.114511774911609
7988,0.112872486123571
7989,0.108246691050764
7990,0.108386015760417
7991,0.136304651056371
7992,0.117073792444842
7993,0.121995854532382
7994,0.124524794425623
7995,0.153376190068054
7996,0.112544626793747
7997,0.121365635524178
7998,0.0811417016880377
7999,0.118097108384234
8000,0.116543990749482
8001,0.10908184577531
8002,0.121986707867002
8003,0.103693293514145
8004,0.107509446474479
8005,0.119177398228559
8006,0.110295317230309
8007,0.136983562225203
8008,0.115965514486518
8009,0.107259490624905
8010,0.108935205447916
8011,0.0929735253797735
8012,0.112662037121367
8013,0.115595280100151
8014,0.130233304359615
8015,0.0950704042828124
8016,0.114313433139208
8017,0.119448789566892
8018,0.114391899367124
8019,0.0943640535149905
8020,0.101398550616899
8021,0.112669977735532
8022,0.117646666483731
8023,0.111515095402764
8024,0.107235536583777
8025,0.125978216195679
8026,0.111302014478747
8027,0.136342368382159
8028,0.112603642745557
8029,0.12495251241358
8030,0.13062386063296
8031,0.138753629927501
8032,0.130425390055123
8033,0.106333064633168
8034,0.119526824364408
8035,0.130907350770374
8036,0.123801668540583
8037,0.100680522402119
8038,0.0973233733680539
8039,0.114100659157228
8040,0.117087616525177
8041,0.133025056027304
8042,0.143424593440709
8043,0.13374510826159
8044,0.124481378140156
8045,0.124449561412254
8046,0.128467969041868
8047,0.127730491983131
8048,0.117839988132014
8049,0.148570598128527
8050,0.120175766056864
8051,0.111759985282806
8052,0.134688304393138
8053,0.10764609371747
8054,0.103845978560997
8055,0.0978673132842399
8056,0.102008812711608
8057,0.141048988068192
8058,0.102830718503746
8059,0.142770404093474
8060,0.139342892614429
8061,0.129996702661648
8062,0.108027828723939
8063,0.122780475241576
8064,0.13720397762468
8065,0.118544985959621
8066,0.122433824653352
8067,0.094954874190307
8068,0.1116695182776
8069,0.137315236423054
8070,0.141952991366868
8071,0.1317299585771
8072,0.0949065969402265
8073,0.102975551171068
8074,0.122294973256095
8075,0.110565737180461
8076,0.109423698275655
8077,0.125714627021595
8078,0.106728338562679
8079,0.0947197440048597
8080,0.134690709444185
8081,0.119325694800246
8082,0.105507391723405
8083,0.0856054775689779
8084,0.110154116983732
8085,0.122492544645932
8086,0.122548258296857
8087,0.120622448535717
8088,0.113611613008079
8089,0.133358156787683
8090,0.106121399462427
8091,0.117574924222149
8092,0.118209876800553
8093,0.116187860199721
8094,0.102719527114321
8095,0.101019698806025
8096,0.0974850940595814
8097,0.117581397199007
8098,0.114020346268782
8099,0.107086986167313
8100,0.129353787064508
8101,0.128682140969163
8102,0.104943498009479
8103,0.121898564020538
8104,0.11996917356347
8105,0.121478710142673
8106,0.128494424395104
8107,0.118323127522264
8108,0.0960023221022012
8109,0.102398708600228
8110,0.11894938238246
8111,0.104444770114646
8112,0.139487991684422
8113,0.119893001168803
8114,0.10020099410446
8115,0.130214075055403
8116,0.121272288583306
8117,0.118375656225072
8118,0.119605556960733
8119,0.136224221625119
8120,0.0897319949962575
8121,0.114210403053149
8122,0.12095052982013
8123,0.123986886458533
8124,0.114762294077358
8125,0.119253937936128
8126,0.109486458210852
8127,0.131166117540589
8128,0.0994061906143066
8129,0.097034336400637
8130,0.14064578056737
8131,0.103607345641917
8132,0.131629064568401
8133,0.117867791793287
8134,0.136530347032082
8135,0.120814921129692
8136,0.100370596035028
8137,0.121493163790583
8138,0.12691527476565
8139,0.123883224282056
8140,0.131639737169501
8141,0.129864473653365
8142,0.123144918948011
8143,0.111643454316188
8144,0.116196648007543
8145,0.114273381215721
8146,0.115339292745915
8147,0.119154271181207
8148,0.149834423310616
8149,0.119868012890147
8150,0.129193946256722
8151,0.109328187437054
8152,0.127455906437703
8153,0.126917949123523
8154,0.0976238023777406
8155,0.140271846426781
8156,0.124013222368325
8157,0.104960169218799
8158,0.130570184998788
8159,0.133990505965247
8160,0.0966506070523123
8161,0.117277134533672
8162,0.128319408342873
8163,0.137819136371721
8164,0.126575855868248
8165,0.108216643893473
8166,0.118163018902426
8167,0.12153196200763
8168,0.131244698130959
8169,0.116768753648485
8170,0.121323153726541
8171,0.106938969718346
8172,0.100189174595877
8173,0.137564831619588
8174,0.1329037936181
8175,0.132366809120003
8176,0.100622494137703
8177,0.118698006473152
8178,0.127067748957077
8179,0.10122101308356
8180,0.138638094152348
8181,0.130297249112315
8182,0.106639319680489
8183,0.104563419236371
8184,0.119239804729537
8185,0.097157083549227
8186,0.1380663135801
8187,0.100975688075913
8188,0.126120927583477
8189,0.132152018925226
8190,0.0825663074311261
8191,0.129293564391686
8192,0.109780917494341
8193,0.105380612651376
8194,0.135626698002101
8195,0.133099209946199
8196,0.121895347597715
8197,0.106593443110053
8198,0.123122854012858
8199,0.118822315847431
8200,0.13729578643774
8201,0.114142832808892
8202,0.131575824365388
8203,0.0901945699809616
8204,0.124208600176552
8205,0.100356918069655
8206,0.103848837470485
8207,0.126556382559648
8208,0.0845624142942469
8209,0.140424505996443
8210,0.120163803394537
8211,0.131062495874317
8212,0.0987414380354932
8213,0.136767291300441
8214,0.103609210046446
8215,0.123965006974726
8216,0.103123076974395
8217,0.114879839603415
8218,0.116621407011262
8219,0.126922839598625
8220,0.121218257324874
8221,0.0859408952391803
8222,0.112469966868612
8223,0.118476659119098
8224,0.133789983589979
8225,0.108353639055663
8226,0.124601826936644
8227,0.117700447728858
8228,0.0980168828544585
8229,0.12227773303157
8230,0.12816648668356
8231,0.128284199484913
8232,0.112698271019141
8233,0.134789469043812
8234,0.126160241610444
8235,0.101541084741284
8236,0.125965071715461
8237,0.131315971557813
8238,0.127580776983447
8239,0.102785004265451
8240,0.130057519134481
8241,0.107399299844243
8242,0.108727612464277
8243,0.12217175543823
8244,0.143049243258069
8245,0.0923802442304247
8246,0.124046700858256
8247,0.116878867283283
8248,0.108079671342085
8249,0.0998972424593594
8250,0.108040378969818
8251,0.0970070747426963
8252,0.133364169856641
8253,0.115973732389603
8254,0.108804655720202
8255,0.126989251197219
8256,0.124170594844684
8257,0.104046577066068
8258,0.112416002480267
8259,0.116076432793138
8260,0.0814236691383709
8261,0.124922587813403
8262,0.122209406836751
8263,0.096923615964092
8264,0.130611527302873
8265,0.0897100529520745
8266,0.113048602003994
8267,0.0979354576090297
8268,0.120788619152136
8269,0.0858490947281593
8270,0.11193971228509
8271,0.10271891798787
8272,0.118074448475991
8273,0.122254937970358
8274,0.139782040153993
8275,0.124430711792622
8276,0.104697589217854
8277,0.142822600341567
8278,0.131255738619992
8279,0.134466123836559
8280,0.12846614120318
8281,0.114337408539164
8282,0.09976131745736
8283,0.102164033947169
8284,0.137436174409369
8285,0.0998823180167189
8286,0.131198180362447
8287,0.127729681762911
8288,0.124198656485947
8289,0.103214658290451
8290,0.121114759878496
8291,0.113124748483532
8292,0.0989659409166855
8293,0.111449971839908
8294,0.126847543004319
8295,0.112550364963267
8296,0.0959913839570041
8297,0.115109119884238
8298,0.121681658825988
8299,0.116068891862573
8300,0.10078925432131
8301,0.123822876041183
8302,0.145741282022765
8303,0.130585413608967
8304,0.130604968794587
8305,0.126934267075663
8306,0.0898274123239833
8307,0.140955134348866
8308,0.109855726040262
8309,0.1117098512823
8310,0.108967443822292
8311,0.114508927398425
8312,0.108725498471877
8313,0.113686357691919
8314,0.115789287256338
8315,0.137742126999649
8316,0.114860659691009
8317,0.0995812000384396
8318,0.120056592839058
8319,0.129832909946886
8320,0.130020704324074
8321,0.124346786592153
8322,0.134821513725434
8323,0.131775652443019
8324,0.112750322215787
8325,0.130492310374127
8326,0.124644705104845
8327,0.107122650145148
8328,0.117552920784357
8329,0.109741851268256
8330,0.129054205323137
8331,0.128777241464566
8332,0.117868434894647
8333,0.110427472936642
8334,0.120857227387515
8335,0.140038283640674
8336,0.126779631263526
8337,0.110623268044619
8338,0.10800439281941
8339,0.122604528476951
8340,0.108941716800881
8341,0.131855445721762
8342,0.142852645821426
8343,0.128090207057888
8344,0.133036393651514
8345,0.101839321091407
8346,0.131381056274246
8347,0.131543547372339
8348,0.123573734493575
8349,0.127645254124299
8350,0.0748114109223403
8351,0.137246270317093
8352,0.112888728526557
8353,0.0943032024855034
8354,0.0998891019965769
8355,0.119137028305665
8356,0.123359113538295
8357,0.118854917626377
8358,0.10585902885917
8359,0.112038453288291
8360,0.103588474980311
8361,0.118985123795785
8362,0.149445991380343
8363,0.107227203495146
8364,0.136050859391602
8365,0.106079169045273
8366,0.145677801588759
8367,0.128096619333106
8368,0.113630021821871
8369,0.117714306723393
8370,0.0967042380021523
8371,0.114558474500867
8372,0.132262769326564
8373,0.131795211261045
8374,0.117300726964468
8375,0.114857267373017
8376,0.128838653480516
8377,0.11860433470317
8378,0.0927738023226297
8379,0.144136518021939
8380,0.124857706684885
8381,0.0989028493525499
8382,0.121132833065295
8383,0.115889565628885
8384,0.112303012026214
8385,0.127100633770364
8386,0.121888733288195
8387,0.129192315017995
8388,0.115863922341172
8389,0.123002730676028
8390,0.123032032018305
8391,0.115953552352274
8392,0.129811736561769
8393,0.1006924790835
8394,0.107078241224634
8395,0.0974816524252783
8396,0.123795809154246
8397,0.118283483901475
8398,0.111953509833373
8399,0.125007581379894
8400,0.133302717761041
8401,0.135410415999801
8402,0.121987243494003
8403,0.105486454702286
8404,0.100390754203213
8405,0.106654261964399
8406,0.11631773280123
8407,0.109221284470286
8408,0.124201042780166
8409,0.100878698871147
8410,0.134602613920098
8411,0.0883921597180042
8412,0.122240443318197
8413,0.120277939138806
8414,0.117616317885985
8415,0.124049857424108
8416,0.136151635556103
8417,0.108821731516524
8418,0.120028591919121
8419,0.0846498993552495
8420,0.103158982508119
8421,0.121154228138913
8422,0.124541833259498
8423,0.0935596667812931
8424,0.119484667334323
8425,0.140769714530377
8426,0.114049858821117
8427,0.0991295134915318
8428,0.124280669838737
8429,0.14832411028161
8430,0.111099168935918
8431,0.117604057849006
8432,0.10163474623818
8433,0.128204113344583
8434,0.116395012614089
8435,0.111165309672739
8436,0.10177344523617
8437,0.0855992130710563
8438,0.122234132198595
8439,0.135380439555002
8440,0.100717595441172
8441,0.115897761566016
8442,0.15384755535135
8443,0.111028866644638
8444,0.119852654000356
8445,0.104245831616456
8446,0.111061492577866
8447,0.0793300127656206
8448,0.126799614105797
8449,0.127315912802455
8450,0.116346050757005
8451,0.0909164090628464
8452,0.0948049026540682
8453,0.149924273443055
8454,0.13435849019549
8455,0.119108618117478
8456,0.120322388409188
8457,0.114855440114797
8458,0.0916154282011792
8459,0.0983612211848298
8460,0.107596719743242
8461,0.137834738660251
8462,0.123156975222026
8463,0.131748826592273
8464,0.130314891349712
8465,0.113750088120072
8466,0.10913645038148
8467,0.117774761133747
8468,0.100866974090555
8469,0.112500839770175
8470,0.102470879362646
8471,0.0914551884156931
8472,0.0869236095714162
8473,0.127245793349041
8474,0.119671981433297
8475,0.107269489690434
8476,0.126132966199892
8477,0.11558338099661
8478,0.107132975027164
8479,0.0976089990571717
8480,0.118227069749688
8481,0.111597562179768
8482,0.122482233103617
8483,0.113374367537694
8484,0.123958851336548
8485,0.100487119428824
8486,0.112628229806064
8487,0.135366165434523
8488,0.118184393600515
8489,0.110330409102427
8490,0.108388200470673
8491,0.114120696816507
8492,0.114129624185602
8493,0.105446488145277
8494,0.0896753790845237
8495,0.114845104208925
8496,0.0882316504072987
8497,0.094226337700753
8498,0.113196026982651
8499,0.123081677091688
8500,0.123820280768641
8501,0.109897850891034
8502,0.12958425763372
8503,0.1331163529301
8504,0.0966354455222715
8505,0.121700668301131
8506,0.0971663084304826
8507,0.120278760738601
8508,0.103085106562748
8509,0.12285680028901
8510,0.12546432255641
8511,0.0815817552632821
8512,0.122083486635563
8513,0.10832314375647
8514,0.119381511005912
8515,0.1267147275477
8516,0.114258652156916
8517,0.121939001607033
8518,0.132215469303858
8519,0.0960284802699265
8520,0.107816288848561
8521,0.119442197539778
8522,0.114549462442347
8523,0.129954665948706
8524,0.0930109376394765
8525,0.117770302434819
8526,0.11503341320629
8527,0.132541683253349
8528,0.107615569141777
8529,0.100297275000207
8530,0.104436626345764
8531,0.112347350558032
8532,0.127032545086453
8533,0.102045123812675
8534,0.102380222282744
8535,0.142911328975057
8536,0.119684866910251
8537,0.0992413259910772
8538,0.0986953612593238
8539,0.114452219365701
8540,0.0852251145614589
8541,0.117051476428841
8542,0.129409139556023
8543,0.109274453044129
8544,0.124451051039116
8545,0.105451509649507
8546,0.131180158815904
8547,0.12102930503692
8548,0.110523453962815
8549,0.138306715654922
8550,0.130698764378137
8551,0.122636156436892
8552,0.10791390342119
8553,0.123453097878579
8554,0.132679366170225
8555,0.125155515299363
8556,0.119900452650929
8557,0.136672525164118
8558,0.119388888807364
8559,0.0970967759990938
8560,0.157001130672219
8561,0.115136698431644
8562,0.107117382257411
8563,0.105242837053251
8564,0.125540624257637
8565,0.110889548275214
8566,0.116869568224697
8567,0.0987192324763308
8568,0.128775922067384
8569,0.108930545393842
8570,0.117662995509747
8571,0.13256001335923
8572,0.115535983377692
8573,0.091340412331831
8574,0.125710137262558
8575,0.128534286903123
8576,0.120366700138934
8577,0.110989291119774
8578,0.114601334020647
8579,0.128435949136002
8580,0.113927193236221
8581,0.105860659521154
8582,0.104853143595668
8583,0.126114004953416
8584,0.12128310304764
8585,0.123044968802127
8586,0.0991316424836124
8587,0.123637807617648
8588,0.11408775251876
8589,0.107675786966626
8590,0.0892696384807067
8591,0.10367018738003
8592,0.133615944446697
8593,0.138221676100001
8594,0.118001418717849
8595,0.113967978243838
8596,0.120216905210242
8597,0.134603665663428
8598,0.134695852905695
8599,0.135726170493194
8600,0.119197681474349
8601,0.105695718381019
8602,0.103250740458369
8603,0.117087867308434
8604,0.140209567153036
8605,0.119054343441699
8606,0.132038416911748
8607,0.0955632162538052
8608,0.090561785709525
8609,0.0890753681120467
8610,0.0947040297828608
8611,0.1180789279895
8612,0.120066896586752
8613,0.117545710449619
8614,0.132360103271433
8615,0.106900617699284
8616,0.124393859764499
8617,0.115493516256005
8618,0.106920565333919
8619,0.109415325625166
8620,0.128156779299771
8621,0.136024261797412
8622,0.123867492821085
8623,0.125620056977054
8624,0.128725609389682
8625,0.116044821790264
8626,0.124554944834853
8627,0.123238437457021
8628,0.128490252192411
8629,0.0755915146285033
8630,0.116412493644289
8631,0.132160641211822
8632,0.128529445729708
8633,0.134826503138544
8634,0.149927671839797
8635,0.102776234022594
8636,0.124131789448821
8637,0.117129751011307
8638,0.104673949503572
8639,0.109207406660236
8640,0.1290302280811
8641,0.0991879047408021
8642,0.0944931158018535
8643,0.120085663064872
8644,0.149171928025875
8645,0.111428933903118
8646,0.12086160628629
8647,0.128800621564633
8648,0.106284551792356
8649,0.131108900248022
8650,0.0972915190473049
8651,0.107741327221508
8652,0.104701444533563
8653,0.121719762556622
8654,0.116499538861759
8655,0.114556091700471
8656,0.106514506966471
8657,0.110618075468942
8658,0.136530138331029
8659,0.113223834555848
8660,0.106929412315316
8661,0.139345701870913
8662,0.157180552788443
8663,0.114541244973437
8664,0.118116235954407
8665,0.103737916921526
8666,0.101696531999422
8667,0.139192672834577
8668,0.112388032164496
8669,0.116535505245124
8670,0.129489636082451
8671,0.136907710143942
8672,0.110413763427576
8673,0.104718637703849
8674,0.128674318385957
8675,0.139831374271214
8676,0.107340005429737
8677,0.1222272119337
8678,0.126859839738178
8679,0.116470251630251
8680,0.124937068235837
8681,0.119325498010094
8682,0.130578128207931
8683,0.110194999513973
8684,0.133934687638328
8685,0.118412876043111
8686,0.13603641525224
8687,0.13063146979973
8688,0.132221557540108
8689,0.105898621808056
8690,0.109684471204974
8691,0.118678450409426
8692,0.133558163294017
8693,0.130454468669119
8694,0.142459303202187
8695,0.132270911488319
8696,0.112235886430191
8697,0.117503829174653
8698,0.128418520789788
8699,0.105777433886087
8700,0.132813587249105
8701,0.135684597846566
8702,0.107875527967187
8703,0.130077612811216
8704,0.111677857878189
8705,0.114614971256693
8706,0.11627404207556
8707,0.123749741643921
8708,0.129054614337666
8709,0.114200055809069
8710,0.102627561531309
8711,0.117073437810159
8712,0.117389351686502
8713,0.106090401534077
8714,0.120634910652017
8715,0.13895103759781
8716,0.10778913109657
8717,0.0995489794444823
8718,0.12143255877232
8719,0.112356771699498
8720,0.11816786676041
8721,0.140345383425262
8722,0.134628852380778
8723,0.109782495272406
8724,0.131596155213735
8725,0.109574991742739
8726,0.114017433310973
8727,0.135863907703427
8728,0.119801725842089
8729,0.109031223973077
8730,0.109611305465941
8731,0.130770263406052
8732,0.11789413678351
8733,0.104836262624822
8734,0.113717300061641
8735,0.123918399375056
8736,0.122376697255143
8737,0.132525801146456
8738,0.0925985471422467
8739,0.130640728676989
8740,0.127221414488934
8741,0.11235787272272
8742,0.110101202301413
8743,0.1048351452187
8744,0.121509721189818
8745,0.111619269172924
8746,0.136283313930144
8747,0.110728035541496
8748,0.138338180767794
8749,0.117493152088797
8750,0.0758464320899965
8751,0.116290355008027
8752,0.107927128726379
8753,0.122237496993215
8754,0.125979500786312
8755,0.144016265063343
8756,0.105973864987705
8757,0.134994294005889
8758,0.12306923273587
8759,0.127858676733991
8760,0.12359784964188
8761,0.121974286658189
8762,0.127268892582368
8763,0.111084511367781
8764,0.135714995100562
8765,0.125999294501413
8766,0.125441822800046
8767,0.107529580557402
8768,0.124819135404036
8769,0.110465056796825
8770,0.113555364912535
8771,0.0895409702889204
8772,0.117076591696969
8773,0.142079443383019
8774,0.114361255915324
8775,0.125442902392791
8776,0.121914735705931
8777,0.121587068476102
8778,0.10622044897023
8779,0.103158700688249
8780,0.117837610206108
8781,0.101733100902994
8782,0.116669895957324
8783,0.108484979314456
8784,0.101314400799243
8785,0.130781834915382
8786,0.106873020507638
8787,0.144656968565443
8788,0.104940212496118
8789,0.120375063192961
8790,0.11199349395362
8791,0.11987401347207
8792,0.136883812245953
8793,0.080126210962914
8794,0.106715103216787
8795,0.124865810703643
8796,0.108372084710562
8797,0.136451838449706
8798,0.120418366051265
8799,0.125288278470345
8800,0.109933651196772
8801,0.109370953847411
8802,0.123290068159792
8803,0.126504629483003
8804,0.128080644877796
8805,0.109851177628245
8806,0.1087846463329
8807,0.0883059622439935
8808,0.114931878812143
8809,0.136652780846107
8810,0.121360137803896
8811,0.0934926856834232
8812,0.124159019174544
8813,0.105048491801022
8814,0.142997074773412
8815,0.0891247782095258
8816,0.116063504191641
8817,0.11195088700195
8818,0.108497891448678
8819,0.116963671905433
8820,0.117081366276814
8821,0.0988705408803727
8822,0.122564343097366
8823,0.0908734976675627
8824,0.0976851526960165
8825,0.117877523215861
8826,0.12974485349659
8827,0.105209328845663
8828,0.119338541098223
8829,0.110374094077091
8830,0.093659561374212
8831,0.11889129022216
8832,0.133831946515876
8833,0.112820672390632
8834,0.123391967210356
8835,0.111091574437107
8836,0.131776202889536
8837,0.100894332074026
8838,0.124593442931855
8839,0.130232802196578
8840,0.130963063784096
8841,0.109932928325097
8842,0.115521791931814
8843,0.0952691901708898
8844,0.115561971545247
8845,0.118067969067129
8846,0.111942515920981
8847,0.100852178979729
8848,0.123665545718711
8849,0.105214438990548
8850,0.136569768544862
8851,0.109926750797685
8852,0.116180840175459
8853,0.125542821007041
8854,0.120617195786182
8855,0.121723633222754
8856,0.116729139542997
8857,0.121392503607586
8858,0.115437882838538
8859,0.129438506941778
8860,0.11901019992582
8861,0.110281386264117
8862,0.0959276729362
8863,0.104984771286326
8864,0.133017753930863
8865,0.100160577637653
8866,0.106479694299615
8867,0.111170213570509
8868,0.1501194432602
8869,0.126091447718277
8870,0.1095449116256
8871,0.104628631224232
8872,0.119730188089098
8873,0.113261317257796
8874,0.109592066578255
8875,0.120309155893696
8876,0.0948032085627906
8877,0.126703198850891
8878,0.104799039975862
8879,0.11049388913805
8880,0.137721592511613
8881,0.136604727530396
8882,0.140012690536559
8883,0.123917333778467
8884,0.152020626279262
8885,0.12958718019316
8886,0.138123705227488
8887,0.114937650724742
8888,0.123387446273844
8889,0.108043355721144
8890,0.11310523499008
8891,0.113092342886676
8892,0.113507719427237
8893,0.12810237689248
8894,0.135044437319713
8895,0.112770051152189
8896,0.111788213784905
8897,0.113226285441556
8898,0.11090571476892
8899,0.112989205379249
8900,0.103528644895271
8901,0.127420893299988
8902,0.118021944182934
8903,0.117263356125898
8904,0.0914856333104531
8905,0.0977476482005712
8906,0.12919234001613
8907,0.109763743005629
8908,0.136848540630548
8909,0.0952969574871071
8910,0.109072579686227
8911,0.117583869510925
8912,0.115937057412816
8913,0.112509135355696
8914,0.127305819217933
8915,0.120139481581639
8916,0.105643838581486
8917,0.108295981223158
8918,0.116672286950063
8919,0.112193468539814
8920,0.125491712876029
8921,0.119889049387433
8922,0.117266343903824
8923,0.141621356273784
8924,0.137966021744997
8925,0.112007260729958
8926,0.124310029153675
8927,0.139648031638565
8928,0.143017357552044
8929,0.131877003642277
8930,0.140643689889907
8931,0.119719285046818
8932,0.11717723149845
8933,0.140699678247496
8934,0.106610261624172
8935,0.118649547239312
8936,0.130136694561137
8937,0.102122817656466
8938,0.0829521737735053
8939,0.134186663393723
8940,0.129954861038214
8941,0.130008510739911
8942,0.0993428143703996
8943,0.0816219511213279
8944,0.142808298479677
8945,0.117969133100161
8946,0.123958959568414
8947,0.127344452126869
8948,0.121728424453708
8949,0.105002688345406
8950,0.123266500773148
8951,0.117064813122744
8952,0.119600509999807
8953,0.0976595055622352
8954,0.126352936590299
8955,0.0935136965896781
8956,0.108401152273757
8957,0.113147076344515
8958,0.10514557856369
8959,0.106151576793515
8960,0.12097342405698
8961,0.12830728823583
8962,0.115900473209722
8963,0.0966776878852304
8964,0.132800007812705
8965,0.114824288474825
8966,0.0973836038929178
8967,0.119453916135183
8968,0.11097838921414
8969,0.128400949472654
8970,0.105784713964136
8971,0.10257706923393
8972,0.102981099018484
8973,0.131970907661861
8974,0.142702081412034
8975,0.110327040750517
8976,0.125552791085982
8977,0.116369601705084
8978,0.140268968666167
8979,0.102293211201402
8980,0.143939089854338
8981,0.13910077285092
8982,0.0741056132263753
8983,0.122115888080724
8984,0.10773483150661
8985,0.120345859882614
8986,0.0864858891832141
8987,0.109520732375486
8988,0.124851605207458
8989,0.0999417612332461
8990,0.127416158886543
8991,0.135131885431509
8992,0.118885806216858
8993,0.129743071535192
8994,0.127942884664349
8995,0.1034926499789
8996,0.127614755382627
8997,0.134369010742164
8998,0.0969046751361434
8999,0.128831512583279
9000,0.0964040719955375
9001,0.132746065355256
9002,0.0981403070961858
9003,0.100133029201299
9004,0.130727881435447
9005,0.126453579754662
9006,0.0911545707130584
9007,0.122282766160807
9008,0.111473389274844
9009,0.120797163409233
9010,0.130024703997944
9011,0.0983035011681491
9012,0.125404427846712
9013,0.132217079033962
9014,0.0925542062024255
9015,0.115720878519868
9016,0.141073725611355
9017,0.138876472522178
9018,0.141671083804723
9019,0.10269085715571
9020,0.114169839275492
9021,0.110245251039108
9022,0.113668526272539
9023,0.115138087155218
9024,0.14828710890586
9025,0.105105889577619
9026,0.11879824711289
9027,0.1191443752555
9028,0.123936914592129
9029,0.13467431905467
9030,0.12544036578521
9031,0.104056618574444
9032,0.10542177076674
9033,0.146568556551071
9034,0.124361459816644
9035,0.0972551584607376
9036,0.116167431536988
9037,0.0906103815185601
9038,0.0977895101992128
9039,0.114443107431877
9040,0.131456742633504
9041,0.10521800548478
9042,0.124013879358275
9043,0.128455805330945
9044,0.129348811576241
9045,0.0799206365591487
9046,0.105692317016578
9047,0.120240934201265
9048,0.109584296746419
9049,0.107915675852925
9050,0.136483620040113
9051,0.107706637069627
9052,0.139750611801487
9053,0.096395990431899
9054,0.102036571162389
9055,0.100840577200248
9056,0.129155328603045
9057,0.11518752967776
9058,0.114198310039179
9059,0.128214636615908
9060,0.114767763608599
9061,0.110068099284683
9062,0.142696981720767
9063,0.104366849266663
9064,0.120238881160686
9065,0.101174771480291
9066,0.110938656507179
9067,0.131099434076883
9068,0.118823276915561
9069,0.127007520472789
9070,0.117499159942082
9071,0.12496699892392
9072,0.120766514073681
9073,0.125109679315777
9074,0.108274673727963
9075,0.107260512987579
9076,0.11224935501034
9077,0.0945911737874272
9078,0.131249900559687
9079,0.111200035169416
9080,0.117481847518347
9081,0.114181660071333
9082,0.114887455477203
9083,0.148959543654817
9084,0.11981733916547
9085,0.123647117889549
9086,0.121638921497509
9087,0.10502376891332
9088,0.115748794730653
9089,0.11723172569285
9090,0.0836502085449677
9091,0.146333550331677
9092,0.152600159867075
9093,0.121556727853219
9094,0.111916327295025
9095,0.126939590772454
9096,0.106601264762599
9097,0.127437561909685
9098,0.0959948789907532
9099,0.0950245384030302
9100,0.107198903135853
9101,0.123829256250635
9102,0.121827073620223
9103,0.11338456245728
9104,0.113266847897031
9105,0.151245353867068
9106,0.133357190155453
9107,0.109826953944211
9108,0.112141597344142
9109,0.135752128629044
9110,0.113439591167571
9111,0.116045551597179
9112,0.119968725255107
9113,0.116742352065493
9114,0.0978472745737606
9115,0.124367939701796
9116,0.117552608031224
9117,0.122880088872165
9118,0.139589623428976
9119,0.126916017345424
9120,0.102776348916917
9121,0.114015988175311
9122,0.138120238633539
9123,0.109751553008254
9124,0.153135917325744
9125,0.100260046453242
9126,0.14847660210211
9127,0.0993649722463771
9128,0.131690950162727
9129,0.13034280785003
9130,0.114000228813977
9131,0.0879046152126063
9132,0.113689479487727
9133,0.132977606893776
9134,0.11210861943043
9135,0.0977531831872101
9136,0.117812162447545
9137,0.137214329411403
9138,0.0967042599593226
9139,0.111073795107022
9140,0.1314074478057
9141,0.113330029434987
9142,0.112327446040393
9143,0.116455267154911
9144,0.102771766049901
9145,0.139526566111544
9146,0.106557198589688
9147,0.121810104041759
9148,0.123465365341325
9149,0.134008161854131
9150,0.10914393269783
9151,0.124613158804
9152,0.120856217840875
9153,0.124303670590754
9154,0.113068411900208
9155,0.130679848511016
9156,0.11912978382577
9157,0.145078221587023
9158,0.120591369678847
9159,0.122006992065924
9160,0.126277349066556
9161,0.116577696177829
9162,0.10420749288953
9163,0.158713106843948
9164,0.0917664143024856
9165,0.124825867815309
9166,0.128309495586694
9167,0.0866776080162327
9168,0.107343574027019
9169,0.106611281745737
9170,0.130414051311493
9171,0.120913472657026
9172,0.132395423767077
9173,0.103305940946682
9174,0.0917541432116269
9175,0.137152552548639
9176,0.145307858800182
9177,0.111606946972854
9178,0.10858577711699
9179,0.129456801937339
9180,0.129634129349674
9181,0.147096804323177
9182,0.101575711069929
9183,0.127417678724826
9184,0.0798907324406872
9185,0.110765835059692
9186,0.134481033778172
9187,0.12417612940262
9188,0.107346539530739
9189,0.126360140695889
9190,0.155983474401834
9191,0.110541514619139
9192,0.0943224609358908
9193,0.111128930911719
9194,0.127986170984373
9195,0.094378386765784
9196,0.119373825249604
9197,0.12553386895917
9198,0.115088109148034
9199,0.112002064597051
9200,0.131377535267843
9201,0.112624841231399
9202,0.126522900295646
9203,0.112812416273408
9204,0.111051270283564
9205,0.115172617862794
9206,0.104255606432076
9207,0.113825551110392
9208,0.108301969154453
9209,0.137648048888533
9210,0.108418497971832
9211,0.107960672253743
9212,0.125206253070893
9213,0.120470205884988
9214,0.141216228300842
9215,0.125896192567558
9216,0.100949491415437
9217,0.134157386000079
9218,0.104571631254107
9219,0.121533290588712
9220,0.134719508598157
9221,0.117563107907461
9222,0.0928066509223636
9223,0.110509722208994
9224,0.105425612680412
9225,0.137926697262987
9226,0.148238863433513
9227,0.103110348927965
9228,0.141830064417195
9229,0.0863804349936944
9230,0.106581313396959
9231,0.108662246887207
9232,0.102375544859558
9233,0.120391644289872
9234,0.118141895930194
9235,0.0955973818112164
9236,0.100192116573131
9237,0.12177210313396
9238,0.103914921599096
9239,0.13883366460584
9240,0.107133232387487
9241,0.105389950303534
9242,0.108849820463509
9243,0.155767274177587
9244,0.1347864638458
9245,0.124834834967769
9246,0.137603282480174
9247,0.0962879685618449
9248,0.119924826098832
9249,0.114820834728822
9250,0.102755043176381
9251,0.145622305438776
9252,0.0964658730927056
9253,0.0899011914317053
9254,0.157158964914081
9255,0.117883672292823
9256,0.10040380455937
9257,0.118578690481174
9258,0.124329377453608
9259,0.141236186952079
9260,0.111278748869945
9261,0.143576957321194
9262,0.121513208139218
9263,0.130121724205862
9264,0.113238591888018
9265,0.113909689914937
9266,0.0779619622514156
9267,0.134737142223819
9268,0.113182320378765
9269,0.126230166515111
9270,0.147689289194888
9271,0.100567436291851
9272,0.108023759904556
9273,0.134657984750994
9274,0.136137379604692
9275,0.100485293091318
9276,0.115486571913165
9277,0.127972983625462
9278,0.119713328965328
9279,0.0952257605015101
9280,0.109329173985205
9281,0.113234845508344
9282,0.125596365353371
9283,0.133736771958322
9284,0.132917417584797
9285,0.143720289229009
9286,0.113793488436051
9287,0.13652130878685
9288,0.104253506370744
9289,0.0712784312234302
9290,0.129632922634819
9291,0.112094010239379
9292,0.130371044285431
9293,0.123352680761198
9294,0.0872553091413148
9295,0.112253082786563
9296,0.116705738127734
9297,0.124621774039056
9298,0.124479773459279
9299,0.115669169226299
9300,0.0971015606803862
9301,0.105855993221682
9302,0.102752841490789
9303,0.105143596604429
9304,0.117190025309232
9305,0.124739280506271
9306,0.120574159908046
9307,0.12479368501802
9308,0.122658959989304
9309,0.12809245915102
9310,0.114491326967122
9311,0.12306892797972
9312,0.116232216531065
9313,0.13250454577683
9314,0.113100989655082
9315,0.138868798336755
9316,0.1227400386726
9317,0.105226300641232
9318,0.103800399223885
9319,0.112704221337176
9320,0.120383115392563
9321,0.12754629973292
9322,0.120296935213162
9323,0.111538084556286
9324,0.149865425893223
9325,0.128486835204204
9326,0.121391643921243
9327,0.121096534366843
9328,0.140208715453219
9329,0.120315778161627
9330,0.135679066862253
9331,0.094654762874917
9332,0.101291079261759
9333,0.140551162011433
9334,0.0984220987655348
9335,0.102328346221464
9336,0.108231659890888
9337,0.132120099815138
9338,0.0980060957239748
9339,0.104561227025232
9340,0.090824962408728
9341,0.104266736087268
9342,0.105447329778037
9343,0.122259003542496
9344,0.129753356999612
9345,0.119140440386335
9346,0.102728953391535
9347,0.0946549216649684
9348,0.103495553522689
9349,0.0851764532270925
9350,0.10153383682444
9351,0.123147743822619
9352,0.102829665921096
9353,0.101933257003327
9354,0.106993429756226
9355,0.122664700855187
9356,0.133592987681135
9357,0.095368424368147
9358,0.144988733910003
9359,0.106762327927302
9360,0.0845469155664388
9361,0.114861881546957
9362,0.103320715874281
9363,0.145304056748739
9364,0.118501861788203
9365,0.110274475036892
9366,0.133355405284114
9367,0.102620675519964
9368,0.0978573535927622
9369,0.130336777777244
9370,0.124255346265089
9371,0.121312048356398
9372,0.0961375196892324
9373,0.116392868564063
9374,0.112682885571362
9375,0.146423801378627
9376,0.121074465798609
9377,0.106336080104207
9378,0.114203177812863
9379,0.102736720747811
9380,0.132381811750112
9381,0.150960981555005
9382,0.113029016851684
9383,0.125957445540343
9384,0.117388404246024
9385,0.119155522582841
9386,0.126785602397536
9387,0.102329916452442
9388,0.119258413498841
9389,0.129652780443642
9390,0.0948064846265803
9391,0.103632958834021
9392,0.121150420866164
9393,0.130829617491323
9394,0.120246151630863
9395,0.126690051821892
9396,0.0981410945753469
9397,0.117789224664837
9398,0.12952177212402
9399,0.106163516781534
9400,0.123950921493703
9401,0.113251378346577
9402,0.114412658074874
9403,0.109130547377348
9404,0.120916859353093
9405,0.112405173854676
9406,0.126319127412162
9407,0.130027420985685
9408,0.118522664906762
9409,0.116712927244672
9410,0.123955064249632
9411,0.108040308691366
9412,0.0959445694549157
9413,0.103883161853657
9414,0.119131649531392
9415,0.10556916414612
9416,0.093357831272324
9417,0.129634940003054
9418,0.125521984434011
9419,0.133332608435396
9420,0.130686499081392
9421,0.11776292453707
9422,0.0998556413962766
9423,0.0997898658063057
9424,0.142728898949945
9425,0.109739658045202
9426,0.0990542657849419
9427,0.144529421446632
9428,0.0701498821296867
9429,0.116218620376644
9430,0.115802431590449
9431,0.127534831928573
9432,0.115715024896713
9433,0.132746669336861
9434,0.107074161570905
9435,0.111122559417758
9436,0.127307562324994
9437,0.0967690294740646
9438,0.117077996335995
9439,0.121533941906369
9440,0.129467814500552
9441,0.120046670838136
9442,0.123503703591652
9443,0.122653772396528
9444,0.101010540916236
9445,0.136649203543179
9446,0.141957012723865
9447,0.119451072606407
9448,0.131913238842701
9449,0.095122821979029
9450,0.117947570842127
9451,0.139451026081128
9452,0.123282309485418
9453,0.116196718487754
9454,0.133196685082783
9455,0.132397962419817
9456,0.0947830168682467
9457,0.126669357517672
9458,0.114648351699561
9459,0.139909394383695
9460,0.109449677729087
9461,0.132733319175182
9462,0.121496779665866
9463,0.103086031338445
9464,0.1322682420209
9465,0.109989875015457
9466,0.116543097979303
9467,0.133615999892428
9468,0.106630381069822
9469,0.115791528172264
9470,0.0750249066756949
9471,0.131087416730275
9472,0.112004472848289
9473,0.116671704487041
9474,0.119011085467785
9475,0.137886230816556
9476,0.141503308361349
9477,0.116264813368098
9478,0.120820468463751
9479,0.137572282601621
9480,0.115660564141758
9481,0.140983138640004
9482,0.102554542989967
9483,0.132841927017927
9484,0.129267570136543
9485,0.107030953245372
9486,0.121262263218378
9487,0.111611371876401
9488,0.108831744336889
9489,0.10468650766034
9490,0.103893909267989
9491,0.114800067136568
9492,0.139645751389711
9493,0.129159170060236
9494,0.134275655021405
9495,0.12606954403199
9496,0.1252150455604
9497,0.144299014004476
9498,0.112418189557557
9499,0.116432226469252
9500,0.106757177493971
9501,0.124885470946911
9502,0.114191907148029
9503,0.129524627480343
9504,0.107781169935828
9505,0.120816382658486
9506,0.118915331354628
9507,0.106634696124765
9508,0.127932019440288
9509,0.117016129906959
9510,0.119136474284545
9511,0.136155732441807
9512,0.116575033770841
9513,0.108999215595638
9514,0.127525405081508
9515,0.0959646997772421
9516,0.13316815689747
9517,0.094537223968846
9518,0.119235274037407
9519,0.0966336904140603
9520,0.114613423031152
9521,0.151367364163216
9522,0.114933879524763
9523,0.1321826099451
9524,0.114579631608689
9525,0.135316191031153
9526,0.146963343303492
9527,0.110690945858984
9528,0.1367121878716
9529,0.120771037518562
9530,0.138466716050579
9531,0.134503556676391
9532,0.108704422051979
9533,0.108490686687257
9534,0.093535375264168
9535,0.115229985607448
9536,0.118186035630147
9537,0.115725265923847
9538,0.119572018968077
9539,0.109040382302895
9540,0.138208896425305
9541,0.11842703382505
9542,0.133357819594647
9543,0.121531030499331
9544,0.101351989143312
9545,0.121468979667139
9546,0.135175977912745
9547,0.105915784169355
9548,0.116893058453303
9549,0.120413182145187
9550,0.123719874983542
9551,0.112860189752197
9552,0.103973771078911
9553,0.138389378234834
9554,0.120128080035981
9555,0.121523200376448
9556,0.119468677587767
9557,0.132763797678574
9558,0.125955705286017
9559,0.138139197432153
9560,0.105160199157517
9561,0.129902699862708
9562,0.115742803996642
9563,0.115488216971936
9564,0.0906274995564746
9565,0.155508536080904
9566,0.113408670809988
9567,0.136593774858545
9568,0.126051425414441
9569,0.104533937017619
9570,0.105870304239152
9571,0.119436706710242
9572,0.126928301989182
9573,0.110468860717997
9574,0.124246982701186
9575,0.121920074419573
9576,0.116141203863493
9577,0.147330029601409
9578,0.113558743743725
9579,0.118168890410818
9580,0.115884909884673
9581,0.11711900718872
9582,0.103745592267998
9583,0.114025382844143
9584,0.121625265139104
9585,0.118516864572807
9586,0.129807318500352
9587,0.113557969901561
9588,0.120578215507574
9589,0.142923316515761
9590,0.126726880482565
9591,0.101334114692217
9592,0.131899107396262
9593,0.124993261868451
9594,0.135499587151558
9595,0.135397980065911
9596,0.109852931158738
9597,0.126918221403826
9598,0.117640583666214
9599,0.130806909573911
9600,0.114214909826724
9601,0.135125481022903
9602,0.134339076821596
9603,0.112166706551487
9604,0.105188031995686
9605,0.105445048161788
9606,0.136865610913108
9607,0.100705730575729
9608,0.103632908890821
9609,0.0958570001164495
9610,0.139121316139748
9611,0.104784856191024
9612,0.125976578717483
9613,0.0988674790775051
9614,0.115898781178957
9615,0.106275618166935
9616,0.116774920186859
9617,0.120890862405524
9618,0.127440732859463
9619,0.0991774898553804
9620,0.111619628548522
9621,0.117178044865754
9622,0.106038962432713
9623,0.117740331520631
9624,0.125526009242096
9625,0.118541381625178
9626,0.122897919765765
9627,0.117535213128008
9628,0.11457632276803
9629,0.127537721529479
9630,0.121841499969037
9631,0.129198725687753
9632,0.134868047499928
9633,0.134412416523481
9634,0.11642390682877
9635,0.14079198410795
9636,0.141653358275271
9637,0.1148842415035
9638,0.113885014826022
9639,0.113799596608943
9640,0.116701958389994
9641,0.115731008256177
9642,0.145213171113239
9643,0.125137022604777
9644,0.110216962636097
9645,0.127968725622179
9646,0.129556292138474
9647,0.115665824770628
9648,0.123671603483606
9649,0.117111179094912
9650,0.121178686712393
9651,0.0830138482599296
9652,0.12314110806108
9653,0.113906840080259
9654,0.136218585347105
9655,0.104897379154136
9656,0.122496969327669
9657,0.114106408904909
9658,0.121049946790649
9659,0.120424246786786
9660,0.10217204234014
9661,0.123834044250453
9662,0.110751826040639
9663,0.140189578795377
9664,0.101262085965534
9665,0.113997814700852
9666,0.105771327546202
9667,0.128097244420264
9668,0.131645377688237
9669,0.120497805067625
9670,0.119704707485583
9671,0.129823947632245
9672,0.117654145901574
9673,0.118210913017954
9674,0.11449336531606
9675,0.123785783675741
9676,0.104730231711231
9677,0.0961870604920834
9678,0.128587710968146
9679,0.0841047314930336
9680,0.140601464883592
9681,0.133640147608142
9682,0.124103446379091
9683,0.108697986607433
9684,0.127354983546453
9685,0.113424051355522
9686,0.115336280572364
9687,0.10931480651955
9688,0.123627882933609
9689,0.12029612163322
9690,0.125714885992012
9691,0.103998723778397
9692,0.128238662577061
9693,0.105464580948435
9694,0.0899947060759082
9695,0.126849215789355
9696,0.124713851008256
9697,0.109723384119143
9698,0.125739856884564
9699,0.104475946361271
9700,0.143319613416633
9701,0.124916156746919
9702,0.0983027881541568
9703,0.104921268850376
9704,0.119732871545307
9705,0.112869191100734
9706,0.101922023661831
9707,0.110728863138271
9708,0.110041818234948
9709,0.120135186616727
9710,0.118074515429126
9711,0.137771166830704
9712,0.111033188354901
9713,0.122514134404178
9714,0.129615875087128
9715,0.138516634574468
9716,0.106439112841548
9717,0.110680603873869
9718,0.110929635172961
9719,0.122261846470687
9720,0.131656335059219
9721,0.107299524938515
9722,0.107285675582242
9723,0.12240852216908
9724,0.13253990664926
9725,0.132453707713848
9726,0.112579825229691
9727,0.114227827183259
9728,0.129446750955312
9729,0.119687236359142
9730,0.115772979863637
9731,0.114289723996834
9732,0.103123053701864
9733,0.129377293376197
9734,0.108172044485759
9735,0.109318719831209
9736,0.09925625543537
9737,0.139416098548019
9738,0.124534751901407
9739,0.126226920108867
9740,0.114528618300142
9741,0.110772240468821
9742,0.100928214534142
9743,0.112684398708237
9744,0.101092113148983
9745,0.111885005590074
9746,0.104878083023636
9747,0.105207065454328
9748,0.101895127627048
9749,0.120081122469194
9750,0.143236960888869
9751,0.118216521042091
9752,0.10219549628345
9753,0.117430278283703
9754,0.0972473278684607
9755,0.10328655393928
9756,0.0932623810964044
9757,0.117489814296537
9758,0.145472743697969
9759,0.10917169751801
9760,0.144564552845019
9761,0.109234274491579
9762,0.0984796139879084
9763,0.11850742294856
9764,0.107028403279236
9765,0.12459888393167
9766,0.108896641983256
9767,0.116350639404293
9768,0.11329182008873
9769,0.110811829679297
9770,0.130831450209988
9771,0.123712540545775
9772,0.087932527388406
9773,0.125268108519153
9774,0.1488607678948
9775,0.107711199564646
9776,0.125753673605944
9777,0.100159867671423
9778,0.139215941857423
9779,0.113747895090926
9780,0.135160295716747
9781,0.136403526651313
9782,0.145334004999514
9783,0.126168102653808
9784,0.119301965696338
9785,0.0919569356291907
9786,0.130255279937738
9787,0.0963044475339447
9788,0.11377268089312
9789,0.129266663626404
9790,0.127348188987878
9791,0.124240695660384
9792,0.0935718267351597
9793,0.10438222216038
9794,0.124016315789594
9795,0.0994132153237373
9796,0.120050017109065
9797,0.102943511450286
9798,0.132185279139468
9799,0.122610266563414
9800,0.0994329176036741
9801,0.111709987408717
9802,0.137870008747497
9803,0.124052047865613
9804,0.10908676744115
9805,0.150864729152582
9806,0.121148413723784
9807,0.117710427491175
9808,0.127362391871982
9809,0.102595919182757
9810,0.123790026056283
9811,0.11455144699162
9812,0.100048731820054
9813,0.13212080830826
9814,0.123682024222313
9815,0.123524711386495
9816,0.10594510301681
9817,0.11984130107347
9818,0.130931696286834
9819,0.12457765946845
9820,0.115640384718777
9821,0.108980418969349
9822,0.102345607041764
9823,0.126881752915026
9824,0.112462868038575
9825,0.107377696162798
9826,0.105603899290531
9827,0.122387109069378
9828,0.103162386141908
9829,0.104602088764355
9830,0.106366898806051
9831,0.128191992489729
9832,0.103762640576002
9833,0.119335246888547
9834,0.11187869694002
9835,0.113858059437382
9836,0.117707974995375
9837,0.118125134593743
9838,0.140041445291144
9839,0.114366963613871
9840,0.131899927062768
9841,0.110263987522001
9842,0.109196562698846
9843,0.105541715339891
9844,0.127508226367782
9845,0.117621527693582
9846,0.135894917565642
9847,0.109170478441701
9848,0.117129700096981
9849,0.100606436127279
9850,0.111561240974648
9851,0.14841622493649
9852,0.125850417620677
9853,0.12771971544439
9854,0.108443819762323
9855,0.132378701581226
9856,0.112775746714468
9857,0.104069857888738
9858,0.0925994193195577
9859,0.123842463097298
9860,0.10404733647659
9861,0.127875024363033
9862,0.0946417361782821
9863,0.134410522482773
9864,0.120804947338795
9865,0.117056462357863
9866,0.115566707173422
9867,0.0894323668808276
9868,0.125756194621226
9869,0.101713773102065
9870,0.128599762761195
9871,0.1362285985016
9872,0.0989777192403341
9873,0.112265025396103
9874,0.119422372633216
9875,0.119957216440457
9876,0.102299170510713
9877,0.13245138628964
9878,0.110641993904322
9879,0.14566696734362
9880,0.128890461213064
9881,0.143457270245368
9882,0.116003204630683
9883,0.0939601145707033
9884,0.148694102936447
9885,0.110072219166813
9886,0.113064789467506
9887,0.117134926330253
9888,0.118464869882024
9889,0.0930848214341742
9890,0.112301245453457
9891,0.101104198483487
9892,0.130782349924872
9893,0.0981976187422472
9894,0.117477808684439
9895,0.124343449058562
9896,0.139369611259493
9897,0.116676657540901
9898,0.0999422989821589
9899,0.111446312491213
9900,0.14485059627556
9901,0.135125948808772
9902,0.105703797103467
9903,0.124732667883399
9904,0.104409866200258
9905,0.125129221052388
9906,0.0982287441040888
9907,0.107774199246529
9908,0.127424734452906
9909,0.125619084328996
9910,0.101335831354656
9911,0.121375287086232
9912,0.119042666652593
9913,0.114122493178391
9914,0.101065679712342
9915,0.136591779593263
9916,0.0878449893560611
9917,0.100494363022957
9918,0.124336333970139
9919,0.138841644395401
9920,0.129086921896049
9921,0.108639108939787
9922,0.142275415653235
9923,0.122952703319686
9924,0.116719422599639
9925,0.13248654045878
9926,0.145185982304846
9927,0.107724022674569
9928,0.1033103520064
9929,0.111823311720185
9930,0.112393147558377
9931,0.120982204638108
9932,0.127748748977873
9933,0.132115056840664
9934,0.114091884704427
9935,0.112698739067242
9936,0.109039321757574
9937,0.12572059710718
9938,0.126853947275341
9939,0.135268907767097
9940,0.129362637599332
9941,0.113399210767999
9942,0.115874461431132
9943,0.145716879774191
9944,0.135668230532473
9945,0.137150757148361
9946,0.153292438246731
9947,0.114642575586046
9948,0.129376031404531
9949,0.100980938530698
9950,0.120043062822225
9951,0.100850410850397
9952,0.0887323761781269
9953,0.0966105520892575
9954,0.12130923985792
9955,0.100728383470117
9956,0.10953261390548
9957,0.126083420639941
9958,0.137799263725783
9959,0.125296481441743
9960,0.130049711578366
9961,0.148844566316405
9962,0.120817276719968
9963,0.120223614075369
9964,0.120646583869329
9965,0.132762059866952
9966,0.134691996318397
9967,0.12161113201245
9968,0.13306888468129
9969,0.124305577036722
9970,0.119147703955875
9971,0.140407403824242
9972,0.0986351879497718
9973,0.13147274216834
9974,0.124415809396008
9975,0.154292628771364
9976,0.125513183398796
9977,0.130205648691489
9978,0.120614293976769
9979,0.145994779400179
9980,0.121505540598148
9981,0.109469310395227
9982,0.131818618295539
9983,0.114317273077183
9984,0.117298172546847
9985,0.106998957295261
9986,0.116369123988206
9987,0.121983366815237
9988,0.115091862785233
9989,0.120631898019236
9990,0.134041523765801
9991,0.116092074896256
9992,0.136505182506843
9993,0.107637989710713
9994,0.129283089414475
9995,0.132836679121624
9996,0.136217894077378
9997,0.134197792291261
9998,0.109855853971102
9999,0.115256472769357
10000,0.140846372576919
